variante,canonico,codigo,classe,origem,confianca_mapeamento,risco_palavra_comum,ocorrencias,status,confianca,arquivo,evidencia
Tem,Zeus,RC-145,stt,prosa,baixa,sim,124,verificado,alta,RC-145-zeus.md,"ocê mesmo"" (paráfrase U0030; ver Disforia de gênio — BLOCO 2); Têmis (STT «Tem»/«Tênis») tentando ensinar Zeus a compre"
Tem,Têmis,RC-145,stt_contextual,parentetico,alta,sim,124,verificado,alta,RC-145-zeus.md,0030; ver Disforia de gênio — BLOCO 2); Têmis (STT «Tem»/«Tênis») tentando e
humano,Seres Terrenos,RC-099,variacao,etimologia,conceitual,sim,58,verificado,alta,RC-099-seres-terrenos.md,"- Grafia preferida: Seres Terrenos - Variações: Homo sapiens; humano; humanidade terrestre - Uso na Base: 1.6 Figuras humanas (espécie, não indivíduo)"
Tudo,Sociedade Thule,RC-848,stt,prosa,baixa,sim,38,verificado,média,RC-848-sociedade-thule.md, # Sociedade Thule — RC-848 ## Definição Sintética Sociedade Thule (STT 'sociedade Turno/Tudo'): a influência esotérica de Rudolf von 
Tudo,Definição Sintética,RC-848,stt_contextual,parentetico,alta,sim,38,verificado,média,RC-848-sociedade-thule.md,"-31"" +++ # Sociedade Thule — RC-848 ## Definição Sintética Sociedade Thule (STT 'sociedade Turno/Tudo'): a influência esot"
Tudo,Sociedade Thule,RC-848,stt_contextual,parentetico,alta,sim,38,verificado,média,RC-848-sociedade-thule.md,endo as coisas que o Mal tinha dito.» — Sociedade Thule (STT 'Turno/Tudo'): a influência esot
Javé,Criador,RC-041,variacao,etimologia,conceitual,nao,30,verificado,alta,RC-041-criador-brahma-jave-demiurgo.md,"- **Grafia preferida:** Criador - **Variações:** Brahma; Javé; Deus Bíblico; Demiurgo (Platão); ""Criador caído"""
Javé,Prabrajna,RC-152,variacao,etimologia,conceitual,nao,30,verificado,alta,RC-152-prabrajna.md,"- **Grafia preferida:** Prabrajna - **Variações:** Prajapati (tradição védica); identidade anterior de Brahma/Javé; ""Prabrajna"" também grafado como ""Prabrajná"" - **Origem:** sânscr"
Javé,Kether,RC-261,variacao,etimologia,conceitual,nao,30,verificado,alta,RC-261-kether-jave-na-cabala.md,- **Grafia preferida:** Kether - **Variações:** Kether/Javé; a Coroa (primeira sefirá); identificado a Javé e Brahma - **Idioma de origem:** hebraico (כתר = coroa)
Javé,Caos = Brahma = Javé,RC-284,variacao,etimologia,referencia_oral,nao,30,em análise,baixa,RC-284-caos-brahma-jave-correspondencia.md,"- **Grafia preferida:** Caos = Brahma = Javé - **Variações:** Caos/Brahma/Javé; Caos (Javé); Caos = Brahma = Javé (cadeia completa com Jeová, Alá, Pangu, Atom) - **Idioma de origem"
Javé,Adhyshprabrajna,RC-310,variacao,etimologia,conceitual,nao,30,verificado,alta,RC-310-adhyshprabrajna-adhy-que-caiu.md,- **Grafia preferida:** Adhyshprabrajna - **Variações:** Adhy-Prabrajna; Prabrajna (forma curta); identidade anterior de Brahma/Javé/Alá - **Origem:** sânscrito/composto RC (Adhy +
espírito,Mônada,RC-149,variacao,etimologia,conceitual,sim,12,verificado,alta,RC-149-monada-monada-espiritual.md,- **Grafia preferida:** Mônada - **Variações:** mônada espiritual; alma; espírito; consciência espiritual particularizada; protoconsciência particularizada - **Origem:** do grego *
Brama,Brahma,RC-037,nunca,quarentena,alta,nao,8,verificado,média,RC-826-rebeliao-dos-eletrons.md,"- **Brahma** (RC-037) — NUNCA ""Brama"""
caos,Javé como Caos Personificado,RC-782,stt,etimologia,alta,nao,6,verificado,média,RC-782-jave-como-caos-personificado.md,"- **Grafia preferida:** Javé como Caos Personificado - **Variações STT capturadas:** ""caos"", ""Javé é o caos"", ""caos personificado"" - **Idioma de origem:** Grego antigo (Χάος ""chaos"
Jahé,Obatalá (correspondência de Javé em Ifá),RC-666,stt,prosa,referencia_oral,nao,6,em análise,baixa,RC-666-obatala-correspondencia-de-jave-em-ifa.md,"25):** ""Jafé ou Obatalá pediu a Orumilá para criar revelação de Ifá"" (STT ""Jafé/Jahé"") — renovação do Ifá como contramedida à"
Caos,Brahma,RC-037,variacao,etimologia,conceitual,nao,6,verificado,alta,RC-037-brahma-brajna.md,"- **Grafia preferida:** Brahma - **Variações:** Brajna (condição Adhyatman, antes da queda); identificado a Javé, Caos, Pan Ku, Alá, Atom"
Caos,Caos = Brahma = Javé,RC-284,variacao,etimologia,referencia_oral,nao,6,em análise,baixa,RC-284-caos-brahma-jave-correspondencia.md,"- **Grafia preferida:** Caos = Brahma = Javé - **Variações:** Caos/Brahma/Javé; Caos (Javé); Caos = Brahma = Javé (cadeia completa com Jeová, Alá, Pangu, Atom) - **Idioma de origem"
o Grande,Budismo como Exceção (Sem Deus),RC-803,corruptela,prosa,referencia_oral,nao,5,verificado,média,RC-803-budismo-como-excecao.md," figuras como Buda, bodhisattvas, etc.). - O ""Grande Galan"" provavelmente é STT corruptela de ""Gautama, o Grande"" — verificar. - [REVISAR → CHA"
deve,Deva / Aurora. Epíteto,RC-475,stt,etimologia,alta,sim,5,verificado,média,RC-475-deva-aurora-a-grande-deusa.md,STT: deve.
Eva,Sequência Formativa da Racionalidade Humana,RC-785,stt,etimologia,referencia_oral,nao,5,em análise,baixa,RC-785-sequencia-formativa-da-racionalidade-humana.md,"- **Grafia preferida:** Sequência Formativa da Racionalidade Humana - **Variações STT capturadas:** ""Pandora, Lilif, Irra, Eva, Noreia"", ""cadeia de mulheres que produziram a racion"
Eva,Eva como 3ª Tentativa de Fêmea para Adão (Homem + Mulher da Espécie Sá,RC-814,stt,etimologia,referencia_oral,nao,5,verificado,alta,RC-814-eva-como-terceira-tentativa.md,"- **Grafia preferida:** Eva como 3ª Tentativa de Fêmea para Adão (Homem + Mulher da Espécie Sábia) - **Variações STT capturadas:** ""Eva"", ""alternativa homo"", ""homem com mulher da e"
choque,Choque de Realidade,RC-898,variacao,etimologia,conceitual,nao,5,verificado,média,RC-898-choque-de-realidade.md,- **Grafia preferida:** Choque de Realidade - **Variações:** choque; explosão; despertar forçado - **Idioma de origem:** Português
Eva,Sequência Formativa da Racionalidade Humana,RC-785,variacao,etimologia,referencia_oral,nao,5,em análise,baixa,RC-785-sequencia-formativa-da-racionalidade-humana.md,"- **Grafia preferida:** Sequência Formativa da Racionalidade Humana - **Variações STT capturadas:** ""Pandora, Lilif, Irra, Eva, Noreia"", ""cadeia de mulheres que produziram a racion"
universo vizinho,Criação Bipartida,RC-312,variacao,etimologia,conceitual,nao,5,em análise,baixa,RC-312-criacao-bipartida.md,"- **Grafia preferida:** Criação Bipartida - **Variações capturadas:** ""dois universos paralelos"", ""dois universos interpostos"", ""universo vizinho/gêmeo"" - **Idioma de origem:** Por"
século,A Falsa Trindade,RC-273,stt,prosa,baixa,sim,4,verificado,alta,RC-273-a-falsa-trindade-concilio-de-niceia.md,rão de Niceia 325 (o que seria verdade definido pelo Império Romano); STT «século» (sem número — o STT trai); RC-273 relig
Paraíso,Realidade Maior / Paraíso Original,RC-204,variacao,etimologia,referencia_oral,sim,4,em análise,baixa,RC-204-realidade-maior-paraiso-original.md,"- **Grafia preferida:** Realidade Maior / Paraíso Original. - **Variações:** nível paradisíaco; Paraíso; matriz original. - **Termo externo local:** Ilha Estacionária do Paraíso, d"
Alá,Brahma,RC-037,variacao,etimologia,conceitual,nao,3,verificado,alta,RC-037-brahma-brajna.md,"- **Grafia preferida:** Brahma - **Variações:** Brajna (condição Adhyatman, antes da queda); identificado a Javé, Caos, Pan Ku, Alá, Atom"
Alá,Caos = Brahma = Javé,RC-284,variacao,etimologia,referencia_oral,nao,3,em análise,baixa,RC-284-caos-brahma-jave-correspondencia.md,"- **Grafia preferida:** Caos = Brahma = Javé - **Variações:** Caos/Brahma/Javé; Caos (Javé); Caos = Brahma = Javé (cadeia completa com Jeová, Alá, Pangu, Atom) - **Idioma de origem"
Alá,Adhyshprabrajna,RC-310,variacao,etimologia,conceitual,nao,3,verificado,alta,RC-310-adhyshprabrajna-adhy-que-caiu.md,- **Grafia preferida:** Adhyshprabrajna - **Variações:** Adhy-Prabrajna; Prabrajna (forma curta); identidade anterior de Brahma/Javé/Alá - **Origem:** sânscrito/composto RC (Adhy +
honra,Timé,RC-293,variacao,etimologia,conceitual,sim,3,verificado,alta,RC-293-time-de-um-deus.md,"- **Grafia preferida:** Timé - **Variações:** timi; honra/domínio de um deus; equivalente sânscrito: varna - **Idioma de origem:** grego (τιμή = honra, valor, prerrogativa)"
próximo,Bondade Humana,RC-895,variacao,etimologia,conceitual,nao,3,verificado,média,RC-895-bondade-humana.md,- **Grafia preferida:** Bondade Humana - **Variações:** coração bondoso; fazer o bem; próximo - **Idioma de origem:** Português
série,Arquivos Mentais,RC-548,variacao,etimologia,conceitual,sim,3,verificado,alta,RC-548-arquivos-mentais-colecao-de-conceitos-no-psiquismo.md,"- **Grafia preferida:** Arquivos Mentais - **Variações:** ""arquivo mental"" (singular); ""Arquivos Mentais"" (título do capítulo/série) - **Obs.:** conceito central da série Mentalma;"
Sofia,Sophia,RC-009,nunca,quarentena,alta,nao,2,verificado,média,RC-826-rebeliao-dos-eletrons.md,"- **Sophia** (RC-009) — NUNCA ""Sofia"""
alimentos,Alimentação por Perfume dos Humanos (Demos se Alimentam de DNA),RC-820,stt,etimologia,referencia_oral,nao,2,verificado,média,RC-820-alimentacao-por-perfume-dos-humanos.md,"- **Grafia preferida:** Alimentação por Perfume dos Humanos (Demos se Alimentam de DNA) - **Variações STT capturadas:** ""perfume"", ""sequências genéticas"", ""elementos sutis"", ""alime"
Cristo,Krishna (avatar de Vishnu/Shiva),RC-414,stt,prosa,baixa,nao,2,verificado,alta,RC-414-krishna-avatar-de-vishnu-shiva.md,"erra"". ### P2021-01-23 - **[P2021-01-23 — FONTE ORIGINAL] Krishna (STT 'Cristo/Cristva') (U0750–U1050):** ""os seres que viviam "
Rainha,Ragnarok em Marte,RC-395,stt,prosa,baixa,nao,2,verificado,alta,RC-395-ragnarok-em-marte.md,elacionado a uma ancoragem antiga em Marte e à Bifrost; a correção do STT “Rainha” para Ragnarok foi validada pelo curador
Saibá,Saibaba como Precursor de Jesus,RC-801,stt,etimologia,referencia_oral,nao,2,em análise,baixa,RC-801-saibaba-como-precursor-de-jesus.md,"- **Grafia preferida:** Saibaba como Precursor de Jesus - **Variações STT capturadas:** ""Caibá"", ""Caibá"", ""Saibaba"", ""Saibá"", ""saibá"", ""prima sai"" (STT fonética) - **Linhagem encar"
Sofia,Sophia,RC-009,stt,prosa,baixa,nao,2,verificado,alta,RC-009-sophia-cristo-cosmico.md," que foi criado para cá para representar esses seres aqui.» — Sophia (STT ""Sofia/Rockman"") como o suzerano criado para representa"
Cristo,Krishna,RC-414,stt_contextual,parentetico,alta,nao,2,verificado,alta,RC-414-krishna-avatar-de-vishnu-shiva.md,"-23 - **[P2021-01-23 — FONTE ORIGINAL] Krishna (STT 'Cristo/Cristva') (U0750–U1050):** """
Sofia,Sophia,RC-009,stt_contextual,parentetico,alta,nao,2,verificado,alta,RC-009-sophia-cristo-cosmico.md,"á para representar esses seres aqui.» — Sophia (STT ""Sofia/Rockman"") como o suzerano cr"
alimentos,Alimentação por Perfume dos Humanos (Demos se Alimentam de DNA),RC-820,variacao,etimologia,referencia_oral,nao,2,verificado,média,RC-820-alimentacao-por-perfume-dos-humanos.md,"- **Grafia preferida:** Alimentação por Perfume dos Humanos (Demos se Alimentam de DNA) - **Variações STT capturadas:** ""perfume"", ""sequências genéticas"", ""elementos sutis"", ""alime"
alma,Mônada,RC-149,variacao,etimologia,conceitual,nao,2,verificado,alta,RC-149-monada-monada-espiritual.md,- **Grafia preferida:** Mônada - **Variações:** mônada espiritual; alma; espírito; consciência espiritual particularizada; protoconsciência particularizada - **Origem:** do grego *
Criador,Javé,RC-001,variacao,etimologia,conceitual,nao,2,verificado,alta,RC-001-jave.md,- **Grafia preferida:** Javé - **Variações:** Senhor Javé; Jeová; Yahweh; YHWH; Deus Bíblico; Brahma (no sistema RC); Criador - **Idioma de origem:** Hebraico (tetragrama YHWH)
Saibá,Saibaba como Precursor de Jesus,RC-801,variacao,etimologia,referencia_oral,nao,2,em análise,baixa,RC-801-saibaba-como-precursor-de-jesus.md,"- **Grafia preferida:** Saibaba como Precursor de Jesus - **Variações STT capturadas:** ""Caibá"", ""Caibá"", ""Saibaba"", ""Saibá"", ""saibá"", ""prima sai"" (STT fonética) - **Linhagem encar"
Sofia,Sophia,RC-009,variacao,etimologia,conceitual,nao,2,verificado,alta,RC-009-sophia-cristo-cosmico.md,"- **Grafia preferida:** Sophia - **Variações:** Cristo Cósmico; Suserano Cósmico; ""Jesus em seu corpo glorioso""; Sofia; **Hochmah** (epíteto hebraico = Sabedoria, ver RC-565; grafi"
Val Ellam,Val El / Val Ellam,RC-120,variacao,etimologia,referencia_oral,nao,2,provisório,média,RC-120-val-el.md,- Grafia preferida: Val El / Val Ellam - Variações: Val El; Val Ellam - Família: Val (RC-109) · Autor: Jan Val Ellam (RC-071)
Lúcifer,Yel Luzbel Como Aventureiro Isolado (2.000 Anos),RC-830,corruptela,prosa,referencia_oral,nao,1,verificado,média,RC-830-yel-luzbel-como-aventureiro-isolado.md," - **Variações STT capturadas:** ""Yel Luzbel"", ""Yel Luzbel"", ""Yusbel"" (pode ser corruptela de ""Lúcifer""?) - **Idioma de origem:** Heb"
arcos,Archeons de Ereon,RC-596,stt,etimologia,alta,nao,1,verificado,média,RC-596-archeons-de-ereon.md,"STT: arquelos, arquieron, arcãos, arcos."
Buda,Budismo como Exceção (Sem Deus),RC-803,stt,etimologia,referencia_oral,nao,1,verificado,média,RC-803-budismo-como-excecao.md,"- **Grafia preferida:** Budismo como Exceção (Sem Deus) - **Variações STT capturadas:** ""budismo"", ""Buda"", ""Gautama"", ""Grande Galan"" (= Buda Gautama) - **Idioma de origem:** Sânscr"
chiva,Shiva (Savna),RC-102,stt,prosa,baixa,nao,1,verificado,alta,RC-102-shiva-savna.md,"manda é chiva, cheia de locas de chive da sua descendência.» — Shiva (STT ""chiva/chive"") comanda uma parte do universo vizinho,"
Chiva,Shiva como Primeiro Demo,RC-810,stt,etimologia,alta,nao,1,verificado,média,RC-810-shiva-como-primeiro-demo.md,"- **Grafia preferida:** Shiva como Primeiro Demo - **Variações STT capturadas:** ""Chiva"", ""Chimo"", ""Chiv"", ""Shiva"", ""Chiva o primeiro demo"" - **Idioma de origem:** Sânscrito (शिव """
chiva,"Fórmulas Mentais (o código dos demos, contraposto ao DNA humano)",RC-870,stt,prosa,referencia_oral,nao,1,em análise,baixa,RC-870-formulas-mentais-o-codigo-dos-demos-contraposto-ao-dna-humano.md,"las mentais numa linhagem humana para enfrentar os avatares de Shiva (STT ""chiva"") — grafias STT sem emenda. ### P2021-0"
Domina,Apolônio de Tiana,RC-259,stt,prosa,baixa,sim,1,verificado,alta,RC-259-apolonio-de-tiana-encarnacao-do-quarto-logos.md,"""quando SEPTÍMIO SEVERO [STT 'Severo Máximo'], ESPOSO DE JÚLIA DOMNA [STT 'Domina'], se tornou imperador, JÚLIA DOMNA, QUE"
especiação,Especiação a partir do DNA Humano,RC-778,stt,etimologia,referencia_oral,nao,1,verificado,média,RC-778-especiacao-a-partir-do-dna-humano.md,"- **Grafia preferida:** Especiação a partir do DNA Humano - **Variações STT capturadas:** ""especiação"", ""especiação do DNA"", ""especiação humana cósmica"" (sinônimos contextuais) - *"
fogo,Fogo que se Apaga (Fogo de Prometeu Hoje),RC-792,stt,etimologia,referencia_oral,nao,1,verificado,média,RC-792-fogo-que-se-apaga.md,"- **Grafia preferida:** Fogo que se Apaga (Fogo de Prometeu Hoje) - **Variações STT capturadas:** ""fogo"", ""fogo que não se observa mais"", ""fogo que se apagou"", ""acender o fogo"" - *"
infantilizadas,Versão Oficial como Construção dos Seguidores,RC-804,stt,etimologia,referencia_oral,nao,1,verificado,média,RC-804-versao-oficial-como-construcao-dos-seguidores.md,"- **Grafia preferida:** Versão Oficial como Construção dos Seguidores - **Variações STT capturadas:** ""versão oficial"", ""crenças baratas, infantilizadas, pouco refletidas"" - **Idio"
morre,Morlens,RC-772,stt,prosa,baixa,nao,1,verificado,média,RC-772-morlens-programador-genetico-atomico-do-projeto-talm.md,"oblema e nos diga: E foi criado aquele ser chamado morre.» — Morlens (STT 'morre/morrensor', RC-772): o ser criado sem lacre de con"
Nick,Nyx,RC-621,stt,etimologia,alta,nao,1,verificado,média,RC-621-nyx.md,STT: NX; Nick.
Reis,Eros = Vishnu / Tártaro = Shiva (correspondências),RC-286,stt,prosa,referencia_oral,sim,1,em análise,baixa,RC-286-tartaro-eros-vishnu-tartaro-shiva.md,"do neste termo — dinâmicas de aprisionamento mental. Conteúdo: Hades (STT ""Ades/Reides/Reid/Reis"") = arconte dono do Tártaro, um dos irmã"
Reis,Soca/Reis/Rit como Receptor Universal,RC-821,stt,etimologia,alta,sim,1,verificado,média,RC-821-soca-receptor-universal-trimurti.md,"- **Grafia preferida:** Soca/Reis/Rit como Receptor Universal - **Variações STT capturadas:** ""Socar"", ""Soca"", ""Reis"", ""Reid"", ""Rit"", ""Reit"" - **Idioma de origem:** Português (com "
chiva,Shiva,RC-102,stt_contextual,parentetico,alta,nao,1,verificado,alta,RC-102-shiva-savna.md," locas de chive da sua descendência.» — Shiva (STT ""chiva/chive"") comanda uma parte "
morre,Morlens,RC-772,stt_contextual,parentetico,alta,nao,1,verificado,média,RC-772-morlens-programador-genetico-atomico-do-projeto-talm.md,"foi criado aquele ser chamado morre.» — Morlens (STT 'morre/morrensor', RC-772): o ser cri"
Reis,Hades,RC-286,stt_contextual,parentetico,alta,sim,1,em análise,baixa,RC-286-tartaro-eros-vishnu-tartaro-shiva.md,"cas de aprisionamento mental. Conteúdo: Hades (STT ""Ades/Reides/Reid/Reis"") = arconte dono do "
anda,Anda (Hiranyagarbha,RC-037,stt_mapeado,prosa,alta,nao,1,verificado,alta,RC-037-brahma-brajna.md,"surgiram um dia surgiu um ovo chamado anda em sânscrito.» — STT «anda» = Anda (Hiranyagarbha, o ovo dourado); o "
antes da queda,Brahma,RC-037,variacao,etimologia,conceitual,nao,1,verificado,alta,RC-037-brahma-brajna.md,"- **Grafia preferida:** Brahma - **Variações:** Brajna (condição Adhyatman, antes da queda); identificado a Javé, Caos, Pan Ku, Alá, Atom"
Assessores,Hostes de Sophia,RC-453,variacao,etimologia,conceitual,nao,1,verificado,alta,RC-453-hostes-de-sophia.md,"- **Grafia preferida:** Hostes de Sophia - **Variações:** ""as suas Hostes"" (B057/B058); ""Hostes de Comando"" (B058, p. 67); ""Hostes bélicas"" (B058, p. 74); ""Assessores""/""Administrad"
Buda,Budismo como Exceção (Sem Deus),RC-803,variacao,etimologia,referencia_oral,nao,1,verificado,média,RC-803-budismo-como-excecao.md,"- **Grafia preferida:** Budismo como Exceção (Sem Deus) - **Variações STT capturadas:** ""budismo"", ""Buda"", ""Gautama"", ""Grande Galan"" (= Buda Gautama) - **Idioma de origem:** Sânscr"
curta,Gestão Psíquica e Memórias Complexas,RC-554,variacao,etimologia,referencia_oral,nao,1,verificado,alta,RC-554-gestao-psiquica-e-memorias-complexas.md,"- **Grafia preferida:** Gestão Psíquica e Memórias Complexas - **Variações:** ""Gestão Psíquica"" (capa/curta); expressões afins: ""limpeza das memórias"", ""gestão da 'bagagem espiritu"
Deus Bíblico,Javé,RC-001,variacao,etimologia,conceitual,nao,1,verificado,alta,RC-001-jave.md,- **Grafia preferida:** Javé - **Variações:** Senhor Javé; Jeová; Yahweh; YHWH; Deus Bíblico; Brahma (no sistema RC); Criador - **Idioma de origem:** Hebraico (tetragrama YHWH)
Deus Bíblico,Criador,RC-041,variacao,etimologia,conceitual,nao,1,verificado,alta,RC-041-criador-brahma-jave-demiurgo.md,"- **Grafia preferida:** Criador - **Variações:** Brahma; Javé; Deus Bíblico; Demiurgo (Platão); ""Criador caído"""
hindus,Castas Trimurtianas,RC-321,variacao,etimologia,conceitual,nao,1,verificado,alta,RC-321-castas-trimurtianas.md,- **Grafia preferida:** Castas Trimurtianas - **Variações:** sistema de castas; castas arianas/hindus; varna (sânscrito); brâmanes/xátrias/vaixás/sudras
infantilizadas,Versão Oficial como Construção dos Seguidores,RC-804,variacao,etimologia,referencia_oral,nao,1,verificado,média,RC-804-versao-oficial-como-construcao-dos-seguidores.md,"- **Grafia preferida:** Versão Oficial como Construção dos Seguidores - **Variações STT capturadas:** ""versão oficial"", ""crenças baratas, infantilizadas, pouco refletidas"" - **Idio"
Jeová,Javé,RC-001,variacao,etimologia,conceitual,nao,1,verificado,alta,RC-001-jave.md,- **Grafia preferida:** Javé - **Variações:** Senhor Javé; Jeová; Yahweh; YHWH; Deus Bíblico; Brahma (no sistema RC); Criador - **Idioma de origem:** Hebraico (tetragrama YHWH)
nosso universo,Universo Material,RC-107,variacao,etimologia,conceitual,nao,1,verificado,alta,RC-107-universo-material-bhuloka.md,- **Grafia preferida:** Universo Material - **Variações:** Bhuloka (sânscrito); nosso universo; universo biológico
"o ""Jogo",Xadrez Cósmico,RC-150,variacao,etimologia,conceitual,nao,1,verificado,alta,RC-150-xadrez-cosmico.md,"- **Grafia preferida:** Xadrez Cósmico - **Variações:** o ""Jogo""; o jogo de samsara (no cap. 15, referência ao renascimento)"
Reis,Soca/Reis/Rit como Receptor Universal,RC-821,variacao,etimologia,conceitual,sim,1,verificado,média,RC-821-soca-receptor-universal-trimurti.md,"- **Grafia preferida:** Soca/Reis/Rit como Receptor Universal - **Variações STT capturadas:** ""Socar"", ""Soca"", ""Reis"", ""Reid"", ""Rit"", ""Reit"" - **Idioma de origem:** Português (com "
Revelações Cósmicas,Revelação Cósmica,RC-094,variacao,etimologia,conceitual,nao,1,verificado,alta,RC-094-revelacao-cosmica-conceito.md,- **Grafia preferida:** Revelação Cósmica - **Variações:** Revelações Cósmicas; RC (sigla usada neste projeto)
Aya,"Aya (canônica, em RC-009 e B031)",RC-834,corruptela,prosa,referencia_oral,nao,0,verificado,alta,RC-834-familia-aya.md,"vado como falado) — ver nota]: a grafia ""Aia"" (que apareceu na P2023-12-17) é **corruptela STT** de ""Aya"" — a grafia canônica em **RC-0"
Aye,"Aye (canônica, em RC-009 e B031)",RC-835,corruptela,prosa,referencia_oral,nao,0,verificado,alta,RC-835-familia-aye.md,"vado como falado) — ver nota]: a grafia ""Aie"" (que apareceu na P2023-12-17) é **corruptela STT** de ""Aye"" — a grafia canônica em **RC-0"
Gautama,Budismo como Exceção (Sem Deus),RC-803,corruptela,prosa,referencia_oral,nao,0,verificado,média,RC-803-budismo-como-excecao.md," figuras como Buda, bodhisattvas, etc.). - O ""Grande Galan"" provavelmente é STT corruptela de ""Gautama, o Grande"" — verificar. - [REVISAR → CHA"
Mahatma,Mahatma Magant como Libertador da Alimentação Demoníaca,RC-822,corruptela,prosa,referencia_oral,nao,0,em análise,baixa,RC-822-mahatma-magant-libertador.md," Magant está à frente desse processo na espiritualidade."" **""Magant""** pode ser corruptela de ""Mahatma"" (o ""Grande Alma"" em sânscrito"
veemente,Vechame Existencial (Sangue de Barata = Amor sem Submissão),RC-823,corruptela,prosa,referencia_oral,nao,0,verificado,média,RC-823-vechame-existencial.md," - **Idioma de origem:** Português (com termo autoral ""vechame"" — provavelmente corruptela de ""veemente"" ou termo próprio) ## Fontes "
Aia,Aya,RC-834,nunca,quarentena,alta,nao,0,verificado,média,RC-826-rebeliao-dos-eletrons.md,"- **Aya** (RC-834) e **Aye** (RC-835) — NUNCA ""Aia/Aie"" (STT corruptela)"
Aie,Aye,RC-835,nunca,quarentena,alta,nao,0,verificado,média,RC-826-rebeliao-dos-eletrons.md,"- **Aya** (RC-834) e **Aye** (RC-835) — NUNCA ""Aia/Aie"" (STT corruptela)"
Luzbel,Yel Luzbel,RC-078,nunca,quarentena,alta,nao,0,verificado,média,RC-826-rebeliao-dos-eletrons.md,"- **Yel Luzbel** (RC-078/RC-142) — NUNCA ""Luzbel"" sozinho, NUNCA ""Yosbel"" (STT corruptela)"
Yosbel,Yel Luzbel,RC-078,nunca,quarentena,alta,nao,0,verificado,média,RC-826-rebeliao-dos-eletrons.md,"- **Yel Luzbel** (RC-078/RC-142) — NUNCA ""Luzbel"" sozinho, NUNCA ""Yosbel"" (STT corruptela)"
Rochman,Sophia,RC-009,oral,prosa,media,nao,0,verificado,alta,RC-009-sophia-cristo-cosmico.md," (epíteto hebraico = Sabedoria, ver RC-565; grafia oral da palestra P2024-02-25 registrada como ""Rockman/Rochman"" por erro de STT, confirmada pelo curador como"
Rockman,Sophia,RC-009,oral,prosa,media,nao,0,verificado,alta,RC-009-sophia-cristo-cosmico.md," (epíteto hebraico = Sabedoria, ver RC-565; grafia oral da palestra P2024-02-25 registrada como ""Rockman/Rochman"" por erro de STT, confirmada pelo curador como"
10firá,Sefirot / Árvore da Vida,RC-263,stt,prosa,referencia_oral,nao,0,verificado,alta,RC-263-sefirot-arvore-da-vida.md,"e é brah o primeiro, biná que é shoka, que é visno.» — as 10 Sefirot (STT ""10firá""): nove personificações existem aqui; Ho"
13 livros,13 Livros de Lúcifer com Humanos (Necessários Antes do Fim),RC-833,stt,etimologia,referencia_oral,nao,0,em análise,baixa,RC-833-13-livros-de-lucifer-com-humanos.md,"- **Grafia preferida:** 13 Livros de Lúcifer com Humanos (Necessários Antes do Fim) - **Variações STT capturadas:** ""13 livros"", ""9 livros"", ""Lúcifer com humanos"", ""rebelião de Lúc"
2023 (RC-414,s são do bruto,RC-425,stt,etimologia,alta,nao,0,verificado,alta,RC-425-krishna-como-pretenso-keshava.md,"STT do pronome com o nome («porque era um avatar quechava»); na fonte de 02/12/2023 (RC-414), «quechada». [REVISAR: as duas grafias são do bruto; **não** se unificam nem se corrige"
2026 em Observações,Lilith como Rakshasa (Espécie Não-Humana),RC-794,stt,etimologia,referencia_oral,nao,0,verificado,média,RC-794-lilith-como-rakshasa.md,STT — ver Resolução 10/09/2026 em Observações
3 levas,Especiação Humana — Levas Genéticas,RC-783,stt,etimologia,referencia_oral,nao,0,verificado,média,RC-783-especiacao-humana-levas-geneticas.md,"- **Grafia preferida:** Especiação Humana — Levas Genéticas - **Variações STT capturadas:** ""levas genéticas"", ""1, 2, 3 levas"", ""padrão genético humano"" - **Idioma de origem:** Por"
9 livros,13 Livros de Lúcifer com Humanos (Necessários Antes do Fim),RC-833,stt,etimologia,referencia_oral,nao,0,em análise,baixa,RC-833-13-livros-de-lucifer-com-humanos.md,"- **Grafia preferida:** 13 Livros de Lúcifer com Humanos (Necessários Antes do Fim) - **Variações STT capturadas:** ""13 livros"", ""9 livros"", ""Lúcifer com humanos"", ""rebelião de Lúc"
a Aen,Awayen (consagrada por RC-771/ART-2025-08-01),RC-836,stt,prosa,baixa,nao,0,verificado,média,RC-836-forno-de-awayen-forno-de-brahma-central-de-realidades.md," (RC-102), **Projeto Talm** (RC-091), **Val Tam** (RC-132). Grau oral STT ""aen/a Aen/Hawaien"" registrado como embrionário — **não ren"
A gar,Agar como 2ª Tentativa Fracassada de Fêmea para Adão,RC-817,stt,etimologia,referencia_oral,nao,0,verificado,alta,RC-817-agar-como-segunda-tentativa.md,"- **Grafia preferida:** Agar como 2ª Tentativa Fracassada de Fêmea para Adão - **Variações STT capturadas:** ""Agar"", ""A gar"", ""Agar a segunda"" - **Idioma de origem:** Hebraico (הָג"
"a Lingan"" (P2022-03-26",Awaylengan (consagrada por RC-771/ART-2025-08-01),RC-837,stt,etimologia,referencia_oral,nao,0,verificado,média,RC-837-forno-de-awaylengan-forno-de-shiva.md,"- **Grafia preferida (canônica):** Awaylengan (consagrada por RC-771/ART-2025-08-01). - **Grau oral fundador (P2019-08-25):** ""**Awai Lengan**"" / ""Ailingan"" / ""Lingan"" / ""Hawai Lin"
a nomenclatura à moda de Vol,Elm,RC-454,stt,etimologia,alta,nao,0,em análise,baixa,RC-454-elm-moros---ser-lm-de-temperion.md,"STT capturava 'Morençor/Morrensor/Morrençou/Morrenson'; a nomenclatura à moda de Vol, Yel, Xum, Shanlung)."
A partir de 03,Saibaba como Precursor de Jesus,RC-801,stt,etimologia,referencia_oral,nao,0,em análise,baixa,RC-801-saibaba-como-precursor-de-jesus.md,"STT). A partir de 03/09/2026, cada figura tem **ficha própria** (RC-927/928/929); esta ficha (RC-801) é a umbrella conceitual da linhagem."
a vesta,Avesta,RC-595,stt,etimologia,alta,nao,0,verificado,média,RC-595-avesta.md,"STT: AESTA, a vesta."
acender o fogo,Fogo que se Apaga (Fogo de Prometeu Hoje),RC-792,stt,etimologia,referencia_oral,nao,0,verificado,média,RC-792-fogo-que-se-apaga.md,"- **Grafia preferida:** Fogo que se Apaga (Fogo de Prometeu Hoje) - **Variações STT capturadas:** ""fogo"", ""fogo que não se observa mais"", ""fogo que se apagou"", ""acender o fogo"" - *"
Ades,Adhy,RC-011,stt,prosa,baixa,nao,0,verificado,alta,RC-011-adhy.md,"s suas atribuições e de onde tenham que viver"" (B031). Na fonte oral, STT ""seres arte/Ados/Ades/ISAD/Zad"" (mapeamento de curadoria, RC-411). ## "
Ades,Eros = Vishnu / Tártaro = Shiva (correspondências),RC-286,stt,prosa,referencia_oral,nao,0,em análise,baixa,RC-286-tartaro-eros-vishnu-tartaro-shiva.md,"do neste termo — dinâmicas de aprisionamento mental. Conteúdo: Hades (STT ""Ades/Reides/Reid/Reis"") = arconte dono do Tártaro, um dos irmã"
adiágena,Adhyajna,RC-016,stt,prosa,baixa,nao,0,verificado,alta,RC-016-adhyajna.md,"keshava). ""Vishnu e Shiva podiam criar avatares, expressões adhyajna [STT 'adiágena'] deles próprios. Javé nunca conseguiu f"
adiágenas,Shiva (Savna),RC-102,stt,prosa,baixa,nao,0,verificado,alta,RC-102-shiva-savna.md,", que tem lá OS 1.000 NOMES de 1.000 avatares ou formas [adhyágenas — STT 'adiágenas'] da forma [adidaiva] do senhor Shiva — "
adiátima,Adhyatman,RC-013,stt,prosa,baixa,nao,0,verificado,alta,RC-013-adhyatman.md," milhões de Seres, muito evoluídos. Na fonte oral o termo aparece sob STT ""adiátima""/""condição átima"" (P2021-12-04, mapeamen"
Ados,Adhy,RC-011,stt,prosa,baixa,nao,0,verificado,alta,RC-011-adhy.md,"s suas atribuições e de onde tenham que viver"" (B031). Na fonte oral, STT ""seres arte/Ados/Ades/ISAD/Zad"" (mapeamento de curadoria, RC-411). ## "
aen,Awayen (consagrada por RC-771/ART-2025-08-01),RC-836,stt,prosa,baixa,nao,0,verificado,média,RC-836-forno-de-awayen-forno-de-brahma-central-de-realidades.md," (RC-102), **Projeto Talm** (RC-091), **Val Tam** (RC-132). Grau oral STT ""aen/a Aen/Hawaien"" registrado como embrionário — **não ren"
Aesir,Pacto Aesir-Vanir como Origem Nórdica da Ideia de Pandora,RC-816,stt,etimologia,referencia_oral,nao,0,verificado,média,RC-816-pacto-aesir-vanir-origem-pandora.md,"- **Grafia preferida:** Pacto Aesir-Vanir como Origem Nórdica da Ideia de Pandora - **Variações STT capturadas:** ""Aesir"", ""Vanir"", ""Fria"", ""Kvasir"", ""tigela"", ""saliva"" - **Idioma "
AESTA,Avesta,RC-595,stt,etimologia,alta,nao,0,verificado,média,RC-595-avesta.md,"STT: AESTA, a vesta."
afetividade,Pulsação dos Elétrons Como Afetividade Humana,RC-832,stt,etimologia,referencia_oral,nao,0,verificado,média,RC-832-pulsacao-dos-eletrons-como-afetividade.md,"- **Grafia preferida:** Pulsação dos Elétrons Como Afetividade Humana - **Variações STT capturadas:** ""pulsação dos elétrons"", ""comportamento biológico"", ""afetividade"", ""identidade"
Agar,Agar como 2ª Tentativa Fracassada de Fêmea para Adão,RC-817,stt,etimologia,referencia_oral,nao,0,verificado,alta,RC-817-agar-como-segunda-tentativa.md,"- **Grafia preferida:** Agar como 2ª Tentativa Fracassada de Fêmea para Adão - **Variações STT capturadas:** ""Agar"", ""A gar"", ""Agar a segunda"" - **Idioma de origem:** Hebraico (הָג"
Agar a segunda,Agar como 2ª Tentativa Fracassada de Fêmea para Adão,RC-817,stt,etimologia,referencia_oral,nao,0,verificado,alta,RC-817-agar-como-segunda-tentativa.md,"- **Grafia preferida:** Agar como 2ª Tentativa Fracassada de Fêmea para Adão - **Variações STT capturadas:** ""Agar"", ""A gar"", ""Agar a segunda"" - **Idioma de origem:** Hebraico (הָג"
agentes de dominação,Estratégia dos Avatares,RC-797,stt,etimologia,alta,nao,0,verificado,média,RC-797-estrategia-dos-avatares.md,"- **Grafia preferida:** Estratégia dos Avatares - **Variações STT capturadas:** ""avatares"", ""agentes de dominação"", ""instrumentos de dominação"" - **Idioma de origem:** Sânscrito (अ"
Agostinho Dipona,A Falsa Trindade,RC-273,stt,prosa,baixa,nao,0,verificado,alta,RC-273-a-falsa-trindade-concilio-de-niceia.md,"que a vida não é boa ou que Deus não é perfeito, vai pro inferno"".» — STT «Agostinho Dipona»/«Agostinho de Pon» = Agostinho de Hipon"
Ailingan,Awaylengan (consagrada por RC-771/ART-2025-08-01),RC-837,stt,prosa,referencia_oral,nao,0,verificado,média,RC-837-forno-de-awaylengan-forno-de-shiva.md,"* (RC-091), **Radiatas** (RC-093), **Bilatérios** (RC-035). Grau oral STT ""Awai Lengan/Ailingan"" registrado como embrionário — **não ren"
Alamaior,Sophia,RC-009,stt,prosa,baixa,nao,0,verificado,alta,RC-009-sophia-cristo-cosmico.md,"alado) — ver nota]; ""produzir espécies através do forno de Awaymaion (STT 'Alamaior' — ver RC-499), os biodemos""; ""criou uma"
Alamaior,Quarto Logos,RC-092,stt,prosa,baixa,nao,0,verificado,alta,RC-092-quarto-logos-olm-codificador-de-zian.md,"Sophia no sentido de produzir espécies através do forno de Awaymaion (STT 'Alamaior' — ver RC-499), os biodemos, por exemplo"
Alamaior,Awaymaion,RC-499,stt,etimologia,alta,nao,0,verificado,média,RC-499-forno-de-awaymaion-forno-de-vishnu-origem-de-olm.md,"STT: ""Alamaior""/""Almaior"" (RC-500 — erro de STT, remissão para cá)."
Alce,Alcíone,RC-574,stt,etimologia,alta,nao,0,verificado,média,RC-574-alcione-sistema.md,"STT: Alce, Alceione, Alciion, Alciô, oceônio, ao senhor."
Alceione,Alcíone,RC-574,stt,etimologia,alta,nao,0,verificado,média,RC-574-alcione-sistema.md,"STT: Alce, Alceione, Alciion, Alciô, oceônio, ao senhor."
Alciion,Alcíone,RC-574,stt,etimologia,alta,nao,0,verificado,média,RC-574-alcione-sistema.md,"STT: Alce, Alceione, Alciion, Alciô, oceônio, ao senhor."
Alciô,Alcíone,RC-574,stt,etimologia,alta,nao,0,verificado,média,RC-574-alcione-sistema.md,"STT: Alce, Alceione, Alciion, Alciô, oceônio, ao senhor."
Alexandre Magno,Alexandre Magno (tirano sob influência de Lemion),RC-850,stt,prosa,referencia_oral,nao,0,verificado,média,RC-850-alexandre-magno-tirano-sob-influencia-de-lemion.md,"ion) — RC-850 ## Definição Sintética Alexandre Magno (356–323 a.C., STT 'Alexandre Magno'): tirano sob influência de Lemion (RC-0"
alguma algum,Arcontes (= Sophias e Indras; Conselho dos 70),RC-474,stt,prosa,referencia_oral,nao,0,em análise,baixa,RC-474-arcontes-sophias-e-indras-conselho-dos-70.md,"m que alguns arcontes participam — ""não funciona, tipo a ONU"" (grafia STT ""alguma algum"" sem emenda); grafia ""Antiandel"" confirm"
aliança entre os três,Pactos de Javé (Brama / Vishnu / Shiva),RC-781,stt,etimologia,referencia_oral,nao,0,verificado,média,RC-781-pactos-de-jave.md,"- **Grafia preferida:** Pactos de Javé (Brama / Vishnu / Shiva) - **Variações STT capturadas:** ""pacto entre Javé, Vishnu e Shiva"", ""aliança entre os três"", ""pactos desastrosos"" - "
"Almaior"" (RC-500 — erro de STT",Awaymaion,RC-499,stt,etimologia,alta,nao,0,verificado,média,RC-499-forno-de-awaymaion-forno-de-vishnu-origem-de-olm.md,"STT: ""Alamaior""/""Almaior"" (RC-500 — erro de STT, remissão para cá)."
alternativa homo,Eva como 3ª Tentativa de Fêmea para Adão (Homem + Mulher da Espécie Sá,RC-814,stt,etimologia,referencia_oral,nao,0,verificado,alta,RC-814-eva-como-terceira-tentativa.md,"- **Grafia preferida:** Eva como 3ª Tentativa de Fêmea para Adão (Homem + Mulher da Espécie Sábia) - **Variações STT capturadas:** ""Eva"", ""alternativa homo"", ""homem com mulher da e"
Alto Langron,Biodemos,RC-036,stt,prosa,baixa,nao,0,verificado,alta,RC-036-biodemos.md,"er agora em Alto Langron alguns deles"" (menção à RC-018 Alt'Lam Gron; STT ""Alto Langron"" sem emenda); ""eh essas coisas são meio "
ANAC,"Ananque (estudou as necessidades dos códigos podres, com Moros; base d",RC-777,stt,etimologia,referencia_oral,nao,0,verificado,média,RC-777-ananque-estudou-as-necessidades-dos-codigos-podres.md,"- **Grafia oficial: ANANQUE** (consagrada pela Devolutiva O-4 da P2021-07-24 — a deusa grega da necessidade/inevitabilidade, mãe das Moiras na tradição órfica). - Variações STT cap"
Anais» = Anás,Pôncio Pilatos / Caifás / Sinédrio (verbete agrupado),RC-946,stt,etimologia,referencia_oral,nao,0,verificado,média,RC-946-poncio-pilatos-caifas-sinedrio.md,STT «Anais» = Anás; «Sinédrio» como grafia fixa)
Anak,"Ananque (estudou as necessidades dos códigos podres, com Moros; base d",RC-777,stt,etimologia,referencia_oral,nao,0,verificado,média,RC-777-ananque-estudou-as-necessidades-dos-codigos-podres.md,"- **Grafia oficial: ANANQUE** (consagrada pela Devolutiva O-4 da P2021-07-24 — a deusa grega da necessidade/inevitabilidade, mãe das Moiras na tradição órfica). - Variações STT cap"
Anc,"Ananque (estudou as necessidades dos códigos podres, com Moros; base d",RC-777,stt,prosa,referencia_oral,nao,0,verificado,média,RC-777-ananque-estudou-as-necessidades-dos-codigos-podres.md,"daquele, segundo a lógica de Anã, que um dia iria sentir.» — Ananque (STT ""Anc/Anã"") estudou a necessidade que cada código "
ANEC,"Ananque (estudou as necessidades dos códigos podres, com Moros; base d",RC-777,stt,etimologia,referencia_oral,nao,0,verificado,média,RC-777-ananque-estudou-as-necessidades-dos-codigos-podres.md,"- **Grafia oficial: ANANQUE** (consagrada pela Devolutiva O-4 da P2021-07-24 — a deusa grega da necessidade/inevitabilidade, mãe das Moiras na tradição órfica). - Variações STT cap"
Aneca,Moiras / Nornes / Súdices / Parcas (destino),RC-467,stt,prosa,referencia_oral,nao,0,verificado,alta,RC-467-moiras-nornes-parcas-destino.md,"mitologia grega?» — as Moiras (RC-467) vêm de Moros: Moros e Ananque (STT 'Aneque/Aneca') criaram as três, que mapeavam os fios "
Aneque,Moiras / Nornes / Súdices / Parcas (destino),RC-467,stt,prosa,referencia_oral,nao,0,verificado,alta,RC-467-moiras-nornes-parcas-destino.md,"mitologia grega?» — as Moiras (RC-467) vêm de Moros: Moros e Ananque (STT 'Aneque/Aneca') criaram as três, que mapeavam os fios "
Ank,Elm,RC-454,stt,prosa,baixa,nao,0,em análise,baixa,RC-454-elm-moros---ser-lm-de-temperion.md, TODAS AS ESTIRPES então existentes E UM OUTRO SER CHAMADO [ANANQUE — STT 'Ank'] na mitologia grega ESTUDOU CADA PESO D
Ank,Informações Vivas,RC-715,stt,prosa,baixa,nao,0,verificado,média,RC-715-informacoes-vivas.md,"voltava para fulaninho"". - **Ananké:** ""surgiu um ser chamado Ananké [STT 'Ank/Nanc'], que passou a trabalhar com Moros e es"
Ank,"Ananque (estudou as necessidades dos códigos podres, com Moros; base d",RC-777,stt,etimologia,referencia_oral,nao,0,verificado,média,RC-777-ananque-estudou-as-necessidades-dos-codigos-podres.md,"- **Grafia oficial: ANANQUE** (consagrada pela Devolutiva O-4 da P2021-07-24 — a deusa grega da necessidade/inevitabilidade, mãe das Moiras na tradição órfica). - Variações STT cap"
Anterium,Antérion,RC-597,stt,etimologia,alta,nao,0,verificado,média,RC-597-anterion.md,"- Grafia canônica fixada pelo curador: Antérion. Variações STT: Anterium, Antério, Antteré, ané. - **Fonte de decisão:** Quadro 9 aprovado pelo curador."
Antteré,Antérion,RC-597,stt,etimologia,alta,nao,0,verificado,média,RC-597-anterion.md,"- Grafia canônica fixada pelo curador: Antérion. Variações STT: Anterium, Antério, Antteré, ané. - **Fonte de decisão:** Quadro 9 aprovado pelo curador."
Antério,Antérion,RC-597,stt,etimologia,alta,nao,0,verificado,média,RC-597-anterion.md,"- Grafia canônica fixada pelo curador: Antérion. Variações STT: Anterium, Antério, Antteré, ané. - **Fonte de decisão:** Quadro 9 aprovado pelo curador."
antídlopos,Baralho genético (metáfora dos 28.869 genes),RC-562,stt,prosa,referencia_oral,nao,0,em análise,baixa,RC-562-baralho-genetico-metafora-dos-28-869-genes.md,coisa para que ele não oculte células do corpo ou então o destrói.»); STT «antídlopos» (anticorpos); RC-562. - **[3.600 espéci
Anunax,Nefilins (= Anunnaki),RC-488,stt,prosa,baixa,nao,0,verificado,média,RC-488-nefilins-anunnaki.md," (U0068: «Quando Jared, pai de Enoque, existiu, o que é que houve?»); STT «Anunax» (Anunnakis; RC-024), «Igis» (Igigi; RC-"
Anunque,"Ananque (estudou as necessidades dos códigos podres, com Moros; base d",RC-777,stt,prosa,referencia_oral,nao,0,verificado,média,RC-777-ananque-estudou-as-necessidades-dos-codigos-podres.md,"olutiva O-4 consagrou a grafia **ANANQUE** (corrigindo as alucinações STT ""Anunque/Anak/ANAC/Nan""). ## Etimologia e Grafias - **Grafia o"
Anã,"Ananque (estudou as necessidades dos códigos podres, com Moros; base d",RC-777,stt,prosa,referencia_oral,nao,0,verificado,média,RC-777-ananque-estudou-as-necessidades-dos-codigos-podres.md,"daquele, segundo a lógica de Anã, que um dia iria sentir.» — Ananque (STT ""Anc/Anã"") estudou a necessidade que cada código "
ané,Antérion,RC-597,stt,etimologia,alta,nao,0,verificado,média,RC-597-anterion.md,"- Grafia canônica fixada pelo curador: Antérion. Variações STT: Anterium, Antério, Antteré, ané. - **Fonte de decisão:** Quadro 9 aprovado pelo curador."
ao senhor,Alcíone,RC-574,stt,etimologia,alta,nao,0,verificado,média,RC-574-alcione-sistema.md,"STT: Alce, Alceione, Alciion, Alciô, oceônio, ao senhor."
Apoaginta,Os 366 Manuscritos de Enoque,RC-672,stt,prosa,referencia_oral,nao,0,verificado,média,RC-672-os-366-manuscritos-de-enoque.md," as agendas enoquianas, como eram chamadas.») — a Septuaginta (grafia STT ""Apoaginta"") constava os livros de Enoque. ### P20"
Apolone,Quarto Logos,RC-092,stt,prosa,baixa,nao,0,verificado,alta,RC-092-quarto-logos-olm-codificador-de-zian.md,"ÚNICA ENCARNAÇÃO DESSE SER QUE A GENTE CHAMA AQUI DE QUARTO LOGOS**"" [STT 'Polônia de Tiana/Apolônia/Apolone']; **O CONTRASTE DOS GENOMAS**: ""Jesus n"
Apolônia,Quarto Logos,RC-092,stt,prosa,baixa,nao,0,verificado,alta,RC-092-quarto-logos-olm-codificador-de-zian.md,"ÚNICA ENCARNAÇÃO DESSE SER QUE A GENTE CHAMA AQUI DE QUARTO LOGOS**"" [STT 'Polônia de Tiana/Apolônia/Apolone']; **O CONTRASTE DOS GENOMAS**: ""Jesus n"
Aranque,Moiras / Nornes / Súdices / Parcas (destino),RC-467,stt,prosa,referencia_oral,nao,0,verificado,alta,RC-467-moiras-nornes-parcas-destino.md,"s setas de Moros se consumarem""; ""Frigga, também conhecida como Aran [STT 'Aranque'], Aran na mitologia grega e Frigga na m"
arcanos,Memória dos Elétrons e Arcanos,RC-829,stt,etimologia,referencia_oral,nao,0,verificado,média,RC-829-memoria-dos-eletrons-e-arcanos.md,"- **Grafia preferida:** Memória dos Elétrons e Arcanos - **Variações STT capturadas:** ""memória dos elétrons"", ""arcanos"", ""inconsciente dos elétrons"", ""memória dos antielétrons"", """
arcãos,Archeons de Ereon,RC-596,stt,etimologia,alta,nao,0,verificado,média,RC-596-archeons-de-ereon.md,"STT: arquelos, arquieron, arcãos, arcos."
arima,do bruto para Mahābhārata) — ver RC-425 e RC-414,RC-322,stt,prosa,referencia_oral,nao,0,verificado,alta,RC-322-dharma-e-castas-origem-demo.md,"ra o programa de reestruturação universal.» — a dupla face da ahimsa (STT ""arima""): ""o arima, que é a coisa mais bela que"
arquelos,Archeons de Ereon,RC-596,stt,etimologia,alta,nao,0,verificado,média,RC-596-archeons-de-ereon.md,"STT: arquelos, arquieron, arcãos, arcos."
arquieron,Archeons de Ereon,RC-596,stt,etimologia,alta,nao,0,verificado,média,RC-596-archeons-de-ereon.md,"STT: arquelos, arquieron, arcãos, arcos."
arquruídicos,Jesus,RC-072,stt,prosa,baixa,nao,0,verificado,alta,RC-072-jesus.md,"ada com algumas TRIBOS GAULESAS que receberam ensinamentos [druídicos/STT 'arquruídicos'] dos gaélicos, dos galaicos E POR TRÁS "
Aspesian,Asphezian,RC-025,stt,prosa,baixa,nao,0,em análise,baixa,RC-025-asphezian.md,"6-08-31"" +++ # Asphezian — RC-025 ## Definição Sintética Asphezian (STT 'Aspesian'): a nave-fábrica que aportou no planeta"
Atmavátima,ADHYMAVATANA,RC-408,stt,prosa,baixa,nao,0,verificado,alta,RC-408-adhymavatana-nome-completo-de-mavatna-vishnu.md,"2-04 — FONTE ORIGINAL] Mavatma (U0247–U0254):** ""quando Adhy Mavatma [STT 'Atmavátima'] mergulhou como Vishnu e Vishnu compôs "
avatares,Estratégia dos Avatares,RC-797,stt,etimologia,alta,nao,0,verificado,média,RC-797-estrategia-dos-avatares.md,"- **Grafia preferida:** Estratégia dos Avatares - **Variações STT capturadas:** ""avatares"", ""agentes de dominação"", ""instrumentos de dominação"" - **Idioma de origem:** Sânscrito (अ"
Awai Lengan,Awaylengan (consagrada por RC-771/ART-2025-08-01),RC-837,stt,prosa,referencia_oral,nao,0,verificado,média,RC-837-forno-de-awaylengan-forno-de-shiva.md,"* (RC-091), **Radiatas** (RC-093), **Bilatérios** (RC-035). Grau oral STT ""Awai Lengan/Ailingan"" registrado como embrionário — **não ren"
Axislund,Axis Mundi / Axismund,RC-731,stt,etimologia,alta,nao,0,verificado,média,RC-731-axis-mundi-axismund.md,"STT normalizadas:** Axism, Axislund, axismude."
axismude,Axis Mundi / Axismund,RC-731,stt,etimologia,alta,nao,0,verificado,média,RC-731-axis-mundi-axismund.md,"STT normalizadas:** Axism, Axislund, axismude."
Azá e Aziel,"Classes de anjos de Arabot-Ráquia (ofanim, serafins, galgaulim, chashm",RC-485,stt,prosa,referencia_oral,nao,0,em análise,baixa,RC-485-classes-de-anjos-de-arabot-raquia.md,"dada por um príncipe). - **Anjos ministradores:** Uzza, Azza e Azael (STT ""Usá, Azá e Aziel"") — anjos com poder de não ser robotizad"
açuras,Asuras (= Titãs),RC-465,stt,etimologia,alta,nao,0,verificado,alta,RC-465-asuras-titas.md,"STT:** Assuras, açuras;"
B Frost,Ancoragem do Conglomerado Trimurtiano na Terra,RC-575,stt,prosa,referencia_oral,nao,0,verificado,média,RC-575-ancoragem-do-conglomerado-trimurtiano-na-terra.md,"so que o Ragnarok aconteceu... como eles tinham uma ponte, a Bifrost [STT 'B Frost'], que unia eles a Marte, a desgraça, as"
Babilônia,Culto a Lilith (Transformação em Deusa Lil Babilônica),RC-813,stt,etimologia,referencia_oral,nao,0,verificado,média,RC-813-culto-a-lilith-babilonia.md,"- **Grafia preferida:** Culto a Lilith (Transformação em Deusa Lil Babilônica) - **Variações STT capturadas:** ""Lil"", ""Lil transformou-se em deusa"", ""Babilônia"", ""mesa"" (= Babel?) "
backtom,Baktun 13,RC-576,stt,etimologia,alta,nao,0,em análise,baixa,RC-576-baktun-13.md,"STT: Bactum 13, bactunes, backtom."
Bactum 13,Baktun 13,RC-576,stt,etimologia,alta,nao,0,em análise,baixa,RC-576-baktun-13.md,"STT: Bactum 13, bactunes, backtom."
bactunes,Baktun 13,RC-576,stt,etimologia,alta,nao,0,em análise,baixa,RC-576-baktun-13.md,"STT: Bactum 13, bactunes, backtom."
Be Frost,Bifrost (Portal interdimensional),RC-471,stt,etimologia,alta,nao,0,verificado,alta,RC-471-bifrost-portal-interdimensional.md,"STT:** B Frost, Be Frost."
Bert Heringer,Ressonância Mórfica (agente da rebelião),RC-381,stt,prosa,referencia_oral,nao,0,verificado,alta,RC-381-ressonancia-morfica-agente-da-rebeliao.md,"stá no comando os atores, o propósito daquilo, tá?»); Bert Hellinger (STT «Bert Heringer») e Rupert Sheldrake (STT «Rubert Sheldr"
Boris,Mohen So = Phanes / Protogonos / Vasuki / Kalki (correspondências),RC-282,stt,prosa,referencia_oral,nao,0,verificado,alta,RC-282-mohen-so-phanes-protogonos-vasuki-kalki-correspondencias.md,"**[P2023-09-09 · A AUTÓPSIA DE PHANES — o mecanismo celular]** MOROS [STT ""Boris""] ""chegou [aos] três caras da Trimurte e"
Brcubber,A Rebelião dos Elétrons,RC-378,stt,prosa,baixa,nao,0,verificado,alta,RC-378-a-rebeliao-dos-eletrons.md,"modificar a lógica da mente que criou esses sistemas**... Brás Cubas [STT 'Cubers/Brcubber']: 'eu não tive filhos, não quis passar "
budismo,Budismo como Exceção (Sem Deus),RC-803,stt,etimologia,referencia_oral,nao,0,verificado,média,RC-803-budismo-como-excecao.md,"- **Grafia preferida:** Budismo como Exceção (Sem Deus) - **Variações STT capturadas:** ""budismo"", ""Buda"", ""Gautama"", ""Grande Galan"" (= Buda Gautama) - **Idioma de origem:** Sânscr"
buiufas,Nova Aliança (a proposta de Jesus contra a velha aliança dos pactos de,RC-860,stt,prosa,referencia_oral,nao,0,verificado,média,RC-860-nova-alianca-a-proposta-de-jesus-contra-a-velha-alianca-dos-pactos-de-jave.md,"iares, nem a turma desse universo vizinho, nem os espíritos"" (grafias STT ""buiufas""/""bulhufas"" sem emenda). - **[A nova ali"
buraco branco,Pandemia de Buraco Branco que Traga (Javé Tragado pela Criação),RC-809,stt,etimologia,referencia_oral,nao,0,verificado,média,RC-809-pandemia-buraco-branco-que-traga.md,"- **Grafia preferida:** Pandemia de Buraco Branco que Traga (Javé Tragado pela Criação) - **Variações STT capturadas:** ""buraco branco"", ""buraco negro"", ""tragado"", ""criação tragou"""
buraco negro,Pandemia de Buraco Branco que Traga (Javé Tragado pela Criação),RC-809,stt,etimologia,referencia_oral,nao,0,verificado,média,RC-809-pandemia-buraco-branco-que-traga.md,"- **Grafia preferida:** Pandemia de Buraco Branco que Traga (Javé Tragado pela Criação) - **Variações STT capturadas:** ""buraco branco"", ""buraco negro"", ""tragado"", ""criação tragou"""
cadeia de mulheres que produziram a racionalidade,Sequência Formativa da Racionalidade Humana,RC-785,stt,etimologia,referencia_oral,nao,0,em análise,baixa,RC-785-sequencia-formativa-da-racionalidade-humana.md,"- **Grafia preferida:** Sequência Formativa da Racionalidade Humana - **Variações STT capturadas:** ""Pandora, Lilif, Irra, Eva, Noreia"", ""cadeia de mulheres que produziram a racion"
Caetânia Mahaprabu,Krishna (avatar de Vishnu/Shiva),RC-414,stt,prosa,baixa,nao,0,verificado,alta,RC-414-krishna-avatar-de-vishnu-shiva.md,"forma de arconte clássico (ser astralizado). - **Caitanya Mahaprabhu (STT ""Caetânia Mahaprabu""):** revitalizou o culto a Krishna ([REV"
Caibá,Saibaba como Precursor de Jesus,RC-801,stt,etimologia,referencia_oral,nao,0,em análise,baixa,RC-801-saibaba-como-precursor-de-jesus.md,"- **Grafia preferida:** Saibaba como Precursor de Jesus - **Variações STT capturadas:** ""Caibá"", ""Caibá"", ""Saibaba"", ""Saibá"", ""saibá"", ""prima sai"" (STT fonética) - **Linhagem encar"
Call Schauardes de Child,Buraco Negro Mental / Consciencial,RC-717,stt,prosa,referencia_oral,nao,0,verificado,média,RC-717-buraco-negro-mental-consciencial.md,":** Einstein (relatividade geral; Prêmio Nobel) e Karl Schwarzschild [STT ""Call Schauardes de Child""]; ""o buraco negro chupa informação e so"
"calmeias"" (= colmeias?",Sistema Arcaico Mental (Javé Como Abelha Rainha),RC-828,stt,etimologia,referencia_oral,nao,0,verificado,alta,RC-828-sistema-arcaico-mental-jave-abelha-rainha.md,"- **Grafia preferida:** Sistema Arcaico Mental (Javé Como Abelha Rainha) - **Variações STT capturadas:** ""sistema arcaico"", ""sistema arcaico mental"", ""Javé abelha rainha"", ""clones "
cama,Kama,RC-622,stt,etimologia,alta,nao,0,verificado,média,RC-622-kama-personificacao-do-desejo.md,STT: cama.
canes lupos,DNA Insubmisso / Linhagem Pandora–Eva–Noreia,RC-727,stt,prosa,referencia_oral,nao,0,em análise,baixa,RC-727-dna-insubmisso-linhagem-pandora-eva-noreia.md,"P2023-04-01b · A ESPECIAÇÃO — o lobo e Marte]** ""o lobo, Canis lupus [STT 'canes lupos'], deu origem a todas as raças de cachor"
caos personificado,Javé como Caos Personificado,RC-782,stt,etimologia,alta,nao,0,verificado,média,RC-782-jave-como-caos-personificado.md,"- **Grafia preferida:** Javé como Caos Personificado - **Variações STT capturadas:** ""caos"", ""Javé é o caos"", ""caos personificado"" - **Idioma de origem:** Grego antigo (Χάος ""chaos"
capturava 'Morençor,Elm,RC-454,stt,etimologia,alta,nao,0,em análise,baixa,RC-454-elm-moros---ser-lm-de-temperion.md,"STT capturava 'Morençor/Morrensor/Morrençou/Morrenson'; a nomenclatura à moda de Vol, Yel, Xum, Shanlung)."
centauros,Quinaras / Centauros (seres reais),RC-790,stt,etimologia,referencia_oral,nao,0,verificado,média,RC-790-quinaras-centauros-seres-reais.md,"- **Grafia preferida:** Quinaras / Centauros (seres reais) - **Variações STT capturadas:** ""Quináas"", ""Quinaras"", ""centauros"", ""onocentauros"", ""centauros esclarecidos"", ""centauros "
centauros esclarecidos,Quinaras / Centauros (seres reais),RC-790,stt,etimologia,referencia_oral,nao,0,verificado,média,RC-790-quinaras-centauros-seres-reais.md,"- **Grafia preferida:** Quinaras / Centauros (seres reais) - **Variações STT capturadas:** ""Quináas"", ""Quinaras"", ""centauros"", ""onocentauros"", ""centauros esclarecidos"", ""centauros "
centauros retardados,Quinaras / Centauros (seres reais),RC-790,stt,etimologia,referencia_oral,nao,0,verificado,média,RC-790-quinaras-centauros-seres-reais.md,"- **Grafia preferida:** Quinaras / Centauros (seres reais) - **Variações STT capturadas:** ""Quináas"", ""Quinaras"", ""centauros"", ""onocentauros"", ""centauros esclarecidos"", ""centauros "
centralizar o poder,Mudança de Estratégia das Trevas (Centralizar → Espalhar),RC-798,stt,etimologia,referencia_oral,nao,0,verificado,média,RC-798-mudanca-de-estrategia-das-trevas.md,"- **Grafia preferida:** Mudança de Estratégia das Trevas (Centralizar → Espalhar) - **Variações STT capturadas:** ""mudança de estratégia"", ""espalharam o mal"", ""centralizar o poder"""
centro alquímico,Centro Alquímico-Farmacopédico,RC-789,stt,etimologia,alta,nao,0,verificado,média,RC-789-centro-alquimico-farmacopedico.md,"- **Grafia preferida:** Centro Alquímico-Farmacopédico - **Variações STT capturadas:** ""centro alquímico"", ""centro farmacopédico"", ""criatório de Prometeu"", ""criatório de Epimeteu"" "
centro farmacopédico,Centro Alquímico-Farmacopédico,RC-789,stt,etimologia,alta,nao,0,verificado,média,RC-789-centro-alquimico-farmacopedico.md,"- **Grafia preferida:** Centro Alquímico-Farmacopédico - **Variações STT capturadas:** ""centro alquímico"", ""centro farmacopédico"", ""criatório de Prometeu"", ""criatório de Epimeteu"" "
ch humanismo,Xamanismo Cósmico,RC-577,stt,etimologia,alta,nao,0,verificado,média,RC-577-xamanismo-cosmico-comunicacao-e-deslacre.md,"STT: chamanismo, ch humanismo."
chamanismo,Xamanismo Cósmico,RC-577,stt,etimologia,alta,nao,0,verificado,média,RC-577-xamanismo-cosmico-comunicacao-e-deslacre.md,"STT: chamanismo, ch humanismo."
Chambarrá,Shamb-Aha,RC-101,stt,prosa,baixa,nao,0,em análise,baixa,RC-101-shamb-aha.md,"6-08-31"" +++ # Shamb-Aha — RC-101 ## Definição Sintética Shamb-Aha (STT 'Shambaá/Chambarrá'): o forno replicador Awaymaion (RC-499)"
Chanlum,Biodemos,RC-036,stt,prosa,baixa,nao,0,verificado,alta,RC-036-biodemos.md,"Á TINHAM SIDO CRIADOS ANTES... SOFIA PERCEBEU QUE DEPOIS DO SHANLUNG [STT 'Chanlum' — a grafia canônica da base], ELE PODIA"
Chile Chupa,Ravana,RC-582,stt,prosa,baixa,nao,0,verificado,média,RC-582-ravana.md," Ravana e Kumbhakarna (mortos por Rama); 3º: Dantavakra e Shishupala [STT ""Danta vacra/Chile Chupa/Xupala""] (mortos por Krishna); ""os últimos milh"
Chimo,Shiva como Primeiro Demo,RC-810,stt,etimologia,alta,nao,0,verificado,média,RC-810-shiva-como-primeiro-demo.md,"- **Grafia preferida:** Shiva como Primeiro Demo - **Variações STT capturadas:** ""Chiva"", ""Chimo"", ""Chiv"", ""Shiva"", ""Chiva o primeiro demo"" - **Idioma de origem:** Sânscrito (शिव """
Chiv,Shiva como Primeiro Demo,RC-810,stt,etimologia,alta,nao,0,verificado,média,RC-810-shiva-como-primeiro-demo.md,"- **Grafia preferida:** Shiva como Primeiro Demo - **Variações STT capturadas:** ""Chiva"", ""Chimo"", ""Chiv"", ""Shiva"", ""Chiva o primeiro demo"" - **Idioma de origem:** Sânscrito (शिव """
Chiva o primeiro demo,Shiva como Primeiro Demo,RC-810,stt,etimologia,alta,nao,0,verificado,média,RC-810-shiva-como-primeiro-demo.md,"- **Grafia preferida:** Shiva como Primeiro Demo - **Variações STT capturadas:** ""Chiva"", ""Chimo"", ""Chiv"", ""Shiva"", ""Chiva o primeiro demo"" - **Idioma de origem:** Sânscrito (शिव """
chive,Shiva (Savna),RC-102,stt,prosa,baixa,nao,0,verificado,alta,RC-102-shiva-savna.md,"manda é chiva, cheia de locas de chive da sua descendência.» — Shiva (STT ""chiva/chive"") comanda uma parte do universo vizinho,"
cinturão de fotos,Cinturão de Fótons,RC-573,stt,etimologia,alta,nao,0,verificado,média,RC-573-cinturao-de-fotons.md,STT: cinturão de fotos; cinturão dos sótos.
cinturão dos sótos,Cinturão de Fótons,RC-573,stt,etimologia,alta,nao,0,verificado,média,RC-573-cinturao-de-fotons.md,STT: cinturão de fotos; cinturão dos sótos.
clones abelhas operárias,Sistema Arcaico Mental (Javé Como Abelha Rainha),RC-828,stt,etimologia,referencia_oral,nao,0,verificado,alta,RC-828-sistema-arcaico-mental-jave-abelha-rainha.md,"- **Grafia preferida:** Sistema Arcaico Mental (Javé Como Abelha Rainha) - **Variações STT capturadas:** ""sistema arcaico"", ""sistema arcaico mental"", ""Javé abelha rainha"", ""clones "
cluster paralelo em RC-036: ALTA LANGRON,e nenhuma hipótese etimológica é feita a partir do TXT,RC-018,stt,etimologia,referencia_oral,nao,0,em análise,baixa,RC-018-alt-lam-gron.md,STT preservadas; cluster paralelo em RC-036: ALTA LANGRON/ALTO LONGBRON) — ver nota]`:
cobaias,Humanos como Cobaias dos Deuses,RC-802,stt,etimologia,referencia_oral,nao,0,verificado,média,RC-802-humanos-como-cobaias-dos-deuses.md,"- **Grafia preferida:** Humanos como Cobaias dos Deuses - **Variações STT capturadas:** ""cobaias"", ""cobaias humanas"", ""final de genética"" - **Idioma de origem:** Português"
cobaias humanas,Humanos como Cobaias dos Deuses,RC-802,stt,etimologia,referencia_oral,nao,0,verificado,média,RC-802-humanos-como-cobaias-dos-deuses.md,"- **Grafia preferida:** Humanos como Cobaias dos Deuses - **Variações STT capturadas:** ""cobaias"", ""cobaias humanas"", ""final de genética"" - **Idioma de origem:** Português"
colapso do caos organizado,Era do Colapso do Caos Organizado,RC-827,stt,etimologia,referencia_oral,nao,0,verificado,média,RC-827-era-do-colapso-do-caos-organizado.md,"- **Grafia preferida:** Era do Colapso do Caos Organizado - **Variações STT capturadas:** ""era do colapso"", ""era do conhecimento"", ""colapso do caos organizado"", ""ilhas de negentrop"
com mar e candão,Shiva (Savna),RC-102,stt,prosa,baixa,nao,0,verificado,alta,RC-102-shiva-savna.md,"ios avatares de Shiva"" (U0297); ""hoje a gente chama isso de tradição [STT 'com mar e candão' — [REVISAR → CHANCELA 2026-09-06 · F039"
comandante Sophia,Sophia Como Biodemo da Ordem e Caos,RC-831,stt,etimologia,referencia_oral,nao,0,verificado,média,RC-831-sophia-como-biodemo-da-ordem-e-caos.md,"- **Grafia preferida:** Sophia Como Biodemo da Ordem e Caos - **Variações STT capturadas:** ""Sophia"", ""Sophia biodemo"", ""comandante Sophia"", ""Sophia ordem e caos"" - **Idioma de ori"
comportamento biológico,Pulsação dos Elétrons Como Afetividade Humana,RC-832,stt,etimologia,referencia_oral,nao,0,verificado,média,RC-832-pulsacao-dos-eletrons-como-afetividade.md,"- **Grafia preferida:** Pulsação dos Elétrons Como Afetividade Humana - **Variações STT capturadas:** ""pulsação dos elétrons"", ""comportamento biológico"", ""afetividade"", ""identidade"
"comérico"" (= cooperativo?",Sistema Arcaico Mental (Javé Como Abelha Rainha),RC-828,stt,etimologia,referencia_oral,nao,0,verificado,alta,RC-828-sistema-arcaico-mental-jave-abelha-rainha.md,"- **Grafia preferida:** Sistema Arcaico Mental (Javé Como Abelha Rainha) - **Variações STT capturadas:** ""sistema arcaico"", ""sistema arcaico mental"", ""Javé abelha rainha"", ""clones "
conceito abaiano,Conceito Abaiano (Fazer Sem Esperar Receber),RC-793,stt,etimologia,referencia_oral,nao,0,verificado,média,RC-793-conceito-abaiano.md,"- **Grafia preferida:** Conceito Abaiano (Fazer Sem Esperar Receber) - **Variações STT capturadas:** ""conceito abaiano"", ""viva sem se perguntar"", ""faça sem esperar receber"" - **Idi"
condaline,Jesus,RC-072,stt,prosa,baixa,nao,0,verificado,alta,RC-072-jesus.md,"ignidade"". - **Ectoplasma:** o eu encarnado usa a condutora do corpo (STT ""condaline"" [REVISAR → CHANCELA 2026-09-06 · F039-L"
corpo átimo. Distinguir de Adhyatman RC-013,Corpo Átmico,RC-623,stt,etimologia,alta,nao,0,verificado,média,RC-623-corpo-atmico.md,STT: corpo átimo. Distinguir de Adhyatman RC-013.
crenças baratas,Versão Oficial como Construção dos Seguidores,RC-804,stt,etimologia,referencia_oral,nao,0,verificado,média,RC-804-versao-oficial-como-construcao-dos-seguidores.md,"- **Grafia preferida:** Versão Oficial como Construção dos Seguidores - **Variações STT capturadas:** ""versão oficial"", ""crenças baratas, infantilizadas, pouco refletidas"" - **Idio"
criatório de Epimeteu,Centro Alquímico-Farmacopédico,RC-789,stt,etimologia,alta,nao,0,verificado,média,RC-789-centro-alquimico-farmacopedico.md,"- **Grafia preferida:** Centro Alquímico-Farmacopédico - **Variações STT capturadas:** ""centro alquímico"", ""centro farmacopédico"", ""criatório de Prometeu"", ""criatório de Epimeteu"" "
criatório de Prometeu,Centro Alquímico-Farmacopédico,RC-789,stt,etimologia,alta,nao,0,verificado,média,RC-789-centro-alquimico-farmacopedico.md,"- **Grafia preferida:** Centro Alquímico-Farmacopédico - **Variações STT capturadas:** ""centro alquímico"", ""centro farmacopédico"", ""criatório de Prometeu"", ""criatório de Epimeteu"" "
criação tragou,Pandemia de Buraco Branco que Traga (Javé Tragado pela Criação),RC-809,stt,etimologia,referencia_oral,nao,0,verificado,média,RC-809-pandemia-buraco-branco-que-traga.md,"- **Grafia preferida:** Pandemia de Buraco Branco que Traga (Javé Tragado pela Criação) - **Variações STT capturadas:** ""buraco branco"", ""buraco negro"", ""tragado"", ""criação tragou"""
Cristva,Krishna (avatar de Vishnu/Shiva),RC-414,stt,prosa,baixa,nao,0,verificado,alta,RC-414-krishna-avatar-de-vishnu-shiva.md,"erra"". ### P2021-01-23 - **[P2021-01-23 — FONTE ORIGINAL] Krishna (STT 'Cristo/Cristva') (U0750–U1050):** ""os seres que viviam "
Cubers,A Rebelião dos Elétrons,RC-378,stt,prosa,baixa,nao,0,verificado,alta,RC-378-a-rebeliao-dos-eletrons.md,"modificar a lógica da mente que criou esses sistemas**... Brás Cubas [STT 'Cubers/Brcubber']: 'eu não tive filhos, não quis passar "
cvães,Fenvans,RC-064,stt,prosa,baixa,nao,0,verificado,alta,RC-064-fenvans.md,"am aqui, que ficava o tempo todo olhando pro universo.» — os Fenvans (STT ""cvães/fvães/fenvães/senvães""), residentes no Ginnungagap, idealizava"
código genético,Alimentação por Perfume dos Humanos (Demos se Alimentam de DNA),RC-820,stt,etimologia,referencia_oral,nao,0,verificado,média,RC-820-alimentacao-por-perfume-dos-humanos.md,"- **Grafia preferida:** Alimentação por Perfume dos Humanos (Demos se Alimentam de DNA) - **Variações STT capturadas:** ""perfume"", ""sequências genéticas"", ""elementos sutis"", ""alime"
código genético,Código Genético como Marca da Herança Demoníaca,RC-825,stt,etimologia,referencia_oral,nao,0,verificado,média,RC-825-codigo-genetico-como-marca-heranca-demoniaca.md,"- **Grafia preferida:** Código Genético como Marca da Herança Demoníaca - **Variações STT capturadas:** ""código genético"", ""sequências genéticas"", ""DNA"", ""infecção"", ""marcas"", ""ele"
cópias de consciências,Egrégora de Lilith / Noreia (Loop Mental Vivo),RC-787,stt,etimologia,referencia_oral,nao,0,verificado,média,RC-787-egregora-de-lilith-noreia.md,"- **Grafia preferida:** Egrégora de Lilith / Noreia (Loop Mental Vivo) - **Variações STT capturadas:** ""loops mentais"", ""cópias de consciências"", ""egrégora viva"", ""loop mental vivo"
Cópta,Hipóstase dos Arcontes (livro gnóstico; 'realidade dos regentes'),RC-770,stt,prosa,referencia_oral,nao,0,verificado,média,RC-770-hipostase-dos-arcontes.md, cópia do séc. III encontrada em 1945 em Nag Hammadi em versão copta (STT «Cópta») — ver BLOCO 2; a revelação recebida pe
da apostila do ciclo,(devolutiva de 28/08/2026),RC-020,stt,etimologia,alta,nao,0,verificado,alta,RC-020-anjos-caidos.md,STT da apostila do ciclo.
da da,Ponto de Luz Humano / Ilha de Negentropia,RC-725,stt,prosa,referencia_oral,nao,0,verificado,média,RC-725-ponto-de-luz-humano-ilha-de-negentropia.md,"o arrastar e ele tá ali. Mas a correnteza levou a humanidade"" (grafia STT ""da da"" sem emenda). ### P2022-07-16 (Do Ramay"
Danerium,Danérion,RC-598,stt,etimologia,alta,nao,0,verificado,média,RC-598-danerion.md,"STT: Danerium, Danério, Danéon, Danon."
Danon,Danérion,RC-598,stt,etimologia,alta,nao,0,verificado,média,RC-598-danerion.md,"STT: Danerium, Danério, Danéon, Danon."
Danta vacra,Ravana,RC-582,stt,prosa,baixa,nao,0,verificado,média,RC-582-ravana.md," Ravana e Kumbhakarna (mortos por Rama); 3º: Dantavakra e Shishupala [STT ""Danta vacra/Chile Chupa/Xupala""] (mortos por Krishna); ""os últimos milh"
Danéon,Danérion,RC-598,stt,etimologia,alta,nao,0,verificado,média,RC-598-danerion.md,"STT: Danerium, Danério, Danéon, Danon."
Danério,Danérion,RC-598,stt,etimologia,alta,nao,0,verificado,média,RC-598-danerion.md,"STT: Danerium, Danério, Danéon, Danon."
daroismo,Espelho da Herança Espiritual no Epigenoma,RC-543,stt,prosa,referencia_oral,nao,0,verificado,alta,RC-543-espelho-da-heranca-espiritual-no-epigenoma.md,"to materialista, chamado materialismo científico, chamado DARWINISMO [STT 'daroismo'], que diz que a CAUSAÇÃO ASCENDENTE... "
Daxa,Daksha e Virini,RC-701,stt,prosa,baixa,nao,0,verificado,média,RC-701-daksha-e-virini.md,"filho de Brama que teve várias consortes e teve 10 filhas.» — Daksha (STT ""Daxa/Daxha"") como filho/descendente de Brahma, pai "
Daxha,Daksha e Virini,RC-701,stt,prosa,baixa,nao,0,verificado,média,RC-701-daksha-e-virini.md,"filho de Brama que teve várias consortes e teve 10 filhas.» — Daksha (STT ""Daxa/Daxha"") como filho/descendente de Brahma, pai "
Derimatel,Jesus,RC-072,stt,prosa,baixa,nao,0,verificado,alta,RC-072-jesus.md," Jesus]; ""Jesus, mesmo sendo judeu, FINANCIADO POR JOSÉ DE ARIMATEIA [STT 'Derimatel'], estudou o que pôde estudar nas viagen"
Derratma B,Vrittis e Cittas (atividades e núcleos mentais),RC-760,stt,prosa,referencia_oral,nao,0,verificado,média,RC-760-vrittis-e-cittas-atividades-e-nucleos-mentais.md,"amos enjaulados... de má utilização da conjugação do verbo eu sou""; o STT ""Derratma B"" [≈ **Dehātma-buddhi** — a identificação"
Derratman Bud,Dehatma Buddhi,RC-551,stt,prosa,baixa,nao,0,verificado,alta,RC-551-dehatma-buddhi-doenca-psiquica-da-mente-identificada-com-o-corpo.md," é isso que os outros pensam que eles são.» — Dehatma Buddhi (RC-551, STT 'Derratman Bud'): a palavra sânscrita para 'aquele ser "
descendência de Nix,Nyx como Mãe de Origem de Pandora,RC-795,stt,etimologia,referencia_oral,nao,0,em análise,baixa,RC-795-nyx-como-mae-de-origem-de-pandora.md,"- **Grafia preferida:** Nyx como Mãe de Origem de Pandora - **Variações STT capturadas:** ""Nix"", ""Nyx"", ""NYX"", ""descendência de Nix"" - **Idioma de origem:** Grego antigo (Νύξ ""Nyx"""
desfraudada,"Patriarcado desde Pandora (Origem no Feminino, Dominação pelo Masculin",RC-818,stt,etimologia,referencia_oral,nao,0,verificado,média,RC-818-patriarcado-desde-pandora.md,"- **Grafia preferida:** Patriarcado desde Pandora (Origem no Feminino, Dominação pelo Masculino) - **Variações STT capturadas:** ""patriarcalismo"", ""patriarcado"", ""ferrando feminino"
deslacre,Desvio de Rota de Pandora (Contra o Plano de Zeus),RC-806,stt,etimologia,referencia_oral,nao,0,verificado,média,RC-806-desvio-de-rota-de-pandora.md,"- **Grafia preferida:** Desvio de Rota de Pandora (Contra o Plano de Zeus) - **Variações STT capturadas:** ""desvio de rota"", ""deslacre"", ""presente funesto"", ""presente surpresa"" - *"
desse dois universos,Drama do Fechamento dos Portais,RC-295,stt,prosa,referencia_oral,nao,0,em análise,baixa,RC-295-drama-do-fechamento-dos-portais.md,"a Trimurto estabeleceu em quem comanda as coisas por aqui.») — grafia STT ""desse dois universos"" sem emenda. ### P2022-10-01 (A Wyrd e "
destrave,Momento Zero de Pandora,RC-779,stt,etimologia,alta,nao,0,verificado,média,RC-779-momento-zero-de-pandora.md,"- **Grafia preferida:** Momento Zero de Pandora - **Variações STT capturadas:** ""ponto zero"", ""inflexão cósmica"", ""destrave"" - **Idioma de origem:** Português + ""momento zero"" como"
desvio de rota,Desvio de Rota de Pandora (Contra o Plano de Zeus),RC-806,stt,etimologia,referencia_oral,nao,0,verificado,média,RC-806-desvio-de-rota-de-pandora.md,"- **Grafia preferida:** Desvio de Rota de Pandora (Contra o Plano de Zeus) - **Variações STT capturadas:** ""desvio de rota"", ""deslacre"", ""presente funesto"", ""presente surpresa"" - *"
Dibiru,Nibiru,RC-589,stt,etimologia,alta,nao,0,verificado,alta,RC-589-nibiru.md,STT: Dibiru.
Diego Dilanda,Baktun 13,RC-576,stt,prosa,baixa,nao,0,em análise,baixa,RC-576-baktun-13.md,"un 13 e Diego de Landa (U0620–U0640):** ""se não fosse Diego de Landa [STT 'Diego Dilanda'], um frade espanhol que em 1453 [1562 —"
Diriarastra,Krishna (avatar de Vishnu/Shiva),RC-414,stt,prosa,baixa,nao,0,verificado,alta,RC-414-krishna-avatar-de-vishnu-shiva.md,"aldição da rainha Gandhari (STT ""Gandares""; esposa de Dhritarashtra — STT ""Diriarastra"") no Mahabharata → Krishna perde a forma"
DNA,Código Genético como Marca da Herança Demoníaca,RC-825,stt,etimologia,referencia_oral,nao,0,verificado,média,RC-825-codigo-genetico-como-marca-heranca-demoniaca.md,"- **Grafia preferida:** Código Genético como Marca da Herança Demoníaca - **Variações STT capturadas:** ""código genético"", ""sequências genéticas"", ""DNA"", ""infecção"", ""marcas"", ""ele"
do pronome com o nome («porque era um avatar quechava,s são do bruto,RC-425,stt,etimologia,alta,nao,0,verificado,alta,RC-425-krishna-como-pretenso-keshava.md,"STT do pronome com o nome («porque era um avatar quechava»); na fonte de 02/12/2023 (RC-414), «quechada». [REVISAR: as duas grafias são do bruto; **não** se unificam nem se corrige"
e a forma canônica da Base permanece a das obras,"(devolutiva de 28/08/2026, D-4)",RC-089,stt,etimologia,alta,nao,0,em análise,baixa,RC-089-processador-val.md,"STT como `Vol` (6×), `vol` (4×), `voz` (2×), `V.` — o nome da família **não** é unificável a partir do TXT, e a forma canônica da Base permanece a das obras."
e a frase que associa o,CFD (Código Fonte Definidor),RC-040,stt,etimologia,alta,nao,0,verificado,alta,RC-040-cfd-codigo-fonte-definidor.md,"STT entra nesta ficha, e a frase que associa o"
e a l,Cinco Seres LM de Tempérion,RC-607,stt,prosa,referencia_oral,nao,0,verificado,média,RC-607-cinco-seres-lm-de-temperion.md,"oi assim que dois desses cinco seres, cujos nomes eram **Elm e Olm** [STT 'e a l'], começaram a conviver com os outros Se"
e log,Wyrd / Urd (Teia do Destino),RC-658,stt,prosa,referencia_oral,nao,0,verificado,média,RC-658-wyrd-urd-teia-do-destino.md,"es em comparação com o parâmetro inicial.» — a origem da Wyrd: Orlog (STT ""e log"" — o Olog/Moros da RC-454) criou com a a"
e é por isso que a materialização se apoia no verbo dela,(devolutiva de 28/08/2026),RC-020,stt,etimologia,alta,nao,0,verificado,alta,RC-020-anjos-caidos.md,"STT para os nomes do entorno: «I Luzbell», «Luisber», «Luzbel», «a rebelião de Lúcia» [REVISAR: feminização do STT → CHANCELA 2026-09-06 · F039-L3: AGUARDA-ÁUDIO (STT preservado co"
Eard,Teia quântica (o que sai de um ser volta para ele),RC-559,stt,prosa,referencia_oral,nao,0,verificado,média,RC-559-teia-quantica.md," égide de **Orlog** (STT ""Orlock"" corrigido) e ligada a **Urd/Wyrd** (STT ""Earth/Eard"" corrigido) — mesma linhagem do Elm (RC-"
Earth,Teia quântica (o que sai de um ser volta para ele),RC-559,stt,prosa,referencia_oral,nao,0,verificado,média,RC-559-teia-quantica.md," égide de **Orlog** (STT ""Orlock"" corrigido) e ligada a **Urd/Wyrd** (STT ""Earth/Eard"" corrigido) — mesma linhagem do Elm (RC-"
Edgarmon,Exilados de Capela,RC-007,stt,prosa,baixa,nao,0,verificado,alta,RC-007-exilados-de-capela.md," Edgard Armond escreveu ""Exilados e Capela"" em homenagem ao capítulo (STT ""Edgarmon"" — grafia canônica: Edgard Armond). ## "
Efestos,Pandora,RC-086,stt,prosa,baixa,nao,0,em análise,baixa,RC-086-pandora.md,invadida por marcações dos demos do Olimpo de Zeus (paráfrase U0008); STT «Efestos» (Hefesto); RC-086 Pandora. ## Fontes 
egrégora viva,Egrégora de Lilith / Noreia (Loop Mental Vivo),RC-787,stt,etimologia,referencia_oral,nao,0,verificado,média,RC-787-egregora-de-lilith-noreia.md,"- **Grafia preferida:** Egrégora de Lilith / Noreia (Loop Mental Vivo) - **Variações STT capturadas:** ""loops mentais"", ""cópias de consciências"", ""egrégora viva"", ""loop mental vivo"
El Breziel,e nenhuma hipótese etimológica é feita a partir do TXT,RC-018,stt,prosa,referencia_oral,nao,0,em análise,baixa,RC-018-alt-lam-gron.md,"do 115 da família V, 617 L e por aí vai.»); Ielreasil e Iel Breasiel (STT ""Iel Breasiel/El Breziel/Yel Brasil"") ""não se astralizaram, também não se su"
Elelet,Noreia,RC-579,stt,prosa,baixa,nao,0,verificado,média,RC-579-noreia-norea.md,"o curador em 2026-08-14. ## Ampliação ### P2026-07-25 - **Eleleth (STT ""Elelf/Elelet""):** anjo (não arconte) que explica a No"
Elelf,Noreia,RC-579,stt,prosa,baixa,nao,0,verificado,média,RC-579-noreia-norea.md,"o curador em 2026-08-14. ## Ampliação ### P2026-07-25 - **Eleleth (STT ""Elelf/Elelet""):** anjo (não arconte) que explica a No"
elementos sutis,Alimentação por Perfume dos Humanos (Demos se Alimentam de DNA),RC-820,stt,etimologia,referencia_oral,nao,0,verificado,média,RC-820-alimentacao-por-perfume-dos-humanos.md,"- **Grafia preferida:** Alimentação por Perfume dos Humanos (Demos se Alimentam de DNA) - **Variações STT capturadas:** ""perfume"", ""sequências genéticas"", ""elementos sutis"", ""alime"
elementos sutis,Código Genético como Marca da Herança Demoníaca,RC-825,stt,etimologia,referencia_oral,nao,0,verificado,média,RC-825-codigo-genetico-como-marca-heranca-demoniaca.md,"- **Grafia preferida:** Código Genético como Marca da Herança Demoníaca - **Variações STT capturadas:** ""código genético"", ""sequências genéticas"", ""DNA"", ""infecção"", ""marcas"", ""ele"
embrionário do canônico,Awayen (consagrada por RC-771/ART-2025-08-01),RC-836,stt,etimologia,alta,nao,0,verificado,média,RC-836-forno-de-awayen-forno-de-brahma-central-de-realidades.md,STT embrionário do canônico.
Ened,Enéade de Heliópolis,RC-627,stt,etimologia,alta,nao,0,verificado,média,RC-627-eneade-de-heliopolis.md,STT: Ened.
Enenk,Hermes Trismegisto,RC-463,stt,prosa,baixa,nao,0,verificado,alta,RC-463-hermes-trismegisto-ningishzidda-thoth-quetzalcoatl.md," que viria a ser conhecido mais tarde na cultura egípcia como Tot.»); STT «Enenk» (= Enki; RC-460 Marduk = Ra, filho de E"
Enk,Genoma da Liberdade,RC-619,stt,prosa,baixa,nao,0,em análise,baixa,RC-619-genoma-da-liberdade.md,"Pandora fez o movimento de consciência e quando Enki, o ser Anunnaki [STT 'Enk, o ser Anonak'], fez manipulações com outros humanos e"
entra nesta ficha,CFD (Código Fonte Definidor),RC-040,stt,etimologia,alta,nao,0,verificado,alta,RC-040-cfd-codigo-fonte-definidor.md,"STT entra nesta ficha, e a frase que associa o"
era da solidão,Era da Solidão de Javé (500 Milhões de Anos),RC-808,stt,etimologia,referencia_oral,nao,0,verificado,alta,RC-808-era-da-solidao-de-jave.md,"- **Grafia preferida:** Era da Solidão de Javé (500 Milhões de Anos) - **Variações STT capturadas:** ""era da solidão"", ""Japés"", ""Javé solidão"" - **Idioma de origem:** Português"
era do colapso,Era do Colapso do Caos Organizado,RC-827,stt,etimologia,referencia_oral,nao,0,verificado,média,RC-827-era-do-colapso-do-caos-organizado.md,"- **Grafia preferida:** Era do Colapso do Caos Organizado - **Variações STT capturadas:** ""era do colapso"", ""era do conhecimento"", ""colapso do caos organizado"", ""ilhas de negentrop"
era do conhecimento,Era do Colapso do Caos Organizado,RC-827,stt,etimologia,referencia_oral,nao,0,verificado,média,RC-827-era-do-colapso-do-caos-organizado.md,"- **Grafia preferida:** Era do Colapso do Caos Organizado - **Variações STT capturadas:** ""era do colapso"", ""era do conhecimento"", ""colapso do caos organizado"", ""ilhas de negentrop"
era SAS,Era Sapiens,RC-238,stt,prosa,baixa,nao,0,em análise,baixa,RC-238-era-sapiens.md,[Começa a Era Sapiens] (U0014)** «Começa a era SAS.» — a Era Sapiens (STT 'era SAS') começou depois de dois grandes catacli
Era Sápens,Era Sapiens,RC-238,stt,prosa,baixa,nao,0,em análise,baixa,RC-238-era-sapiens.md,"-31"" +++ # Era Sapiens — RC-238 ## Definição Sintética Era Sapiens (STT 'Era Sápens'): o livro (e a era) sobre a interação d"
escolas religiosas impositivas,Judaísmo como Destruidor do Mito de Pandora/Lilith,RC-796,stt,etimologia,referencia_oral,nao,0,verificado,média,RC-796-judaismo-como-destruidor-do-mito.md,"- **Grafia preferida:** Judaísmo como Destruidor do Mito de Pandora/Lilith - **Variações STT capturadas:** ""judaísmo"", ""escolas religiosas impositivas"", ""religiões impositivas"" - *"
espalharam o mal,Mudança de Estratégia das Trevas (Centralizar → Espalhar),RC-798,stt,etimologia,referencia_oral,nao,0,verificado,média,RC-798-mudanca-de-estrategia-das-trevas.md,"- **Grafia preferida:** Mudança de Estratégia das Trevas (Centralizar → Espalhar) - **Variações STT capturadas:** ""mudança de estratégia"", ""espalharam o mal"", ""centralizar o poder"""
especiação do DNA,Especiação a partir do DNA Humano,RC-778,stt,etimologia,referencia_oral,nao,0,verificado,média,RC-778-especiacao-a-partir-do-dna-humano.md,"- **Grafia preferida:** Especiação a partir do DNA Humano - **Variações STT capturadas:** ""especiação"", ""especiação do DNA"", ""especiação humana cósmica"" (sinônimos contextuais) - *"
"especiação humana cósmica"" (sinônimos contextuais",Especiação a partir do DNA Humano,RC-778,stt,etimologia,referencia_oral,nao,0,verificado,média,RC-778-especiacao-a-partir-do-dna-humano.md,"- **Grafia preferida:** Especiação a partir do DNA Humano - **Variações STT capturadas:** ""especiação"", ""especiação do DNA"", ""especiação humana cósmica"" (sinônimos contextuais) - *"
espiritismo,Espiritismo com Germe da Poluição Católica/Protestante,RC-805,stt,etimologia,referencia_oral,nao,0,verificado,média,RC-805-espiritismo-com-germe-da-poluicao-catolica.md,"- **Grafia preferida:** Espiritismo com Germe da Poluição Católica/Protestante - **Variações STT capturadas:** ""espiritismo"", ""germe da poluição"", ""soldados espíritas"", ""ex-católic"
esta ficha (RC-801) é a umbrella conceitual da linhagem,Saibaba como Precursor de Jesus,RC-801,stt,etimologia,referencia_oral,nao,0,em análise,baixa,RC-801-saibaba-como-precursor-de-jesus.md,"STT). A partir de 03/09/2026, cada figura tem **ficha própria** (RC-927/928/929); esta ficha (RC-801) é a umbrella conceitual da linhagem."
Estivara,Ishvara (Isuara — Retrato de Prabrajna Antes da Queda),RC-691,stt,prosa,referencia_oral,nao,0,verificado,média,RC-691-ishvara-isuara---retrato-de-prabrajna-antes-da-queda.md,"ar é o ser com o sati nadana gana se um dia isso existir.» — Ishvara (STT ""ovvar/Estivara"") = o Javé/Brahma reconstruído com o Sat"
estonas,Espelho da Herança Espiritual no Epigenoma,RC-543,stt,prosa,referencia_oral,nao,0,verificado,alta,RC-543-espelho-da-heranca-espiritual-no-epigenoma.md,"ipo de célula""; ""em cada célula do corpo da gente tem lá as HISTONAS [STT 'estonas'], ou seja, proteínas e as duplas hélice"
ex-católicos,Espiritismo com Germe da Poluição Católica/Protestante,RC-805,stt,etimologia,referencia_oral,nao,0,verificado,média,RC-805-espiritismo-com-germe-da-poluicao-catolica.md,"- **Grafia preferida:** Espiritismo com Germe da Poluição Católica/Protestante - **Variações STT capturadas:** ""espiritismo"", ""germe da poluição"", ""soldados espíritas"", ""ex-católic"
ex-protestantes,Espiritismo com Germe da Poluição Católica/Protestante,RC-805,stt,etimologia,referencia_oral,nao,0,verificado,média,RC-805-espiritismo-com-germe-da-poluicao-catolica.md,"- **Grafia preferida:** Espiritismo com Germe da Poluição Católica/Protestante - **Variações STT capturadas:** ""espiritismo"", ""germe da poluição"", ""soldados espíritas"", ""ex-católic"
Exildo,Javé como Caos Personificado,RC-782,stt,prosa,baixa,nao,0,verificado,média,RC-782-jave-como-caos-personificado.md,"fusão com a Teogonia acadêmica ou com mitologia comparada. - A grafia STT ""Exildo"" deve ser canonizada para ""Hesíodo"" (a a"
fa vinagem,Pashvnaj,RC-455,stt,etimologia,alta,nao,0,verificado,alta,RC-455-pashvnaj-especie-de-43-seres-do-genero-adhy.md,"Variações de STT: vinage, fa vinagem, pasivagem. Grafia ainda deve ser conferida em áudio/obra primária."
faça sem esperar receber,Conceito Abaiano (Fazer Sem Esperar Receber),RC-793,stt,etimologia,referencia_oral,nao,0,verificado,média,RC-793-conceito-abaiano.md,"- **Grafia preferida:** Conceito Abaiano (Fazer Sem Esperar Receber) - **Variações STT capturadas:** ""conceito abaiano"", ""viva sem se perguntar"", ""faça sem esperar receber"" - **Idi"
fenvães,Fenvans,RC-064,stt,prosa,baixa,nao,0,verificado,alta,RC-064-fenvans.md,"am aqui, que ficava o tempo todo olhando pro universo.» — os Fenvans (STT ""cvães/fvães/fenvães/senvães""), residentes no Ginnungagap, idealizava"
ferrando feminino,"Patriarcado desde Pandora (Origem no Feminino, Dominação pelo Masculin",RC-818,stt,etimologia,referencia_oral,nao,0,verificado,média,RC-818-patriarcado-desde-pandora.md,"- **Grafia preferida:** Patriarcado desde Pandora (Origem no Feminino, Dominação pelo Masculino) - **Variações STT capturadas:** ""patriarcalismo"", ""patriarcado"", ""ferrando feminino"
final de genética,Humanos como Cobaias dos Deuses,RC-802,stt,etimologia,referencia_oral,nao,0,verificado,média,RC-802-humanos-como-cobaias-dos-deuses.md,"- **Grafia preferida:** Humanos como Cobaias dos Deuses - **Variações STT capturadas:** ""cobaias"", ""cobaias humanas"", ""final de genética"" - **Idioma de origem:** Português"
fissão,Fissão em Dois Universos (Matéria + Antimatéria),RC-811,stt,etimologia,referencia_oral,nao,0,verificado,média,RC-811-fissao-em-dois-universos.md,"- **Grafia preferida:** Fissão em Dois Universos (Matéria + Antimatéria) - **Variações STT capturadas:** ""universo paralelo"", ""matéria e antimatéria"", ""fissão"" - **Idioma de origem"
fofocas do circuito ao qual o espírito que me anima pertence,Fofocas cósmicas,RC-191,stt,etimologia,alta,nao,0,em análise,baixa,RC-191-fofocas-cosmicas.md,"STT entregou para *fofoca*; preservar → CHANCELA 2026-09-06 · F039-L3: AGUARDA-ÁUDIO (STT preservado como falado) — ver nota], «fofocas do circuito ao qual o espírito que me anima "
fogo que não se observa mais,Fogo que se Apaga (Fogo de Prometeu Hoje),RC-792,stt,etimologia,referencia_oral,nao,0,verificado,média,RC-792-fogo-que-se-apaga.md,"- **Grafia preferida:** Fogo que se Apaga (Fogo de Prometeu Hoje) - **Variações STT capturadas:** ""fogo"", ""fogo que não se observa mais"", ""fogo que se apagou"", ""acender o fogo"" - *"
fogo que se apagou,Fogo que se Apaga (Fogo de Prometeu Hoje),RC-792,stt,etimologia,referencia_oral,nao,0,verificado,média,RC-792-fogo-que-se-apaga.md,"- **Grafia preferida:** Fogo que se Apaga (Fogo de Prometeu Hoje) - **Variações STT capturadas:** ""fogo"", ""fogo que não se observa mais"", ""fogo que se apagou"", ""acender o fogo"" - *"
forno de Alamaior,Sophia,RC-009,stt,prosa,baixa,nao,0,verificado,alta,RC-009-sophia-cristo-cosmico.md,"artir deles, gerou Sophia, sua contraparte no universo material""; **o STT ""forno de Alamaior"" (P2021-12-04, U0621) foi confirmado com"
Fox P2,Genoma da Liberdade,RC-619,stt,prosa,baixa,nao,0,em análise,baixa,RC-619-genoma-da-liberdade.md,"lações com outros humanos e surgiu a linguagem através do gene FOXP2 [STT 'Fox P2']"" (U0633–U0635); ""a racionalidade human"
fragil,Moiras / Nornes / Súdices / Parcas (destino),RC-467,stt,prosa,referencia_oral,nao,0,verificado,alta,RC-467-moiras-nornes-parcas-destino.md, nornes ou as moiras elas não conseguiam tecer direito... foi Frigga [STT 'Friga/fragil'] que ajudou esse processo para as norne
fragil,"Ananque (estudou as necessidades dos códigos podres, com Moros; base d",RC-777,stt,prosa,referencia_oral,nao,0,verificado,média,RC-777-ananque-estudou-as-necessidades-dos-codigos-podres.md,STT — REVISAR → RESOLVIDO 10/09/2026 · F038-L5: Frigga — “foi Frigga [STT ‘Friga/fragil’]... Frigga na mitologia nórdica” (RC-46
Fria,Pacto Aesir-Vanir como Origem Nórdica da Ideia de Pandora,RC-816,stt,etimologia,referencia_oral,nao,0,verificado,média,RC-816-pacto-aesir-vanir-origem-pandora.md,"- **Grafia preferida:** Pacto Aesir-Vanir como Origem Nórdica da Ideia de Pandora - **Variações STT capturadas:** ""Aesir"", ""Vanir"", ""Fria"", ""Kvasir"", ""tigela"", ""saliva"" - **Idioma "
Friga,Moiras / Nornes / Súdices / Parcas (destino),RC-467,stt,prosa,referencia_oral,nao,0,verificado,alta,RC-467-moiras-nornes-parcas-destino.md, nornes ou as moiras elas não conseguiam tecer direito... foi Frigga [STT 'Friga/fragil'] que ajudou esse processo para as norne
Friga,"Ananque (estudou as necessidades dos códigos podres, com Moros; base d",RC-777,stt,prosa,referencia_oral,nao,0,verificado,média,RC-777-ananque-estudou-as-necessidades-dos-codigos-podres.md,STT — REVISAR → RESOLVIDO 10/09/2026 · F038-L5: Frigga — “foi Frigga [STT ‘Friga/fragil’]... Frigga na mitologia nórdica” (RC-46
fvães,Fenvans,RC-064,stt,prosa,baixa,nao,0,verificado,alta,RC-064-fenvans.md,"am aqui, que ficava o tempo todo olhando pro universo.» — os Fenvans (STT ""cvães/fvães/fenvães/senvães""), residentes no Ginnungagap, idealizava"
fóssil,Jesus,RC-072,stt,prosa,baixa,nao,0,verificado,alta,RC-072-jesus.md,"ainda não se cumpriu, porque seu espírito não sabe acender o fósforo [STT “fóssil” — REVISAR → CHANCELA 10/09/2026 · F039-"
Gandares,Krishna (avatar de Vishnu/Shiva),RC-414,stt,prosa,baixa,nao,0,verificado,alta,RC-414-krishna-avatar-de-vishnu-shiva.md," - **Perda do corpo Adhyajna (RC-016):** maldição da rainha Gandhari (STT ""Gandares""; esposa de Dhritarashtra — STT ""Diriara"
Gautama,Budismo como Exceção (Sem Deus),RC-803,stt,etimologia,referencia_oral,nao,0,verificado,média,RC-803-budismo-como-excecao.md,"- **Grafia preferida:** Budismo como Exceção (Sem Deus) - **Variações STT capturadas:** ""budismo"", ""Buda"", ""Gautama"", ""Grande Galan"" (= Buda Gautama) - **Idioma de origem:** Sânscr"
gentropia,Ponto de Luz Humano / Ilha de Negentropia,RC-725,stt,prosa,referencia_oral,nao,0,verificado,média,RC-725-ponto-de-luz-humano-ilha-de-negentropia.md,"ron e por aí vai.» — o corpo humano é uma ilha de negentropia (grafia STT ""gentropia""): enquanto vivo, o eu produz informaçõe"
germe da poluição,Espiritismo com Germe da Poluição Católica/Protestante,RC-805,stt,etimologia,referencia_oral,nao,0,verificado,média,RC-805-espiritismo-com-germe-da-poluicao-catolica.md,"- **Grafia preferida:** Espiritismo com Germe da Poluição Católica/Protestante - **Variações STT capturadas:** ""espiritismo"", ""germe da poluição"", ""soldados espíritas"", ""ex-católic"
Gerço,A Rebelião dos Elétrons,RC-378,stt,prosa,baixa,nao,0,verificado,alta,RC-378-a-rebeliao-dos-eletrons.md,"00 E POUCOS MIL ANOS atrás**, contaminou a porrada de gente... gerou [STT 'Gerço' — gerou?] 100 desdobramentos, **surgiu "
Gimung Gagap,Ginnungagap (zona intercessória entre universos; prisão dos fenvans fr,RC-776,stt,prosa,referencia_oral,nao,0,em análise,baixa,RC-776-ginnungagap-zona-intercessoria-entre-universos.md,", que na mitologia nórdica é chamada de ginungagap.» — o Ginnungagap (STT ""ginungagap/Gimung Gagap"") como a interseção entre o universo mat"
Ginungagap,Ginnungagap (zona intercessória entre universos; prisão dos fenvans fr,RC-776,stt,prosa,referencia_oral,nao,0,em análise,baixa,RC-776-ginnungagap-zona-intercessoria-entre-universos.md,"es]** ""essa região aqui que na mitologia nórdica chama-se GINUNGAGAP [STT 'Ginungagap']"": a 1ª vibração (o plasma); a 2ª (o ""p"
GN Fox P2,Foz Côa / FOXP2 (símbolos),RC-400,stt,prosa,referencia_oral,nao,0,verificado,alta,RC-400-foz-coa-foxp2-simbolos.md,"54: «000 anos, você não vai encontrar o GN Fox P2 no genoma deles.»); STT «GN Fox P2» (RC-400 Foz Côa/FOXP2). ### P2022-11-"
"Grande Galan"" (= Buda Gautama",Budismo como Exceção (Sem Deus),RC-803,stt,etimologia,referencia_oral,nao,0,verificado,média,RC-803-budismo-como-excecao.md,"- **Grafia preferida:** Budismo como Exceção (Sem Deus) - **Variações STT capturadas:** ""budismo"", ""Buda"", ""Gautama"", ""Grande Galan"" (= Buda Gautama) - **Idioma de origem:** Sânscr"
greve de fome,Greve de Fome Genética (Suicídio como Quebra do Código Demoníaco),RC-824,stt,etimologia,referencia_oral,nao,0,verificado,média,RC-824-greve-de-fome-genetica.md,"- **Grafia preferida:** Greve de Fome Genética (Suicídio como Quebra do Código Demoníaco) - **Variações STT capturadas:** ""greve de fome"", ""sata garra"", ""lona"", ""jejum"" - **Idioma "
gêmeos savãs,Sophia,RC-009,stt,prosa,baixa,nao,0,verificado,alta,RC-009-sophia-cristo-cosmico.md,"""OS ANJOS DE SOFIA E SOFIA ESTUDARAM LOUCAMENTE A SÍNDROME DE SAVANT [STT 'gêmeos savãs']... aquele filme RAIN MAN... esse ser h"
Hamana,Vaishnavismo (vixenuísmo — tradição hindu de adoração a Vishnu/Krishna,RC-757,stt,prosa,referencia_oral,nao,0,verificado,média,RC-757-vaishnavismo-vixenuismo-tradicao-hindu.md,"ístas, **DISPUTAM ATÉ HOJE FERRENHAMENTE OS EUS EXPANDIDOS DE [RAMA — STT 'Hamana'] E DE KRISHNA. Os seguidores de Vishnu "
Hana,Krishna (avatar de Vishnu/Shiva),RC-414,stt,prosa,baixa,nao,0,verificado,alta,RC-414-krishna-avatar-de-vishnu-shiva.md,"ando em Hana, isso fazia com que a dor fosse transferida paraa Hana"" (STT ""Hana"" [REVISAR — Brahma? → CHANCELA 2026-09-0"
"Havaingã"" (P2021-05-15",Awaylengan (consagrada por RC-771/ART-2025-08-01),RC-837,stt,etimologia,referencia_oral,nao,0,verificado,média,RC-837-forno-de-awaylengan-forno-de-shiva.md,"- **Grafia preferida (canônica):** Awaylengan (consagrada por RC-771/ART-2025-08-01). - **Grau oral fundador (P2019-08-25):** ""**Awai Lengan**"" / ""Ailingan"" / ""Lingan"" / ""Hawai Lin"
Hawaien,Awayen (consagrada por RC-771/ART-2025-08-01),RC-836,stt,prosa,baixa,nao,0,verificado,média,RC-836-forno-de-awayen-forno-de-brahma-central-de-realidades.md," (RC-102), **Projeto Talm** (RC-091), **Val Tam** (RC-132). Grau oral STT ""aen/a Aen/Hawaien"" registrado como embrionário — **não ren"
Hawaiingan,Awaylengan (consagrada por RC-771/ART-2025-08-01),RC-837,stt,etimologia,referencia_oral,nao,0,verificado,média,RC-837-forno-de-awaylengan-forno-de-shiva.md,"- **Grafia preferida (canônica):** Awaylengan (consagrada por RC-771/ART-2025-08-01). - **Grau oral fundador (P2019-08-25):** ""**Awai Lengan**"" / ""Ailingan"" / ""Lingan"" / ""Hawai Lin"
heroína,Pandora como Heroína Controversa,RC-780,stt,etimologia,alta,nao,0,verificado,média,RC-780-pandora-como-heroina-controversa.md,"- **Grafia preferida:** Pandora como Heroína Controversa - **Variações STT capturadas:** ""heroína"", ""heroína controversa"", ""Pandora destravou mas extrapolou"" - **Idioma de origem:*"
heroína controversa,Pandora como Heroína Controversa,RC-780,stt,etimologia,alta,nao,0,verificado,média,RC-780-pandora-como-heroina-controversa.md,"- **Grafia preferida:** Pandora como Heroína Controversa - **Variações STT capturadas:** ""heroína"", ""heroína controversa"", ""Pandora destravou mas extrapolou"" - **Idioma de origem:*"
Heru,Eru Ilúvatar (criador no Silmarillion),RC-843,stt,prosa,referencia_oral,nao,0,verificado,média,RC-843-eru-iluvatar-criador-no-silmarillion.md,ador no Silmarillion) — RC-843 ## Definição Sintética Eru Ilúvatar (STT 'Heru/éu iluvatar'): o criador no Silmarillion de Tolkien 
Hockma,Hochmah (2ª Sefirah — Sabedoria; = Sophia),RC-565,stt,prosa,referencia_oral,nao,0,verificado,alta,RC-565-hochmah-2a-sefirah-sabedoria-sophia.md," é um epíteto, que significa personificação da sabedoria.» — Hochmah (STT ""Hockma/Rockma"") é epíteto (""personificação da sabedori"
homem com mulher da espécie sábia,Eva como 3ª Tentativa de Fêmea para Adão (Homem + Mulher da Espécie Sá,RC-814,stt,etimologia,referencia_oral,nao,0,verificado,alta,RC-814-eva-como-terceira-tentativa.md,"- **Grafia preferida:** Eva como 3ª Tentativa de Fêmea para Adão (Homem + Mulher da Espécie Sábia) - **Variações STT capturadas:** ""Eva"", ""alternativa homo"", ""homem com mulher da e"
hopes,Profecia Hopi da Estrela Azul,RC-591,stt,etimologia,referencia_oral,nao,0,verificado,média,RC-591-profecia-hopi-da-estrela-azul.md,"STT: ropes, hopes."
horlog,Wyrd / Urd (Teia do Destino),RC-658,stt,prosa,referencia_oral,nao,0,verificado,média,RC-658-wyrd-urd-teia-do-destino.md,"ase da construção: a teia automatizou-se e saiu do controle de Orlog (STT ""horlog""), que se autoexilou numa loca especial "
humanos terracos,Prole sem Face (Humanos Modificáveis sem Face Definida),RC-819,stt,etimologia,referencia_oral,nao,0,verificado,média,RC-819-prole-sem-face.md,"- **Grafia preferida:** Prole sem Face (Humanos Modificáveis sem Face Definida) - **Variações STT capturadas:** ""prole sem face"", ""progênie sem face"", ""humanos terracos"" - **Idioma"
héreo,Ereon,RC-496,stt,etimologia,alta,nao,0,verificado,média,RC-496-ereon-regiao-dos-cinco-archeons-da-espiritualidade-laboratorial.md,STT: héreo.
héreo,Archeons de Ereon,RC-596,stt,prosa,baixa,nao,0,verificado,média,RC-596-archeons-de-ereon.md,"minada região da espiritualidade laboratorial, que eu chamo de Ereon [STT 'héreo']"" (U0038–U0041); ""os chamados Archeons "
identidade de gênero,Pulsação dos Elétrons Como Afetividade Humana,RC-832,stt,etimologia,referencia_oral,nao,0,verificado,média,RC-832-pulsacao-dos-eletrons-como-afetividade.md,"- **Grafia preferida:** Pulsação dos Elétrons Como Afetividade Humana - **Variações STT capturadas:** ""pulsação dos elétrons"", ""comportamento biológico"", ""afetividade"", ""identidade"
Iel Breasiel,e nenhuma hipótese etimológica é feita a partir do TXT,RC-018,stt,prosa,referencia_oral,nao,0,em análise,baixa,RC-018-alt-lam-gron.md,"do 115 da família V, 617 L e por aí vai.»); Ielreasil e Iel Breasiel (STT ""Iel Breasiel/El Breziel/Yel Brasil"") ""não se astralizaram, também não se su"
IG Brasil,Espelho da Herança Espiritual no Epigenoma,RC-543,stt,prosa,referencia_oral,nao,0,verificado,alta,RC-543-espelho-da-heranca-espiritual-no-epigenoma.md,"ASE""; **A ORIGEM**: ""a 400 milhões de anos a turma lá de [Yggdrasil — STT 'IG Brasil', a decodificação O-4]... aprendeu a faz"
Igrazil,Ancoragem do Conglomerado Trimurtiano na Terra,RC-575,stt,prosa,referencia_oral,nao,0,verificado,média,RC-575-ancoragem-do-conglomerado-trimurtiano-na-terra.md,. do bairro de [entre]stício desses dois universos chamado Yggdrasil [STT 'Igrazil'] na mitologia nórdica fizeram essa mesm
Ih dos elétrons,Rebelião dos Elétrons (Além da Entropia),RC-826,stt,etimologia,referencia_oral,nao,0,verificado,média,RC-826-rebeliao-dos-eletrons.md,"- **Grafia preferida:** Rebelião dos Elétrons (Além da Entropia) - **Variações STT capturadas:** ""rebelião dos elétrons"", ""rebelião dos antielétrons"", ""tribunal da Inquisição dos e"
ilhas de geetropia,Era do Colapso do Caos Organizado,RC-827,stt,etimologia,referencia_oral,nao,0,verificado,média,RC-827-era-do-colapso-do-caos-organizado.md,"- **Grafia preferida:** Era do Colapso do Caos Organizado - **Variações STT capturadas:** ""era do colapso"", ""era do conhecimento"", ""colapso do caos organizado"", ""ilhas de negentrop"
ilhas de negentropia,Era do Colapso do Caos Organizado,RC-827,stt,etimologia,referencia_oral,nao,0,verificado,média,RC-827-era-do-colapso-do-caos-organizado.md,"- **Grafia preferida:** Era do Colapso do Caos Organizado - **Variações STT capturadas:** ""era do colapso"", ""era do conhecimento"", ""colapso do caos organizado"", ""ilhas de negentrop"
Ina,Yima,RC-590,stt,etimologia,alta,nao,0,verificado,média,RC-590-yima.md,STT: Ina.
inconsciente dos elétrons,Memória dos Elétrons e Arcanos,RC-829,stt,etimologia,referencia_oral,nao,0,verificado,média,RC-829-memoria-dos-eletrons-e-arcanos.md,"- **Grafia preferida:** Memória dos Elétrons e Arcanos - **Variações STT capturadas:** ""memória dos elétrons"", ""arcanos"", ""inconsciente dos elétrons"", ""memória dos antielétrons"", """
indiferença amorosa,Vechame Existencial (Sangue de Barata = Amor sem Submissão),RC-823,stt,etimologia,referencia_oral,nao,0,verificado,média,RC-823-vechame-existencial.md,"- **Grafia preferida:** Vechame Existencial (Sangue de Barata = Amor sem Submissão) - **Variações STT capturadas:** ""vechame"", ""vechame existencial"", ""sangue de barata"", ""indiferen"
infecção,Código Genético como Marca da Herança Demoníaca,RC-825,stt,etimologia,referencia_oral,nao,0,verificado,média,RC-825-codigo-genetico-como-marca-heranca-demoniaca.md,"- **Grafia preferida:** Código Genético como Marca da Herança Demoníaca - **Variações STT capturadas:** ""código genético"", ""sequências genéticas"", ""DNA"", ""infecção"", ""marcas"", ""ele"
inflexão cósmica,Momento Zero de Pandora,RC-779,stt,etimologia,alta,nao,0,verificado,média,RC-779-momento-zero-de-pandora.md,"- **Grafia preferida:** Momento Zero de Pandora - **Variações STT capturadas:** ""ponto zero"", ""inflexão cósmica"", ""destrave"" - **Idioma de origem:** Português + ""momento zero"" como"
insegurança,Pulsação dos Elétrons Como Afetividade Humana,RC-832,stt,etimologia,referencia_oral,nao,0,verificado,média,RC-832-pulsacao-dos-eletrons-como-afetividade.md,"- **Grafia preferida:** Pulsação dos Elétrons Como Afetividade Humana - **Variações STT capturadas:** ""pulsação dos elétrons"", ""comportamento biológico"", ""afetividade"", ""identidade"
instrumentos de dominação,Estratégia dos Avatares,RC-797,stt,etimologia,alta,nao,0,verificado,média,RC-797-estrategia-dos-avatares.md,"- **Grafia preferida:** Estratégia dos Avatares - **Variações STT capturadas:** ""avatares"", ""agentes de dominação"", ""instrumentos de dominação"" - **Idioma de origem:** Sânscrito (अ"
Iraniakashipu,Ravana,RC-582,stt,prosa,baixa,nao,0,verificado,média,RC-582-ravana.md,"s pensando em Brahma — arrancava fórmulas de poder) e Hiranyakashipu (STT ""Iraniakashipu"") foram criados para enfraquecer Brahma "
Irra,Sequência Formativa da Racionalidade Humana,RC-785,stt,etimologia,referencia_oral,nao,0,em análise,baixa,RC-785-sequencia-formativa-da-racionalidade-humana.md,"- **Grafia preferida:** Sequência Formativa da Racionalidade Humana - **Variações STT capturadas:** ""Pandora, Lilif, Irra, Eva, Noreia"", ""cadeia de mulheres que produziram a racion"
ISAD,Adhy,RC-011,stt,prosa,baixa,nao,0,verificado,alta,RC-011-adhy.md,"s suas atribuições e de onde tenham que viver"" (B031). Na fonte oral, STT ""seres arte/Ados/Ades/ISAD/Zad"" (mapeamento de curadoria, RC-411). ## "
Jafé,Obatalá (correspondência de Javé em Ifá),RC-666,stt,prosa,referencia_oral,nao,0,em análise,baixa,RC-666-obatala-correspondencia-de-jave-em-ifa.md,"25):** ""Jafé ou Obatalá pediu a Orumilá para criar revelação de Ifá"" (STT ""Jafé/Jahé"") — renovação do Ifá como contramedida à"
Japés,Era da Solidão de Javé (500 Milhões de Anos),RC-808,stt,etimologia,referencia_oral,nao,0,verificado,alta,RC-808-era-da-solidao-de-jave.md,"- **Grafia preferida:** Era da Solidão de Javé (500 Milhões de Anos) - **Variações STT capturadas:** ""era da solidão"", ""Japés"", ""Javé solidão"" - **Idioma de origem:** Português"
Javé abelha rainha,Sistema Arcaico Mental (Javé Como Abelha Rainha),RC-828,stt,etimologia,referencia_oral,nao,0,verificado,alta,RC-828-sistema-arcaico-mental-jave-abelha-rainha.md,"- **Grafia preferida:** Sistema Arcaico Mental (Javé Como Abelha Rainha) - **Variações STT capturadas:** ""sistema arcaico"", ""sistema arcaico mental"", ""Javé abelha rainha"", ""clones "
Javé Brab,Ialdabaoth (= Javé/Samael/Saklas/Sabaoth),RC-482,stt,prosa,baixa,nao,0,verificado,média,RC-482-ialdabaoth-jave-samael-saklas-sabaoth.md, do mesmo ser caído (RC-482 Ialdabaoth = Javé/Samael/Saklas/Sabaoth); STT «Javé Brab» (= Brahma) — grafia canônica Brahma na 
Javé solidão,Era da Solidão de Javé (500 Milhões de Anos),RC-808,stt,etimologia,referencia_oral,nao,0,verificado,alta,RC-808-era-da-solidao-de-jave.md,"- **Grafia preferida:** Era da Solidão de Javé (500 Milhões de Anos) - **Variações STT capturadas:** ""era da solidão"", ""Japés"", ""Javé solidão"" - **Idioma de origem:** Português"
Javé é o caos,Javé como Caos Personificado,RC-782,stt,etimologia,alta,nao,0,verificado,média,RC-782-jave-como-caos-personificado.md,"- **Grafia preferida:** Javé como Caos Personificado - **Variações STT capturadas:** ""caos"", ""Javé é o caos"", ""caos personificado"" - **Idioma de origem:** Grego antigo (Χάος ""chaos"
jejum,Greve de Fome Genética (Suicídio como Quebra do Código Demoníaco),RC-824,stt,etimologia,referencia_oral,nao,0,verificado,média,RC-824-greve-de-fome-genetica.md,"- **Grafia preferida:** Greve de Fome Genética (Suicídio como Quebra do Código Demoníaco) - **Variações STT capturadas:** ""greve de fome"", ""sata garra"", ""lona"", ""jejum"" - **Idioma "
Jesus resolveu não matar,Jesus como Último Avatar (Não Mata),RC-800,stt,etimologia,referencia_oral,nao,0,em análise,baixa,RC-800-jesus-como-ultimo-avatar.md,"- **Grafia preferida:** Jesus como Último Avatar (Não Mata) - **Variações STT capturadas:** ""último avatar"", ""Jesus resolveu não matar"", ""luta íntima do bem e do mal"" - **Idioma de"
judaísmo,Judaísmo como Destruidor do Mito de Pandora/Lilith,RC-796,stt,etimologia,referencia_oral,nao,0,verificado,média,RC-796-judaismo-como-destruidor-do-mito.md,"- **Grafia preferida:** Judaísmo como Destruidor do Mito de Pandora/Lilith - **Variações STT capturadas:** ""judaísmo"", ""escolas religiosas impositivas"", ""religiões impositivas"" - *"
Julin Games,Genoma da Liberdade,RC-619,stt,prosa,baixa,nao,0,em análise,baixa,RC-619-genoma-da-liberdade.md,"ida sob a prisão da voz dos deuses. Aí entra a tese de Julian Jaynes [STT 'Julin Games'] até 2.700 anos atrás, quando Sidarta G"
Krishna murte,Krishna (avatar de Vishnu/Shiva),RC-414,stt,prosa,baixa,nao,0,verificado,alta,RC-414-krishna-avatar-de-vishnu-shiva.md,"va""; ""Krishnam nasceu para ser uma coisa e se recusou a ser"" (grafias STT ""Krishna murte""/""Krishnam"" = Krishna Murti). ### P2022"
Kvasir,Pacto Aesir-Vanir como Origem Nórdica da Ideia de Pandora,RC-816,stt,etimologia,referencia_oral,nao,0,verificado,média,RC-816-pacto-aesir-vanir-origem-pandora.md,"- **Grafia preferida:** Pacto Aesir-Vanir como Origem Nórdica da Ideia de Pandora - **Variações STT capturadas:** ""Aesir"", ""Vanir"", ""Fria"", ""Kvasir"", ""tigela"", ""saliva"" - **Idioma "
lacre genético,Padrão de Consciência Genético por Espécie,RC-807,stt,etimologia,referencia_oral,nao,0,verificado,média,RC-807-padrao-de-consciencia-genetico-por-especie.md,"- **Grafia preferida:** Padrão de Consciência Genético por Espécie - **Variações STT capturadas:** ""padrão de consciência"", ""programação genética"", ""lacre genético"" - **Idioma de o"
lamentação dos deuses,Lamúria dos Deuses (Diagnóstico de Prometeu),RC-791,stt,etimologia,referencia_oral,nao,0,verificado,média,RC-791-lamuria-dos-deuses.md,"- **Grafia preferida:** Lamúria dos Deuses (Diagnóstico de Prometeu) - **Variações STT capturadas:** ""lamúria"", ""lamúria dos deuses"", ""lamentação dos deuses"" - **Idioma de origem:*"
lamúria,Lamúria dos Deuses (Diagnóstico de Prometeu),RC-791,stt,etimologia,referencia_oral,nao,0,verificado,média,RC-791-lamuria-dos-deuses.md,"- **Grafia preferida:** Lamúria dos Deuses (Diagnóstico de Prometeu) - **Variações STT capturadas:** ""lamúria"", ""lamúria dos deuses"", ""lamentação dos deuses"" - **Idioma de origem:*"
lamúria dos deuses,Lamúria dos Deuses (Diagnóstico de Prometeu),RC-791,stt,etimologia,referencia_oral,nao,0,verificado,média,RC-791-lamuria-dos-deuses.md,"- **Grafia preferida:** Lamúria dos Deuses (Diagnóstico de Prometeu) - **Variações STT capturadas:** ""lamúria"", ""lamúria dos deuses"", ""lamentação dos deuses"" - **Idioma de origem:*"
levas genéticas,Especiação Humana — Levas Genéticas,RC-783,stt,etimologia,referencia_oral,nao,0,verificado,média,RC-783-especiacao-humana-levas-geneticas.md,"- **Grafia preferida:** Especiação Humana — Levas Genéticas - **Variações STT capturadas:** ""levas genéticas"", ""1, 2, 3 levas"", ""padrão genético humano"" - **Idioma de origem:** Por"
Lil,Culto a Lilith (Transformação em Deusa Lil Babilônica),RC-813,stt,etimologia,referencia_oral,nao,0,verificado,média,RC-813-culto-a-lilith-babilonia.md,"- **Grafia preferida:** Culto a Lilith (Transformação em Deusa Lil Babilônica) - **Variações STT capturadas:** ""Lil"", ""Lil transformou-se em deusa"", ""Babilônia"", ""mesa"" (= Babel?) "
Lil transformou-se em deusa,Culto a Lilith (Transformação em Deusa Lil Babilônica),RC-813,stt,etimologia,referencia_oral,nao,0,verificado,média,RC-813-culto-a-lilith-babilonia.md,"- **Grafia preferida:** Culto a Lilith (Transformação em Deusa Lil Babilônica) - **Variações STT capturadas:** ""Lil"", ""Lil transformou-se em deusa"", ""Babilônia"", ""mesa"" (= Babel?) "
Lili,Lilith como Rakshasa (Espécie Não-Humana),RC-794,stt,etimologia,referencia_oral,nao,0,verificado,média,RC-794-lilith-como-rakshasa.md,"- **Grafia preferida:** Lilith como Rakshasa (Espécie Não-Humana) - **Variações STT capturadas:** ""Rxassa"", ""Rchaça"", ""Rxaças"", ""rachaças"", ""Lilif"", ""Lili"" - **Idioma de origem:** "
Lilif,Sequência Formativa da Racionalidade Humana,RC-785,stt,etimologia,referencia_oral,nao,0,em análise,baixa,RC-785-sequencia-formativa-da-racionalidade-humana.md,"- **Grafia preferida:** Sequência Formativa da Racionalidade Humana - **Variações STT capturadas:** ""Pandora, Lilif, Irra, Eva, Noreia"", ""cadeia de mulheres que produziram a racion"
Lilif,Lilith como Rakshasa (Espécie Não-Humana),RC-794,stt,etimologia,referencia_oral,nao,0,verificado,média,RC-794-lilith-como-rakshasa.md,"- **Grafia preferida:** Lilith como Rakshasa (Espécie Não-Humana) - **Variações STT capturadas:** ""Rxassa"", ""Rchaça"", ""Rxaças"", ""rachaças"", ""Lilif"", ""Lili"" - **Idioma de origem:** "
lona,Greve de Fome Genética (Suicídio como Quebra do Código Demoníaco),RC-824,stt,etimologia,referencia_oral,nao,0,verificado,média,RC-824-greve-de-fome-genetica.md,"- **Grafia preferida:** Greve de Fome Genética (Suicídio como Quebra do Código Demoníaco) - **Variações STT capturadas:** ""greve de fome"", ""sata garra"", ""lona"", ""jejum"" - **Idioma "
loop mental vivo,Egrégora de Lilith / Noreia (Loop Mental Vivo),RC-787,stt,etimologia,referencia_oral,nao,0,verificado,média,RC-787-egregora-de-lilith-noreia.md,"- **Grafia preferida:** Egrégora de Lilith / Noreia (Loop Mental Vivo) - **Variações STT capturadas:** ""loops mentais"", ""cópias de consciências"", ""egrégora viva"", ""loop mental vivo"
loops mentais,Egrégora de Lilith / Noreia (Loop Mental Vivo),RC-787,stt,etimologia,referencia_oral,nao,0,verificado,média,RC-787-egregora-de-lilith-noreia.md,"- **Grafia preferida:** Egrégora de Lilith / Noreia (Loop Mental Vivo) - **Variações STT capturadas:** ""loops mentais"", ""cópias de consciências"", ""egrégora viva"", ""loop mental vivo"
Luisber,(devolutiva de 28/08/2026),RC-020,stt,etimologia,alta,nao,0,verificado,alta,RC-020-anjos-caidos.md,"STT para os nomes do entorno: «I Luzbell», «Luisber», «Luzbel», «a rebelião de Lúcia» [REVISAR: feminização do STT → CHANCELA 2026-09-06 · F039-L3: AGUARDA-ÁUDIO (STT preservado co"
luta íntima do bem e do mal,Jesus como Último Avatar (Não Mata),RC-800,stt,etimologia,referencia_oral,nao,0,em análise,baixa,RC-800-jesus-como-ultimo-avatar.md,"- **Grafia preferida:** Jesus como Último Avatar (Não Mata) - **Variações STT capturadas:** ""último avatar"", ""Jesus resolveu não matar"", ""luta íntima do bem e do mal"" - **Idioma de"
Luzbel,(devolutiva de 28/08/2026),RC-020,stt,etimologia,alta,nao,0,verificado,alta,RC-020-anjos-caidos.md,"STT para os nomes do entorno: «I Luzbell», «Luisber», «Luzbel», «a rebelião de Lúcia» [REVISAR: feminização do STT → CHANCELA 2026-09-06 · F039-L3: AGUARDA-ÁUDIO (STT preservado co"
Lúcifer com humanos,13 Livros de Lúcifer com Humanos (Necessários Antes do Fim),RC-833,stt,etimologia,referencia_oral,nao,0,em análise,baixa,RC-833-13-livros-de-lucifer-com-humanos.md,"- **Grafia preferida:** 13 Livros de Lúcifer com Humanos (Necessários Antes do Fim) - **Variações STT capturadas:** ""13 livros"", ""9 livros"", ""Lúcifer com humanos"", ""rebelião de Lúc"
Magant,Mahatma Magant como Libertador da Alimentação Demoníaca,RC-822,stt,etimologia,referencia_oral,nao,0,em análise,baixa,RC-822-mahatma-magant-libertador.md,"- **Grafia preferida:** Mahatma Magant como Libertador da Alimentação Demoníaca - **Variações STT capturadas:** ""Mahatma Magant"", ""Magant"", ""Mahatma"" - **Idioma de origem:** Sânscr"
Mahatma,Mahatma Magant como Libertador da Alimentação Demoníaca,RC-822,stt,etimologia,referencia_oral,nao,0,em análise,baixa,RC-822-mahatma-magant-libertador.md,"- **Grafia preferida:** Mahatma Magant como Libertador da Alimentação Demoníaca - **Variações STT capturadas:** ""Mahatma Magant"", ""Magant"", ""Mahatma"" - **Idioma de origem:** Sânscr"
Mahatma Magant,Mahatma Magant como Libertador da Alimentação Demoníaca,RC-822,stt,etimologia,referencia_oral,nao,0,em análise,baixa,RC-822-mahatma-magant-libertador.md,"- **Grafia preferida:** Mahatma Magant como Libertador da Alimentação Demoníaca - **Variações STT capturadas:** ""Mahatma Magant"", ""Magant"", ""Mahatma"" - **Idioma de origem:** Sânscr"
Maloca,Shiva (Savna),RC-102,stt,prosa,baixa,nao,0,verificado,alta,RC-102-shiva-savna.md, o Bramaloca (paráfrase U0046; RC-102 Shiva/Savna; RC-038 Brahmaloka; STT «Maloca»). ## Fontes | Fonte | Localização | 
manáico,Corpo Manásico / Corpo Mental,RC-625,stt,etimologia,referencia_oral,nao,0,em análise,baixa,RC-625-corpo-manasico-corpo-mental.md,STT: manáico.
Marabarata,Mahabharata,RC-593,stt,etimologia,alta,nao,0,verificado,média,RC-593-mahabharata.md,"STT: Marabarata, Marbarat, rabarata."
Marbarat,Mahabharata,RC-593,stt,etimologia,alta,nao,0,verificado,média,RC-593-mahabharata.md,"STT: Marabarata, Marbarat, rabarata."
marcas,Código Genético como Marca da Herança Demoníaca,RC-825,stt,etimologia,referencia_oral,nao,0,verificado,média,RC-825-codigo-genetico-como-marca-heranca-demoniaca.md,"- **Grafia preferida:** Código Genético como Marca da Herança Demoníaca - **Variações STT capturadas:** ""código genético"", ""sequências genéticas"", ""DNA"", ""infecção"", ""marcas"", ""ele"
Maria Orstic,Maria Orsic (médium da Sociedade Vril),RC-846,stt,prosa,referencia_oral,nao,0,verificado,média,RC-846-maria-orsic-medium-da-sociedade-vril.md,ium da Sociedade Vril) — RC-846 ## Definição Sintética Maria Orsic (STT 'Maria Orstic/Rossique'): médium vidente da Sociedade Vril (RC-
Maric Candô,Shiva (Savna),RC-102,stt,prosa,baixa,nao,0,verificado,alta,RC-102-shiva-savna.md,"38-L5: Tamil — a P2021-01-23 (apostila) equaciona “tradição Tamil” ao STT “Maric Candô/com mar e candão” — ver nota]""; ""ele próprio Shiva passou"
Marik Candã,Shiva (Savna),RC-102,stt,prosa,baixa,nao,0,verificado,alta,RC-102-shiva-savna.md,ue SHIVA INTRODUZIU ISSO HÁ 23.000 ANOS lá na tradição com [Marici? — STT 'Marik Candã' [REVISAR → CHANCELA 2026-09-06 · F039-L
marra samadi,Brahma,RC-037,stt,prosa,baixa,nao,0,verificado,alta,RC-037-brahma-brajna.md,"r que colecionava estavam ferrando o espírito dele (paráfrase U0063); STT «marra samadi» (maha samadhi), «daiva» (deidade); RC-0"
Marrabarata,Brahma,RC-037,stt,prosa,baixa,nao,0,verificado,alta,RC-037-brahma-brajna.md,"ce humana de Brahma, descrita por Vyasa (STT ""Viaza"") no Mahabharata (STT ""Marrabarata"") — ""cerca de 270 mundos que observam o "
Marrabarata,Mahabharata,RC-593,stt,prosa,baixa,nao,0,verificado,média,RC-593-mahabharata.md,"orada celeste, eu tive que fazer um compêndio de 3.» — o Mahabharata (STT ""Marrabarata/rabarata"") em versões distintas: 3,2 mi de versos"
matéria e antimatéria,Fissão em Dois Universos (Matéria + Antimatéria),RC-811,stt,etimologia,referencia_oral,nao,0,verificado,média,RC-811-fissao-em-dois-universos.md,"- **Grafia preferida:** Fissão em Dois Universos (Matéria + Antimatéria) - **Variações STT capturadas:** ""universo paralelo"", ""matéria e antimatéria"", ""fissão"" - **Idioma de origem"
Mcha,Moksha,RC-618,stt,etimologia,alta,nao,0,verificado,média,RC-618-moksha.md,"STT: moxa, Mcha."
mediocrizada,"Patriarcado desde Pandora (Origem no Feminino, Dominação pelo Masculin",RC-818,stt,etimologia,referencia_oral,nao,0,verificado,média,RC-818-patriarcado-desde-pandora.md,"- **Grafia preferida:** Patriarcado desde Pandora (Origem no Feminino, Dominação pelo Masculino) - **Variações STT capturadas:** ""patriarcalismo"", ""patriarcado"", ""ferrando feminino"
medo de ter relação sexual,Pulsação dos Elétrons Como Afetividade Humana,RC-832,stt,etimologia,referencia_oral,nao,0,verificado,média,RC-832-pulsacao-dos-eletrons-como-afetividade.md,"- **Grafia preferida:** Pulsação dos Elétrons Como Afetividade Humana - **Variações STT capturadas:** ""pulsação dos elétrons"", ""comportamento biológico"", ""afetividade"", ""identidade"
Melcor,Melkor (o filho dissonante),RC-844,stt,prosa,baixa,nao,0,verificado,média,RC-844-melkor-o-filho-dissonante.md,Melkor (o filho dissonante) — RC-844 ## Definição Sintética Melkor (STT 'Melcor'): o filho de Eru que não alcançou a har
memória dos antielétrons,Memória dos Elétrons e Arcanos,RC-829,stt,etimologia,referencia_oral,nao,0,verificado,média,RC-829-memoria-dos-eletrons-e-arcanos.md,"- **Grafia preferida:** Memória dos Elétrons e Arcanos - **Variações STT capturadas:** ""memória dos elétrons"", ""arcanos"", ""inconsciente dos elétrons"", ""memória dos antielétrons"", """
memória dos elétrons,Memória dos Elétrons e Arcanos,RC-829,stt,etimologia,referencia_oral,nao,0,verificado,média,RC-829-memoria-dos-eletrons-e-arcanos.md,"- **Grafia preferida:** Memória dos Elétrons e Arcanos - **Variações STT capturadas:** ""memória dos elétrons"", ""arcanos"", ""inconsciente dos elétrons"", ""memória dos antielétrons"", """
Mermerium,Mermérion,RC-599,stt,etimologia,alta,nao,0,verificado,média,RC-599-mermerion.md,"STT: Mermerium, Mermérium, Mermério."
Mermério,Mermérion,RC-599,stt,etimologia,alta,nao,0,verificado,média,RC-599-mermerion.md,"STT: Mermerium, Mermérium, Mermério."
"mesa"" (= Babel?",Culto a Lilith (Transformação em Deusa Lil Babilônica),RC-813,stt,etimologia,referencia_oral,nao,0,verificado,média,RC-813-culto-a-lilith-babilonia.md,"- **Grafia preferida:** Culto a Lilith (Transformação em Deusa Lil Babilônica) - **Variações STT capturadas:** ""Lil"", ""Lil transformou-se em deusa"", ""Babilônia"", ""mesa"" (= Babel?) "
Midana,Nidana (ovo cósmico),RC-154,stt,prosa,baixa,nao,0,em análise,baixa,RC-154-nidana-ovo-cosmico.md,"s biológicas para se misturar com esses códigos neutros.» — o Nidana (STT 'Midana', RC-154): o código podre do criador, ad"
Missé,A Falsa Trindade,RC-273,stt,prosa,baixa,nao,0,verificado,alta,RC-273-a-falsa-trindade-concilio-de-niceia.md,"e, aí é que Javé não aceitou mesmo.» — no Concílio de Niceia (RC-273, STT 'Missé'), em 325 d.C., Jesus foi igualado a Deu"
Moren So,Mohen So (Avatar Keshava de Vishnu),RC-081,stt,etimologia,referencia_oral,nao,0,verificado,alta,RC-081-mohen-so-avatar-keshava-de-vishnu.md,"- **Preferida:** Mohen So. - **Erros/variações STT:** Morren So, Morrençor, Moren So. - **Correspondências:** Phanes, Protogonos, Vasuki, Kalki."
Moreno,Corpo Átmico,RC-623,stt,prosa,baixa,nao,0,verificado,média,RC-623-corpo-atmico.md,"corpo átmico"" (imutável); ""um ser chamado Mohen So/Protogonos/Phanés [STT 'Moreno, protogonos fanis'] constatou que não adiantava [a produçã"
Morençor,Projeto Talm,RC-091,stt,prosa,baixa,nao,0,verificado,alta,RC-091-projeto-talm.md,"iou o quê? O tal projeto tal, que a gente vai falar hoje.» — Morlens (STT ""Morençor/Morrençou"") como o criador do Projeto Talm; ver RC"
Moros,Supercomputador Cósmico (Moros — destino),RC-533,stt,prosa,referencia_oral,nao,0,verificado,alta,RC-533-supercomputador-cosmico-moros-destino.md,"e definidor que defini o corpo de cada ser individualizado.» — Moros (STT ""Moros/Morus"") mediu o peso da podridão ancestral no "
morrem só,Mohen So = Phanes / Protogonos / Vasuki / Kalki (correspondências),RC-282,stt,prosa,referencia_oral,nao,0,verificado,alta,RC-282-mohen-so-phanes-protogonos-vasuki-kalki-correspondencias.md,"oron/Phanes/Protogonos (P2024-11-30):** ""surgiu um ser chamado Moron [STT 'morrem só'], com a somatória da genética dos três,"
Morrens,Mohen So = Phanes / Protogonos / Vasuki / Kalki (correspondências),RC-282,stt,prosa,referencia_oral,nao,0,verificado,alta,RC-282-mohen-so-phanes-protogonos-vasuki-kalki-correspondencias.md,"Brama (Brahma) criaram Morrens (Mohen So = Phanes/Protogonos, RC-282; STT ""Morrens"" sem emenda) — ""Ele foi feito a partir d"
Morrenson,Elm,RC-454,stt,etimologia,alta,nao,0,em análise,baixa,RC-454-elm-moros---ser-lm-de-temperion.md,"STT capturava 'Morençor/Morrensor/Morrençou/Morrenson'; a nomenclatura à moda de Vol, Yel, Xum, Shanlung)."
Morrensor,Elm,RC-454,stt,etimologia,alta,nao,0,em análise,baixa,RC-454-elm-moros---ser-lm-de-temperion.md,"STT capturava 'Morençor/Morrensor/Morrençou/Morrenson'; a nomenclatura à moda de Vol, Yel, Xum, Shanlung)."
morrensor,Morlens,RC-772,stt,prosa,baixa,nao,0,verificado,média,RC-772-morlens-programador-genetico-atomico-do-projeto-talm.md,", já que a ideia foi divino, mas era um ser tão estranho.» — Morlens (STT ""morrensor/Morrençon/Morrençor""), descendente de Vishnu, criado sem cód"
Morrençon,Morlens,RC-772,stt,prosa,baixa,nao,0,verificado,média,RC-772-morlens-programador-genetico-atomico-do-projeto-talm.md,", já que a ideia foi divino, mas era um ser tão estranho.» — Morlens (STT ""morrensor/Morrençon/Morrençor""), descendente de Vishnu, criado sem cód"
Morrençor,Mohen So (Avatar Keshava de Vishnu),RC-081,stt,etimologia,referencia_oral,nao,0,verificado,alta,RC-081-mohen-so-avatar-keshava-de-vishnu.md,"- **Preferida:** Mohen So. - **Erros/variações STT:** Morren So, Morrençor, Moren So. - **Correspondências:** Phanes, Protogonos, Vasuki, Kalki."
Morrençor,Morlens,RC-772,stt,prosa,baixa,nao,0,verificado,média,RC-772-morlens-programador-genetico-atomico-do-projeto-talm.md,", já que a ideia foi divino, mas era um ser tão estranho.» — Morlens (STT ""morrensor/Morrençon/Morrençor""), descendente de Vishnu, criado sem cód"
Morrençou,Projeto Talm,RC-091,stt,prosa,baixa,nao,0,verificado,alta,RC-091-projeto-talm.md,"iou o quê? O tal projeto tal, que a gente vai falar hoje.» — Morlens (STT ""Morençor/Morrençou"") como o criador do Projeto Talm; ver RC"
Morrençou,Elm,RC-454,stt,etimologia,alta,nao,0,em análise,baixa,RC-454-elm-moros---ser-lm-de-temperion.md,"STT capturava 'Morençor/Morrensor/Morrençou/Morrenson'; a nomenclatura à moda de Vol, Yel, Xum, Shanlung)."
Morus,Elm,RC-454,stt,prosa,baixa,nao,0,em análise,baixa,RC-454-elm-moros---ser-lm-de-temperion.md,"surge um ser chamado Morus, que constatou algo fundamental.» — Moros (STT 'Morus', RC-454): de Nix surge o ser que consta"
Morus,Supercomputador Cósmico (Moros — destino),RC-533,stt,prosa,referencia_oral,nao,0,verificado,alta,RC-533-supercomputador-cosmico-moros-destino.md,"e definidor que defini o corpo de cada ser individualizado.» — Moros (STT ""Moros/Morus"") mediu o peso da podridão ancestral no "
moxa,Moksha,RC-618,stt,etimologia,alta,nao,0,verificado,média,RC-618-moksha.md,"STT: moxa, Mcha."
mudança de estratégia,Mudança de Estratégia das Trevas (Centralizar → Espalhar),RC-798,stt,etimologia,referencia_oral,nao,0,verificado,média,RC-798-mudanca-de-estrategia-das-trevas.md,"- **Grafia preferida:** Mudança de Estratégia das Trevas (Centralizar → Espalhar) - **Variações STT capturadas:** ""mudança de estratégia"", ""espalharam o mal"", ""centralizar o poder"""
mátalas,Mastlans Phisosferas / Luciferianas,RC-079,stt,prosa,baixa,nao,0,em análise,baixa,RC-079-mastlans-phisosferas-luciferianas.md,"). Aportaram na Terra há cerca de 97 mil anos (98 mil em P2022-12-17, STT ""mátalas"") trazendo o quartel-general da rebelião"
mátalas luciferianas,Mastlans Phisosferas / Luciferianas,RC-079,stt,prosa,baixa,nao,0,em análise,baixa,RC-079-mastlans-phisosferas-luciferianas.md," consta do cadastro) | | P2022-12-17 | O Incompreendido Ano de 2012 — STT ""mátalas luciferianas"", 98 mil anos (mapeamento de curadoria) "
Nacima,Narasimha,RC-642,stt,etimologia,alta,nao,0,verificado,média,RC-642-narasimha-avatar-de-vishnu.md,"STT: Nara Sima, Nacima, Naraimra."
nada brama,Nada Brahma (tudo é som),RC-845,stt,prosa,referencia_oral,nao,0,verificado,média,RC-845-nada-brahma-tudo-e-som.md,"tudo é som) — RC-845 ## Definição Sintética Nada Brahma (sânscrito, STT 'nada brama'): 'tudo é som' — a cosmogonia como vibr"
Naghama,Arcontes (= Sophias e Indras; Conselho dos 70),RC-474,stt,prosa,referencia_oral,nao,0,em análise,baixa,RC-474-arcontes-sophias-e-indras-conselho-dos-70.md,onde em 1945 foi encontrada a cópia copta da Hipóstase dos Arcontes — STT «Naghama»; marco físico e histórico da recuperaçã
Naghama,Pistis Sophia (feminino cósmico gnóstico),RC-530,stt,prosa,referencia_oral,nao,0,verificado,alta,RC-530-pistis-sophia-feminino-cosmico-gnostico.md,onde em 1945 foi encontrada a cópia copta da Hipóstase dos Arcontes — STT «Naghama»; marco físico e histórico da recuperaçã
Naghama,Hipóstase dos Arcontes (livro gnóstico; 'realidade dos regentes'),RC-770,stt,prosa,referencia_oral,nao,0,verificado,média,RC-770-hipostase-dos-arcontes.md,onde em 1945 foi encontrada a cópia copta da Hipóstase dos Arcontes — STT «Naghama»; marco físico e histórico da recuperaçã
Naghama,Nag Hammadi (a biblioteca egípcia onde em 1945 foi encontrada a cópia,RC-887,stt,prosa,referencia_oral,nao,0,verificado,média,RC-887-nag-hammadi.md,onde em 1945 foi encontrada a cópia copta da Hipóstase dos Arcontes — STT «Naghama»; marco físico e histórico da recuperaçã
Nan,"Ananque (estudou as necessidades dos códigos podres, com Moros; base d",RC-777,stt,etimologia,referencia_oral,nao,0,verificado,média,RC-777-ananque-estudou-as-necessidades-dos-codigos-podres.md,"- **Grafia oficial: ANANQUE** (consagrada pela Devolutiva O-4 da P2021-07-24 — a deusa grega da necessidade/inevitabilidade, mãe das Moiras na tradição órfica). - Variações STT cap"
Nanc,Informações Vivas,RC-715,stt,prosa,baixa,nao,0,verificado,média,RC-715-informacoes-vivas.md,"voltava para fulaninho"". - **Ananké:** ""surgiu um ser chamado Ananké [STT 'Ank/Nanc'], que passou a trabalhar com Moros e es"
Nara,Narasimha,RC-642,stt,prosa,baixa,nao,0,verificado,média,RC-642-narasimha-avatar-de-vishnu.md,"«Estranho, mas é parte de baixo humana, cabeça de leão.» — Narasimha (STT ""Nara/Naraimsa"") como avatar de Vishnu; contraposto ao "
Nara Sima,Narasimha,RC-642,stt,etimologia,alta,nao,0,verificado,média,RC-642-narasimha-avatar-de-vishnu.md,"STT: Nara Sima, Nacima, Naraimra."
Naraimra,Narasimha,RC-642,stt,etimologia,alta,nao,0,verificado,média,RC-642-narasimha-avatar-de-vishnu.md,"STT: Nara Sima, Nacima, Naraimra."
Naraimsa,Narasimha,RC-642,stt,prosa,baixa,nao,0,verificado,média,RC-642-narasimha-avatar-de-vishnu.md,"«Estranho, mas é parte de baixo humana, cabeça de leão.» — Narasimha (STT ""Nara/Naraimsa"") como avatar de Vishnu; contraposto ao "
Nefel,Nefilins (= Anunnaki),RC-488,stt,prosa,baixa,nao,0,verificado,média,RC-488-nefilins-anunnaki.md,"s bravos.» — após os cataclismos (~9.000 anos), restaram os Nefilins (STT 'Nefel', = Anunnakis RC-024), os sirianos, os D"
Nemon,Len Mion (Satã),RC-074,stt,prosa,baixa,nao,0,verificado,alta,RC-074-len-mion-sata.md,ou alguém muito pior do que a Javé.» — o palestrante avalia Len Mion (STT 'Nemon') como 'alguém muito pior do que Javé' —
Nix,Nyx como Mãe de Origem de Pandora,RC-795,stt,etimologia,referencia_oral,nao,0,em análise,baixa,RC-795-nyx-como-mae-de-origem-de-pandora.md,"- **Grafia preferida:** Nyx como Mãe de Origem de Pandora - **Variações STT capturadas:** ""Nix"", ""Nyx"", ""NYX"", ""descendência de Nix"" - **Idioma de origem:** Grego antigo (Νύξ ""Nyx"""
Noreia,Sequência Formativa da Racionalidade Humana,RC-785,stt,etimologia,referencia_oral,nao,0,em análise,baixa,RC-785-sequencia-formativa-da-racionalidade-humana.md,"- **Grafia preferida:** Sequência Formativa da Racionalidade Humana - **Variações STT capturadas:** ""Pandora, Lilif, Irra, Eva, Noreia"", ""cadeia de mulheres que produziram a racion"
nossa protetorado,Sophia como Protetorado da Humanidade,RC-784,stt,etimologia,referencia_oral,nao,0,verificado,média,RC-784-sophia-como-protetorado-da-humanidade.md,"- **Grafia preferida:** Sophia como Protetorado da Humanidade - **Variações STT capturadas:** ""protetorado"", ""nossa protetorado"", ""Sofia declara humanidade como protetorado"" - **Id"
Nyx,Nyx como Mãe de Origem de Pandora,RC-795,stt,etimologia,referencia_oral,nao,0,em análise,baixa,RC-795-nyx-como-mae-de-origem-de-pandora.md,"- **Grafia preferida:** Nyx como Mãe de Origem de Pandora - **Variações STT capturadas:** ""Nix"", ""Nyx"", ""NYX"", ""descendência de Nix"" - **Idioma de origem:** Grego antigo (Νύξ ""Nyx"""
não em um rótulo dela,(devolutiva de 28/08/2026),RC-020,stt,etimologia,alta,nao,0,verificado,alta,RC-020-anjos-caidos.md,"STT para os nomes do entorno: «I Luzbell», «Luisber», «Luzbel», «a rebelião de Lúcia» [REVISAR: feminização do STT → CHANCELA 2026-09-06 · F039-L3: AGUARDA-ÁUDIO (STT preservado co"
não interpolar,Ser LM / seres LM,RC-456,stt,etimologia,referencia_oral,nao,0,verificado,alta,RC-456-ser-lm-genero-de-temperion.md,STT: seres LN. O significado expandido da sigla não é fornecido; não interpolar.
o exílio não andou,Espiritualidade Errática (4ª faixa manifestada),RC-513,stt,prosa,referencia_oral,nao,0,verificado,alta,RC-513-espiritualidade-erratica-4a-faixa-manifestada.md,"aqui furou""; ""o ex filho não andou na velocidade que era necessário"" (STT ""o exílio não andou""; sem emenda); ""porque a partir de 1989,"
o ser Anonak,Genoma da Liberdade,RC-619,stt,prosa,baixa,nao,0,em análise,baixa,RC-619-genoma-da-liberdade.md,"Pandora fez o movimento de consciência e quando Enki, o ser Anunnaki [STT 'Enk, o ser Anonak'], fez manipulações com outros humanos e"
obra primária,Pashvnaj,RC-455,stt,etimologia,alta,nao,0,verificado,alta,RC-455-pashvnaj-especie-de-43-seres-do-genero-adhy.md,"Variações de STT: vinage, fa vinagem, pasivagem. Grafia ainda deve ser conferida em áudio/obra primária."
oceônio,Alcíone,RC-574,stt,etimologia,alta,nao,0,verificado,média,RC-574-alcione-sistema.md,"STT: Alce, Alceione, Alciion, Alciô, oceônio, ao senhor."
Oditim,Sefirot / Árvore da Vida,RC-263,stt,prosa,referencia_oral,nao,0,verificado,alta,RC-263-sefirot-arvore-da-vida.md,"ות = emanações/números) ## Ampliação ### P2025-05-31 - **Otz Chim (STT ""Osim/Oditim"") — P2025-05-31:** o nome próprio da ""Ár"
Ogat,Ogdóade de Hermópolis,RC-609,stt,etimologia,alta,nao,0,verificado,média,RC-609-ogdoade-de-hermopolis.md,STT: Ogat.
onocentauros,Quinaras / Centauros (seres reais),RC-790,stt,etimologia,referencia_oral,nao,0,verificado,média,RC-790-quinaras-centauros-seres-reais.md,"- **Grafia preferida:** Quinaras / Centauros (seres reais) - **Variações STT capturadas:** ""Quináas"", ""Quinaras"", ""centauros"", ""onocentauros"", ""centauros esclarecidos"", ""centauros "
organoes,organoides,RC-632,stt,etimologia,alta,nao,0,verificado,média,RC-632-organoides-geneticos-para-sophia.md,STT: organoes.
Orlock,Elm,RC-454,stt,prosa,baixa,nao,0,em análise,baixa,RC-454-elm-moros---ser-lm-de-temperion.md,"o:** Ellam situa a administração do destino na linhagem de **Orlog** (STT ""Orlock"" — corrigido, confirmado pelo curador) e"
Orlock,Teia quântica (o que sai de um ser volta para ele),RC-559,stt,prosa,referencia_oral,nao,0,verificado,média,RC-559-teia-quantica.md,"a do destino administrada pelas **nornas**, sob a égide de **Orlog** (STT ""Orlock"" corrigido) e ligada a **Urd/Wyrd** (STT"
Orlog,Elm,RC-454,stt,prosa,baixa,nao,0,em análise,baixa,RC-454-elm-moros---ser-lm-de-temperion.md,"rlog resolveu criar as normas.» — Orlog (o Moros/Olog da Base; grafia STT ""Orlog"" preservada) criou as nornes — ""Orlog cr"
Osim,Sefirot / Árvore da Vida,RC-263,stt,prosa,referencia_oral,nao,0,verificado,alta,RC-263-sefirot-arvore-da-vida.md,"ות = emanações/números) ## Ampliação ### P2025-05-31 - **Otz Chim (STT ""Osim/Oditim"") — P2025-05-31:** o nome próprio da ""Ár"
Ostrogonos,"Descendência de Kadru (Nagas, Uragas e Maharagas)",RC-664,stt,prosa,referencia_oral,nao,0,verificado,média,RC-664-descendencia-de-kadru-nagas-uragas-e-maharagas.md," mundos de Sírius, na Terra... em Sírius geraram os filhos de Ofiúco [STT 'Ostrogonos'] — seres anfíbios, parte peixe serpento"
ovvar,Ishvara (Isuara — Retrato de Prabrajna Antes da Queda),RC-691,stt,prosa,referencia_oral,nao,0,verificado,média,RC-691-ishvara-isuara---retrato-de-prabrajna-antes-da-queda.md,"ar é o ser com o sati nadana gana se um dia isso existir.» — Ishvara (STT ""ovvar/Estivara"") = o Javé/Brahma reconstruído com o Sat"
Pachipat,Pashupati (avatar de Shiva),RC-669,stt,prosa,baixa,nao,0,verificado,média,RC-669-pashupati-avatar-de-shiva.md,"m os próumanos da época, com os seres humanos da época.» — Pashupati (STT 'Pachipat', RC-669), a expressão de Shiva, reinava"
pacto entre Javé,Pactos de Javé (Brama / Vishnu / Shiva),RC-781,stt,etimologia,referencia_oral,nao,0,verificado,média,RC-781-pactos-de-jave.md,"- **Grafia preferida:** Pactos de Javé (Brama / Vishnu / Shiva) - **Variações STT capturadas:** ""pacto entre Javé, Vishnu e Shiva"", ""aliança entre os três"", ""pactos desastrosos"" - "
pactos desastrosos,Pactos de Javé (Brama / Vishnu / Shiva),RC-781,stt,etimologia,referencia_oral,nao,0,verificado,média,RC-781-pactos-de-jave.md,"- **Grafia preferida:** Pactos de Javé (Brama / Vishnu / Shiva) - **Variações STT capturadas:** ""pacto entre Javé, Vishnu e Shiva"", ""aliança entre os três"", ""pactos desastrosos"" - "
padrão de consciência,Padrão de Consciência Genético por Espécie,RC-807,stt,etimologia,referencia_oral,nao,0,verificado,média,RC-807-padrao-de-consciencia-genetico-por-especie.md,"- **Grafia preferida:** Padrão de Consciência Genético por Espécie - **Variações STT capturadas:** ""padrão de consciência"", ""programação genética"", ""lacre genético"" - **Idioma de o"
padrão genético humano,Especiação Humana — Levas Genéticas,RC-783,stt,etimologia,referencia_oral,nao,0,verificado,média,RC-783-especiacao-humana-levas-geneticas.md,"- **Grafia preferida:** Especiação Humana — Levas Genéticas - **Variações STT capturadas:** ""levas genéticas"", ""1, 2, 3 levas"", ""padrão genético humano"" - **Idioma de origem:** Por"
Pandora,Sequência Formativa da Racionalidade Humana,RC-785,stt,etimologia,referencia_oral,nao,0,em análise,baixa,RC-785-sequencia-formativa-da-racionalidade-humana.md,"- **Grafia preferida:** Sequência Formativa da Racionalidade Humana - **Variações STT capturadas:** ""Pandora, Lilif, Irra, Eva, Noreia"", ""cadeia de mulheres que produziram a racion"
Pandora bate duro,Pandora como Oposição à Estratégia dos Avatares,RC-799,stt,etimologia,referencia_oral,nao,0,verificado,média,RC-799-pandora-como-oposicao-a-estrategia-dos-avatares.md,"- **Grafia preferida:** Pandora como Oposição à Estratégia dos Avatares - **Variações STT capturadas:** ""Pandora bate duro"", ""Pandora se opõe"", ""Pandora corta os vínculos"" - **Idio"
Pandora corta os vínculos,Pandora como Oposição à Estratégia dos Avatares,RC-799,stt,etimologia,referencia_oral,nao,0,verificado,média,RC-799-pandora-como-oposicao-a-estrategia-dos-avatares.md,"- **Grafia preferida:** Pandora como Oposição à Estratégia dos Avatares - **Variações STT capturadas:** ""Pandora bate duro"", ""Pandora se opõe"", ""Pandora corta os vínculos"" - **Idio"
Pandora destravou mas extrapolou,Pandora como Heroína Controversa,RC-780,stt,etimologia,alta,nao,0,verificado,média,RC-780-pandora-como-heroina-controversa.md,"- **Grafia preferida:** Pandora como Heroína Controversa - **Variações STT capturadas:** ""heroína"", ""heroína controversa"", ""Pandora destravou mas extrapolou"" - **Idioma de origem:*"
Pandora se opõe,Pandora como Oposição à Estratégia dos Avatares,RC-799,stt,etimologia,referencia_oral,nao,0,verificado,média,RC-799-pandora-como-oposicao-a-estrategia-dos-avatares.md,"- **Grafia preferida:** Pandora como Oposição à Estratégia dos Avatares - **Variações STT capturadas:** ""Pandora bate duro"", ""Pandora se opõe"", ""Pandora corta os vínculos"" - **Idio"
Pantângele,Vrittis e Cittas (atividades e núcleos mentais),RC-760,stt,prosa,referencia_oral,nao,0,verificado,média,RC-760-vrittis-e-cittas-atividades-e-nucleos-mentais.md,dutível foi chamada há cerca de 2.400-700 anos atrás por **Patanjali [STT 'Pantângele'] no yoga sutra como sendo um tipo de ci
para os nomes do entorno: «I Luzbell,(devolutiva de 28/08/2026),RC-020,stt,etimologia,alta,nao,0,verificado,alta,RC-020-anjos-caidos.md,"STT para os nomes do entorno: «I Luzbell», «Luisber», «Luzbel», «a rebelião de Lúcia» [REVISAR: feminização do STT → CHANCELA 2026-09-06 · F039-L3: AGUARDA-ÁUDIO (STT preservado co"
Paraki,"Parvathi (consorte de Shiva, Tridevi)",RC-459,stt,prosa,referencia_oral,nao,0,verificado,alta,RC-459-parvathi-consorte-de-shiva-tridevi.md,Parvati:** a fonte narra a imolação de Sati e o retorno como Parvati (STT 'Paraki'). A grafia canônica Parvathi (RC-459) c
Paraxara,Vyasa,RC-585,stt,prosa,baixa,nao,0,verificado,média,RC-585-vyasa.md, ### P2024-02-25 - **Genealogia (P2024-02-25):** filho de Parashara (STT 'Paraxara/Trachara' — autor de livros sobre astrologia védi
pasivagem. Grafia ainda deve ser conferida em áudio,Pashvnaj,RC-455,stt,etimologia,alta,nao,0,verificado,alta,RC-455-pashvnaj-especie-de-43-seres-do-genero-adhy.md,"Variações de STT: vinage, fa vinagem, pasivagem. Grafia ainda deve ser conferida em áudio/obra primária."
patriarcado,"Patriarcado desde Pandora (Origem no Feminino, Dominação pelo Masculin",RC-818,stt,etimologia,referencia_oral,nao,0,verificado,média,RC-818-patriarcado-desde-pandora.md,"- **Grafia preferida:** Patriarcado desde Pandora (Origem no Feminino, Dominação pelo Masculino) - **Variações STT capturadas:** ""patriarcalismo"", ""patriarcado"", ""ferrando feminino"
patriarcalismo,"Patriarcado desde Pandora (Origem no Feminino, Dominação pelo Masculin",RC-818,stt,etimologia,referencia_oral,nao,0,verificado,média,RC-818-patriarcado-desde-pandora.md,"- **Grafia preferida:** Patriarcado desde Pandora (Origem no Feminino, Dominação pelo Masculino) - **Variações STT capturadas:** ""patriarcalismo"", ""patriarcado"", ""ferrando feminino"
pelps,Vrittis e Cittas (atividades e núcleos mentais),RC-760,stt,prosa,referencia_oral,nao,0,verificado,média,RC-760-vrittis-e-cittas-atividades-e-nucleos-mentais.md,"BEBERAGENS]** ""**Pandora, há cerca de 49.000 anos, tomou umas poções [STT 'pelps'] que o Epimeteu [STT 'Pimeteu'] havia p"
perfume,Alimentação por Perfume dos Humanos (Demos se Alimentam de DNA),RC-820,stt,etimologia,referencia_oral,nao,0,verificado,média,RC-820-alimentacao-por-perfume-dos-humanos.md,"- **Grafia preferida:** Alimentação por Perfume dos Humanos (Demos se Alimentam de DNA) - **Variações STT capturadas:** ""perfume"", ""sequências genéticas"", ""elementos sutis"", ""alime"
Perfério,Perpérion,RC-087,stt,etimologia,alta,nao,0,verificado,alta,RC-087-perperion.md,"Variações de STT: Perpério, Perfério, Perpéria, Perpérian. Não confundir com Tempérion."
Perpéria,Perpérion,RC-087,stt,etimologia,alta,nao,0,verificado,alta,RC-087-perperion.md,"Variações de STT: Perpério, Perfério, Perpéria, Perpérian. Não confundir com Tempérion."
Perpérian. Não confundir com Tempérion,Perpérion,RC-087,stt,etimologia,alta,nao,0,verificado,alta,RC-087-perperion.md,"Variações de STT: Perpério, Perfério, Perpéria, Perpérian. Não confundir com Tempérion."
Perpério,Perpérion,RC-087,stt,etimologia,alta,nao,0,verificado,alta,RC-087-perperion.md,"Variações de STT: Perpério, Perfério, Perpéria, Perpérian. Não confundir com Tempérion."
piada,Prometeu como Saca-Nica dos Olímpicos,RC-812,stt,etimologia,referencia_oral,nao,0,em análise,baixa,RC-812-prometeu-como-saca-nica.md,"- **Grafia preferida:** Prometeu como Saca-Nica dos Olímpicos - **Variações STT capturadas:** ""sacanear"", ""piada"", ""saca-nica"", ""rinha entre os titãs"" - **Idioma de origem:** Portu"
Pimeteu,Vrittis e Cittas (atividades e núcleos mentais),RC-760,stt,prosa,referencia_oral,nao,0,verificado,média,RC-760-vrittis-e-cittas-atividades-e-nucleos-mentais.md,"cerca de 49.000 anos, tomou umas poções [STT 'pelps'] que o Epimeteu [STT 'Pimeteu'] havia preparado. E depois, há 23.000 a"
Pinoia,Pistis Sophia (feminino cósmico gnóstico),RC-530,stt,prosa,referencia_oral,nao,0,verificado,alta,RC-530-pistis-sophia-feminino-cosmico-gnostico.md,"mah], a sabedoria... um outro tipo de sabedoria menor chamada Ennoia [STT 'Pinoia']"". ### P2023-04-15 (Desafio Crucial: "
Polônia de Tiana,Quarto Logos,RC-092,stt,prosa,baixa,nao,0,verificado,alta,RC-092-quarto-logos-olm-codificador-de-zian.md,"ÚNICA ENCARNAÇÃO DESSE SER QUE A GENTE CHAMA AQUI DE QUARTO LOGOS**"" [STT 'Polônia de Tiana/Apolônia/Apolone']; **O CONTRASTE DOS GENOMAS**: ""Jesus n"
ponto zero,Momento Zero de Pandora,RC-779,stt,etimologia,alta,nao,0,verificado,média,RC-779-momento-zero-de-pandora.md,"- **Grafia preferida:** Momento Zero de Pandora - **Variações STT capturadas:** ""ponto zero"", ""inflexão cósmica"", ""destrave"" - **Idioma de origem:** Português + ""momento zero"" como"
positelétron,Duas Pulsações da Criação,RC-636,stt,prosa,baixa,nao,0,verificado,média,RC-636-duas-pulsacoes-da-criacao-eletrons-e-antieletrons.md," lá fazem a leitura dessas informações a partir do jogo de pósitrons [STT 'positelétron'], ou seja, o tipo de elétron que existe"
pouco refletidas,Versão Oficial como Construção dos Seguidores,RC-804,stt,etimologia,referencia_oral,nao,0,verificado,média,RC-804-versao-oficial-como-construcao-dos-seguidores.md,"- **Grafia preferida:** Versão Oficial como Construção dos Seguidores - **Variações STT capturadas:** ""versão oficial"", ""crenças baratas, infantilizadas, pouco refletidas"" - **Idio"
prabragen,Prabrajna,RC-152,stt,prosa,baixa,nao,0,verificado,alta,RC-152-prabrajna.md,"ressuscitado do criador reconstruirá a condição perdida de Prabrajna (STT ""prabragen""). ### P2021-06-26 (Shiva - A Reconstru"
prajapati,Prajapati (a divindade antes de virar Brama),RC-852,stt,prosa,referencia_oral,nao,0,verificado,média,RC-852-prajapati-a-divindade-antes-de-virar-brama.md,de antes de virar Brama) — RC-852 ## Definição Sintética Prajapati (STT 'prajapati'/'para Japati'): a divindade criadora na
prceção,Ciclo de Precessão Equinocial,RC-567,stt,etimologia,alta,nao,0,verificado,média,RC-567-ciclo-de-precessao-equinocial-precessao-dos-equinocios.md,"STT: préção, prceção, prestação, pressionão equinocial."
prceção ecial,Ciclo de Precessão Equinocial,RC-567,stt,prosa,baixa,nao,0,verificado,média,RC-567-ciclo-de-precessao-equinocial-precessao-dos-equinocios.md,"iro de 26.000 anos que, entre aspas, a Terra ao redor de si mesmo.» — STT «prceção ecial» (precessão equinocial; RC-567); o calen"
presente funesto,Desvio de Rota de Pandora (Contra o Plano de Zeus),RC-806,stt,etimologia,referencia_oral,nao,0,verificado,média,RC-806-desvio-de-rota-de-pandora.md,"- **Grafia preferida:** Desvio de Rota de Pandora (Contra o Plano de Zeus) - **Variações STT capturadas:** ""desvio de rota"", ""deslacre"", ""presente funesto"", ""presente surpresa"" - *"
presente surpresa,Desvio de Rota de Pandora (Contra o Plano de Zeus),RC-806,stt,etimologia,referencia_oral,nao,0,verificado,média,RC-806-desvio-de-rota-de-pandora.md,"- **Grafia preferida:** Desvio de Rota de Pandora (Contra o Plano de Zeus) - **Variações STT capturadas:** ""desvio de rota"", ""deslacre"", ""presente funesto"", ""presente surpresa"" - *"
preservada como está,do bruto para Mahābhārata) — ver RC-425 e RC-414,RC-322,stt,etimologia,referencia_oral,nao,0,verificado,alta,RC-322-dharma-e-castas-origem-demo.md,"STT para *varna* / *dharma*, preservada como está, sem emenda → CHANCELA 2026-09-06 · F039-L3: FONTE AUSENTE DA ARCA — ver nota]."
preservadas,e nenhuma hipótese etimológica é feita a partir do TXT,RC-018,stt,etimologia,referencia_oral,nao,0,em análise,baixa,RC-018-alt-lam-gron.md,STT preservadas; cluster paralelo em RC-036: ALTA LANGRON/ALTO LONGBRON) — ver nota]`:
pressionão equinocial,Ciclo de Precessão Equinocial,RC-567,stt,etimologia,alta,nao,0,verificado,média,RC-567-ciclo-de-precessao-equinocial-precessao-dos-equinocios.md,"STT: préção, prceção, prestação, pressionão equinocial."
prestação,Ciclo de Precessão Equinocial,RC-567,stt,etimologia,alta,nao,0,verificado,média,RC-567-ciclo-de-precessao-equinocial-precessao-dos-equinocios.md,"STT: préção, prceção, prestação, pressionão equinocial."
prima sai,Prema Sai (Prima Sai / Prem Sai),RC-929,stt,prosa,referencia_oral,nao,0,provisório,média,RC-929-prema-sai-prima-sai-prem-sai.md,"rima Sai"" (B060 e B031 · forma adotada); ""Prem Sai"" (interpretação da STT ""prima sai"" de P2012-02-19) ## Contexto biográfico"
"prima sai"" (STT fonética",Saibaba como Precursor de Jesus,RC-801,stt,etimologia,referencia_oral,nao,0,em análise,baixa,RC-801-saibaba-como-precursor-de-jesus.md,"- **Grafia preferida:** Saibaba como Precursor de Jesus - **Variações STT capturadas:** ""Caibá"", ""Caibá"", ""Saibaba"", ""Saibá"", ""saibá"", ""prima sai"" (STT fonética) - **Linhagem encar"
programação genética,Padrão de Consciência Genético por Espécie,RC-807,stt,etimologia,referencia_oral,nao,0,verificado,média,RC-807-padrao-de-consciencia-genetico-por-especie.md,"- **Grafia preferida:** Padrão de Consciência Genético por Espécie - **Variações STT capturadas:** ""padrão de consciência"", ""programação genética"", ""lacre genético"" - **Idioma de o"
progênie sem face,Prole sem Face (Humanos Modificáveis sem Face Definida),RC-819,stt,etimologia,referencia_oral,nao,0,verificado,média,RC-819-prole-sem-face.md,"- **Grafia preferida:** Prole sem Face (Humanos Modificáveis sem Face Definida) - **Variações STT capturadas:** ""prole sem face"", ""progênie sem face"", ""humanos terracos"" - **Idioma"
projeto tal,Mensagem Talm,RC-080,stt,prosa,baixa,nao,0,verificado,alta,RC-080-mensagem-talm.md,"a gente copie, aproprie e resolva o nosso problema de doença aqui.»); STT «projeto tal» (projeto Talm); o vírus mandado é o Nid"
projeto Town,Projeto Talm,RC-091,stt,prosa,baixa,nao,0,verificado,alta,RC-091-projeto-talm.md,"ida do universo vizinho para o universo biológico (via Moren/Phanes); STT ""projeto Town"" [REVISAR → CHANCELA 2026-09-06 · F039-L"
prole sem face,Prole sem Face (Humanos Modificáveis sem Face Definida),RC-819,stt,etimologia,referencia_oral,nao,0,verificado,média,RC-819-prole-sem-face.md,"- **Grafia preferida:** Prole sem Face (Humanos Modificáveis sem Face Definida) - **Variações STT capturadas:** ""prole sem face"", ""progênie sem face"", ""humanos terracos"" - **Idioma"
promotione nome novo,"(devolutiva de 28/08/2026, D-4)",RC-089,stt,etimologia,alta,nao,0,em análise,baixa,RC-089-processador-val.md,"STT promotione nome novo, e nenhuma máscara (`t*****`) transita para esta ficha."
protetorado,Sophia como Protetorado da Humanidade,RC-784,stt,etimologia,referencia_oral,nao,0,verificado,média,RC-784-sophia-como-protetorado-da-humanidade.md,"- **Grafia preferida:** Sophia como Protetorado da Humanidade - **Variações STT capturadas:** ""protetorado"", ""nossa protetorado"", ""Sofia declara humanidade como protetorado"" - **Id"
protogonos fanis,Corpo Átmico,RC-623,stt,prosa,baixa,nao,0,verificado,média,RC-623-corpo-atmico.md,"corpo átmico"" (imutável); ""um ser chamado Mohen So/Protogonos/Phanés [STT 'Moreno, protogonos fanis'] constatou que não adiantava [a produçã"
préção,Ciclo de Precessão Equinocial,RC-567,stt,etimologia,alta,nao,0,verificado,média,RC-567-ciclo-de-precessao-equinocial-precessao-dos-equinocios.md,"STT: préção, prceção, prestação, pressionão equinocial."
pulsação dos elétrons,Pulsação dos Elétrons Como Afetividade Humana,RC-832,stt,etimologia,referencia_oral,nao,0,verificado,média,RC-832-pulsacao-dos-eletrons-como-afetividade.md,"- **Grafia preferida:** Pulsação dos Elétrons Como Afetividade Humana - **Variações STT capturadas:** ""pulsação dos elétrons"", ""comportamento biológico"", ""afetividade"", ""identidade"
purança,Agressividade canalizada (DNA doentio),RC-432,stt,etimologia,alta,nao,0,verificado,alta,RC-432-agressividade-canalizada-dna-doentio.md,"STT preservado como falado) — ver nota], «se enfeem» (= *se empenham/efem*, STT), «purança/pureza de sangue»."
pureza de sangue,Agressividade canalizada (DNA doentio),RC-432,stt,etimologia,alta,nao,0,verificado,alta,RC-432-agressividade-canalizada-dna-doentio.md,"STT preservado como falado) — ver nota], «se enfeem» (= *se empenham/efem*, STT), «purança/pureza de sangue»."
pósitrons,Memória dos Elétrons e Arcanos,RC-829,stt,etimologia,referencia_oral,nao,0,verificado,média,RC-829-memoria-dos-eletrons-e-arcanos.md,"- **Grafia preferida:** Memória dos Elétrons e Arcanos - **Variações STT capturadas:** ""memória dos elétrons"", ""arcanos"", ""inconsciente dos elétrons"", ""memória dos antielétrons"", """
quachadas,Krishna (avatar de Vishnu/Shiva),RC-414,stt,prosa,baixa,nao,0,verificado,alta,RC-414-krishna-avatar-de-vishnu-shiva.md,"u)""; RC-425 ""Krishna como 'pretenso Keshava'""). **Hipótese forte:** o STT ""quachadas/quechada"" (P2023-05-13: ""quachadas""; P2023-12-02:"
quechada,Krishna (avatar de Vishnu/Shiva),RC-414,stt,prosa,baixa,nao,0,verificado,alta,RC-414-krishna-avatar-de-vishnu-shiva.md,"u)""; RC-425 ""Krishna como 'pretenso Keshava'""). **Hipótese forte:** o STT ""quachadas/quechada"" (P2023-05-13: ""quachadas""; P2023-12-02:"
quechava,Trimurti,RC-104,stt,prosa,baixa,nao,0,verificado,alta,RC-104-trimurti.md,"Senhor Parameshthi, que colapsa no ano 2021.' - **Avatares 'keshava' (STT 'quechava'):** os três seres resolveram criar avat"
Quinaras,Quinaras / Centauros (seres reais),RC-790,stt,etimologia,referencia_oral,nao,0,verificado,média,RC-790-quinaras-centauros-seres-reais.md,"- **Grafia preferida:** Quinaras / Centauros (seres reais) - **Variações STT capturadas:** ""Quináas"", ""Quinaras"", ""centauros"", ""onocentauros"", ""centauros esclarecidos"", ""centauros "
Quináas,Quinaras / Centauros (seres reais),RC-790,stt,etimologia,referencia_oral,nao,0,verificado,média,RC-790-quinaras-centauros-seres-reais.md,"- **Grafia preferida:** Quinaras / Centauros (seres reais) - **Variações STT capturadas:** ""Quináas"", ""Quinaras"", ""centauros"", ""onocentauros"", ""centauros esclarecidos"", ""centauros "
rabarata,Mahabharata,RC-593,stt,etimologia,alta,nao,0,verificado,média,RC-593-mahabharata.md,"STT: Marabarata, Marbarat, rabarata."
racchaças,Rakshasas. Singular,RC-581,stt,etimologia,alta,nao,0,verificado,média,RC-581-rakshasas.md,"STT: racchaças, rakchaças, raquchaças."
rachaças,Lilith como Rakshasa (Espécie Não-Humana),RC-794,stt,etimologia,referencia_oral,nao,0,verificado,média,RC-794-lilith-como-rakshasa.md,"- **Grafia preferida:** Lilith como Rakshasa (Espécie Não-Humana) - **Variações STT capturadas:** ""Rxassa"", ""Rchaça"", ""Rxaças"", ""rachaças"", ""Lilif"", ""Lili"" - **Idioma de origem:** "
racionalidade destruída,Racionalidade Humana Trucidada,RC-786,stt,etimologia,alta,nao,0,verificado,média,RC-786-racionalidade-humana-trucidada.md,"- **Grafia preferida:** Racionalidade Humana Trucidada - **Variações STT capturadas:** ""racionalidade humana foi trucidada"", ""racionalidade destruída"", ""racionalidade pisada"" - **I"
racionalidade humana foi trucidada,Racionalidade Humana Trucidada,RC-786,stt,etimologia,alta,nao,0,verificado,média,RC-786-racionalidade-humana-trucidada.md,"- **Grafia preferida:** Racionalidade Humana Trucidada - **Variações STT capturadas:** ""racionalidade humana foi trucidada"", ""racionalidade destruída"", ""racionalidade pisada"" - **I"
racionalidade pisada,Racionalidade Humana Trucidada,RC-786,stt,etimologia,alta,nao,0,verificado,média,RC-786-racionalidade-humana-trucidada.md,"- **Grafia preferida:** Racionalidade Humana Trucidada - **Variações STT capturadas:** ""racionalidade humana foi trucidada"", ""racionalidade destruída"", ""racionalidade pisada"" - **I"
rakchaças,Rakshasas. Singular,RC-581,stt,etimologia,alta,nao,0,verificado,média,RC-581-rakshasas.md,"STT: racchaças, rakchaças, raquchaças."
rakchaças,Ravana,RC-582,stt,prosa,baixa,nao,0,verificado,média,RC-582-ravana.md,"de Ravana, e o cara tem poder para a Zeus disse: ""Vou desafiá-lo"".» — STT «rakchaças» (Rakchasas; RC-872 em fila aberta — ver"
Ramaian,Ravana,RC-582,stt,prosa,baixa,nao,0,verificado,média,RC-582-ravana.md,afiou Ravana.»); a surra de Ravana em Indra está descrita no Ramaian (STT «Ramaian»; Ramayana) — paráfrase U0041; RC-582 Ra
raquchaças,Rakshasas. Singular,RC-581,stt,etimologia,alta,nao,0,verificado,média,RC-581-rakshasas.md,"STT: racchaças, rakchaças, raquchaças."
rara,Hara (avatar de Shiva),RC-413,stt,prosa,baixa,sim,0,verificado,alta,RC-413-hara-avatar-de-shiva.md,"ra vai se desconstituir junto com o final do universo.» — Hara/Rudra (STT ""rara"") desconstitui-se junto com o forno de A"
raçamadi,Apolônio de Tiana,RC-259,stt,prosa,baixa,nao,0,verificado,alta,RC-259-apolonio-de-tiana-encarnacao-do-quarto-logos.md," QUE TAMBÉM VÃO EMBORA QUANDO QUER... O CARA PRATICA UMA [RAJA YOGA — STT “raçamadi”, REVISAR → CHANCELA 10/09/2026 · F039-L"
Rchaça,Lilith como Rakshasa (Espécie Não-Humana),RC-794,stt,etimologia,referencia_oral,nao,0,verificado,média,RC-794-lilith-como-rakshasa.md,"- **Grafia preferida:** Lilith como Rakshasa (Espécie Não-Humana) - **Variações STT capturadas:** ""Rxassa"", ""Rchaça"", ""Rxaças"", ""rachaças"", ""Lilif"", ""Lili"" - **Idioma de origem:** "
rebelião de Lúcifer,13 Livros de Lúcifer com Humanos (Necessários Antes do Fim),RC-833,stt,etimologia,referencia_oral,nao,0,em análise,baixa,RC-833-13-livros-de-lucifer-com-humanos.md,"- **Grafia preferida:** 13 Livros de Lúcifer com Humanos (Necessários Antes do Fim) - **Variações STT capturadas:** ""13 livros"", ""9 livros"", ""Lúcifer com humanos"", ""rebelião de Lúc"
rebelião dos antielétrons,Rebelião dos Elétrons (Além da Entropia),RC-826,stt,etimologia,referencia_oral,nao,0,verificado,média,RC-826-rebeliao-dos-eletrons.md,"- **Grafia preferida:** Rebelião dos Elétrons (Além da Entropia) - **Variações STT capturadas:** ""rebelião dos elétrons"", ""rebelião dos antielétrons"", ""tribunal da Inquisição dos e"
rebelião dos elétrons,Rebelião dos Elétrons (Além da Entropia),RC-826,stt,etimologia,referencia_oral,nao,0,verificado,média,RC-826-rebeliao-dos-eletrons.md,"- **Grafia preferida:** Rebelião dos Elétrons (Além da Entropia) - **Variações STT capturadas:** ""rebelião dos elétrons"", ""rebelião dos antielétrons"", ""tribunal da Inquisição dos e"
Reid,Eros = Vishnu / Tártaro = Shiva (correspondências),RC-286,stt,prosa,referencia_oral,nao,0,em análise,baixa,RC-286-tartaro-eros-vishnu-tartaro-shiva.md,"do neste termo — dinâmicas de aprisionamento mental. Conteúdo: Hades (STT ""Ades/Reides/Reid/Reis"") = arconte dono do Tártaro, um dos irmã"
Reid,Soca/Reis/Rit como Receptor Universal,RC-821,stt,etimologia,alta,nao,0,verificado,média,RC-821-soca-receptor-universal-trimurti.md,"- **Grafia preferida:** Soca/Reis/Rit como Receptor Universal - **Variações STT capturadas:** ""Socar"", ""Soca"", ""Reis"", ""Reid"", ""Rit"", ""Reit"" - **Idioma de origem:** Português (com "
Reides,Eros = Vishnu / Tártaro = Shiva (correspondências),RC-286,stt,prosa,referencia_oral,nao,0,em análise,baixa,RC-286-tartaro-eros-vishnu-tartaro-shiva.md,"do neste termo — dinâmicas de aprisionamento mental. Conteúdo: Hades (STT ""Ades/Reides/Reid/Reis"") = arconte dono do Tártaro, um dos irmã"
Reit,Soca/Reis/Rit como Receptor Universal,RC-821,stt,etimologia,alta,nao,0,verificado,média,RC-821-soca-receptor-universal-trimurti.md,"- **Grafia preferida:** Soca/Reis/Rit como Receptor Universal - **Variações STT capturadas:** ""Socar"", ""Soca"", ""Reis"", ""Reid"", ""Rit"", ""Reit"" - **Idioma de origem:** Português (com "
religiões impositivas,Judaísmo como Destruidor do Mito de Pandora/Lilith,RC-796,stt,etimologia,referencia_oral,nao,0,verificado,média,RC-796-judaismo-como-destruidor-do-mito.md,"- **Grafia preferida:** Judaísmo como Destruidor do Mito de Pandora/Lilith - **Variações STT capturadas:** ""judaísmo"", ""escolas religiosas impositivas"", ""religiões impositivas"" - *"
remissão para cá,Awaymaion,RC-499,stt,etimologia,alta,nao,0,verificado,média,RC-499-forno-de-awaymaion-forno-de-vishnu-origem-de-olm.md,"STT: ""Alamaior""/""Almaior"" (RC-500 — erro de STT, remissão para cá)."
Revolta de Pandora,Revolução Inacabada de Prometeu e Pandora,RC-788,stt,etimologia,referencia_oral,nao,0,verificado,média,RC-788-revolucao-inacabada-de-prometeu-e-pandora.md,"- **Grafia preferida:** Revolução Inacabada de Prometeu e Pandora - **Variações STT capturadas:** ""revolução inacabada"", ""revolta de Prometeu"", ""Revolta de Pandora"" - **Idioma de o"
revolta de Prometeu,Revolução Inacabada de Prometeu e Pandora,RC-788,stt,etimologia,referencia_oral,nao,0,verificado,média,RC-788-revolucao-inacabada-de-prometeu-e-pandora.md,"- **Grafia preferida:** Revolução Inacabada de Prometeu e Pandora - **Variações STT capturadas:** ""revolução inacabada"", ""revolta de Prometeu"", ""Revolta de Pandora"" - **Idioma de o"
revolução inacabada,Revolução Inacabada de Prometeu e Pandora,RC-788,stt,etimologia,referencia_oral,nao,0,verificado,média,RC-788-revolucao-inacabada-de-prometeu-e-pandora.md,"- **Grafia preferida:** Revolução Inacabada de Prometeu e Pandora - **Variações STT capturadas:** ""revolução inacabada"", ""revolta de Prometeu"", ""Revolta de Pandora"" - **Idioma de o"
riches,Rishis,RC-586,stt,etimologia,alta,nao,0,verificado,média,RC-586-rishis.md,STT: riches.
richis,Rishis,RC-586,stt,prosa,baixa,nao,0,verificado,média,RC-586-rishis.md,"m riche] (U0003)** «Ele era um riche. O que é um riche?» — os Rishis (STT ""riches/richis""): seres de forma humana com ""parcelas d"
Rinarok,Ragnarok em Marte,RC-395,stt,prosa,baixa,nao,0,verificado,alta,RC-395-ragnarok-em-marte.md,"ão dominar tudo e destruir o Rinarok.» — o temor de um novo Ragnarok (STT ""Rinarok"") na disputa pela reconstrução do criado"
rinha entre os titãs,Prometeu como Saca-Nica dos Olímpicos,RC-812,stt,etimologia,referencia_oral,nao,0,em análise,baixa,RC-812-prometeu-como-saca-nica.md,"- **Grafia preferida:** Prometeu como Saca-Nica dos Olímpicos - **Variações STT capturadas:** ""sacanear"", ""piada"", ""saca-nica"", ""rinha entre os titãs"" - **Idioma de origem:** Portu"
Rit,Hitler (figura histórica no RC),RC-239,stt,prosa,referencia_oral,nao,0,verificado,alta,RC-239-hitler-figura-historica-no-rc.md,er (figura histórica no RC) — RC-239 ## Definição Sintética Hitler (STT 'Rita/Rit'): obedecia a uma voz — Lemion (RC-074) 
Rit,Soca/Reis/Rit como Receptor Universal,RC-821,stt,etimologia,alta,nao,0,verificado,média,RC-821-soca-receptor-universal-trimurti.md,"- **Grafia preferida:** Soca/Reis/Rit como Receptor Universal - **Variações STT capturadas:** ""Socar"", ""Soca"", ""Reis"", ""Reid"", ""Rit"", ""Reit"" - **Idioma de origem:** Português (com "
Rita,Hitler (figura histórica no RC),RC-239,stt,prosa,referencia_oral,nao,0,verificado,alta,RC-239-hitler-figura-historica-no-rc.md,er (figura histórica no RC) — RC-239 ## Definição Sintética Hitler (STT 'Rita/Rit'): obedecia a uma voz — Lemion (RC-074) 
Rockma,Trimurti,RC-104,stt,prosa,baixa,nao,0,verificado,alta,RC-104-trimurti.md,"or si, é algo tremendamente mais trágico ainda... A vinda de Hochmah [STT 'Rockma'] ou Sophia deve pôr em ordem algumas pa"
Rockma,Hochmah (2ª Sefirah — Sabedoria; = Sophia),RC-565,stt,prosa,referencia_oral,nao,0,verificado,alta,RC-565-hochmah-2a-sefirah-sabedoria-sophia.md,"3-04-01b — eco] O SUZERANO CRIADO PELA TRIMURTI]** ""SOFIA OU HOCHMAH [STT 'Rockma/Hm'], QUE É O SUZERANO UNIVERSAL, CRIADO PE"
Rockman,Sophia,RC-009,stt,prosa,baixa,nao,0,verificado,alta,RC-009-sophia-cristo-cosmico.md," que foi criado para cá para representar esses seres aqui.» — Sophia (STT ""Sofia/Rockman"") como o suzerano criado para representa"
ropes,Profecia Hopi da Estrela Azul,RC-591,stt,etimologia,referencia_oral,nao,0,verificado,média,RC-591-profecia-hopi-da-estrela-azul.md,"STT: ropes, hopes."
Roseraldo Alto,Roseral do Alto,RC-616,stt,etimologia,alta,nao,0,verificado,média,RC-616-roseral-do-alto.md,STT: Roseraldo Alto.
Rossique,Maria Orsic (médium da Sociedade Vril),RC-846,stt,prosa,referencia_oral,nao,0,verificado,média,RC-846-maria-orsic-medium-da-sociedade-vril.md,ium da Sociedade Vril) — RC-846 ## Definição Sintética Maria Orsic (STT 'Maria Orstic/Rossique'): médium vidente da Sociedade Vril (RC-
Rubert Sheldrake,Ressonância Mórfica (agente da rebelião),RC-381,stt,prosa,referencia_oral,nao,0,verificado,alta,RC-381-ressonancia-morfica-agente-da-rebeliao.md,"uilo, tá?»); Bert Hellinger (STT «Bert Heringer») e Rupert Sheldrake (STT «Rubert Sheldrake») citados (paráfrase U0073); RC-381 Ress"
Rxassa,Lilith como Rakshasa (Espécie Não-Humana),RC-794,stt,etimologia,referencia_oral,nao,0,verificado,média,RC-794-lilith-como-rakshasa.md,"- **Grafia preferida:** Lilith como Rakshasa (Espécie Não-Humana) - **Variações STT capturadas:** ""Rxassa"", ""Rchaça"", ""Rxaças"", ""rachaças"", ""Lilif"", ""Lili"" - **Idioma de origem:** "
Rxaça,Lilith como Rakshasa (Espécie Não-Humana),RC-794,stt,prosa,referencia_oral,nao,0,verificado,média,RC-794-lilith-como-rakshasa.md,"que **Lilith (RC-308)** **não é humana** — é da **espécie Rakshasa** (STT ""Rxaça"") (também grafada ""racha""), que tem **ma"
Rxaças,Lilith como Rakshasa (Espécie Não-Humana),RC-794,stt,etimologia,referencia_oral,nao,0,verificado,média,RC-794-lilith-como-rakshasa.md,"- **Grafia preferida:** Lilith como Rakshasa (Espécie Não-Humana) - **Variações STT capturadas:** ""Rxassa"", ""Rchaça"", ""Rxaças"", ""rachaças"", ""Lilif"", ""Lili"" - **Idioma de origem:** "
saca-nica,Prometeu como Saca-Nica dos Olímpicos,RC-812,stt,etimologia,referencia_oral,nao,0,em análise,baixa,RC-812-prometeu-como-saca-nica.md,"- **Grafia preferida:** Prometeu como Saca-Nica dos Olímpicos - **Variações STT capturadas:** ""sacanear"", ""piada"", ""saca-nica"", ""rinha entre os titãs"" - **Idioma de origem:** Portu"
sacanear,Prometeu como Saca-Nica dos Olímpicos,RC-812,stt,etimologia,referencia_oral,nao,0,em análise,baixa,RC-812-prometeu-como-saca-nica.md,"- **Grafia preferida:** Prometeu como Saca-Nica dos Olímpicos - **Variações STT capturadas:** ""sacanear"", ""piada"", ""saca-nica"", ""rinha entre os titãs"" - **Idioma de origem:** Portu"
Saibaba,Saibaba como Precursor de Jesus,RC-801,stt,etimologia,referencia_oral,nao,0,em análise,baixa,RC-801-saibaba-como-precursor-de-jesus.md,"- **Grafia preferida:** Saibaba como Precursor de Jesus - **Variações STT capturadas:** ""Caibá"", ""Caibá"", ""Saibaba"", ""Saibá"", ""saibá"", ""prima sai"" (STT fonética) - **Linhagem encar"
saliva,Pacto Aesir-Vanir como Origem Nórdica da Ideia de Pandora,RC-816,stt,etimologia,referencia_oral,nao,0,verificado,média,RC-816-pacto-aesir-vanir-origem-pandora.md,"- **Grafia preferida:** Pacto Aesir-Vanir como Origem Nórdica da Ideia de Pandora - **Variações STT capturadas:** ""Aesir"", ""Vanir"", ""Fria"", ""Kvasir"", ""tigela"", ""saliva"" - **Idioma "
sancalpa,Sankalpa (força de vontade e conhecimento que produz milagres),RC-853,stt,prosa,referencia_oral,nao,0,verificado,média,RC-853-sankalpa-forca-de-vontade-e-conhecimento-que-produz-milagres.md,ento que produz milagres) — RC-853 ## Definição Sintética Sankalpa (STT 'sancalpa'): palavra sânscrita que condensa em uma
sangue de barata,Vechame Existencial (Sangue de Barata = Amor sem Submissão),RC-823,stt,etimologia,referencia_oral,nao,0,verificado,média,RC-823-vechame-existencial.md,"- **Grafia preferida:** Vechame Existencial (Sangue de Barata = Amor sem Submissão) - **Variações STT capturadas:** ""vechame"", ""vechame existencial"", ""sangue de barata"", ""indiferen"
Sapienza (italiano,Sophia,RC-009,stt,etimologia,alta,nao,0,verificado,alta,RC-009-sophia-cristo-cosmico.md,"STT, confirmada pelo curador como **Hochmah**); Sapienza (italiano)"
SAT,"Parvathi (consorte de Shiva, Tridevi)",RC-459,stt,prosa,referencia_oral,nao,0,verificado,alta,RC-459-parvathi-consorte-de-shiva-tridevi.md,"ssumiria a função de Paraki, ou seja, outra esposa de Chico.» — Sati (STT ""SAT""), a primeira esposa de Shiva, imola-se "
sata garra,Greve de Fome Genética (Suicídio como Quebra do Código Demoníaco),RC-824,stt,etimologia,referencia_oral,nao,0,verificado,média,RC-824-greve-de-fome-genetica.md,"- **Grafia preferida:** Greve de Fome Genética (Suicídio como Quebra do Código Demoníaco) - **Variações STT capturadas:** ""greve de fome"", ""sata garra"", ""lona"", ""jejum"" - **Idioma "
Satiavat,Vyasa,RC-585,stt,prosa,baixa,nao,0,verificado,média,RC-585-vyasa.md,"tor de livros sobre astrologia védica, há ~4–5.000 anos) e Satyavati (STT 'Satiavat'); híbridos ('ninguém aí era ser humano "
Saturno,Ragnarok em Marte,RC-395,stt,prosa,baixa,nao,0,verificado,alta,RC-395-ragnarok-em-marte.md," para cá, se ele conseguiria fazer essa trajetória... MAS SURTUR FEZ [STT 'Saturno' — a decodificação O-4: o gigante de fog"
scult,Moiras / Nornes / Súdices / Parcas (destino),RC-467,stt,prosa,referencia_oral,nao,0,verificado,alta,RC-467-moiras-nornes-parcas-destino.md,"* (STT ""vivendre"") — processa o presente livre do passado; **Skuld** (STT ""scult"") — o que ainda não aconteceu, mas tinha"
scult,Wyrd / Urd (Teia do Destino),RC-658,stt,prosa,referencia_oral,nao,0,verificado,média,RC-658-wyrd-urd-teia-do-destino.md," informacional no âmbito dos dois universos."" - **Urd/Verdandi/Skuld (STT ""Urdre/vivendre/scult""):** Urd = fluxo do que aconteceu até aq"
se bilhões,Cérebro Radiata,RC-631,stt,prosa,baixa,nao,0,verificado,média,RC-631-cerebro-radiata.md,"izinha.» — Sofia foi engendrado há cerca de 5 bilhões de anos (grafia STT ""5, se bilhões"") como a maior novidade evolutiva da tur"
Segon Shalã,Arcontes (= Sophias e Indras; Conselho dos 70),RC-474,stt,prosa,referencia_oral,nao,0,em análise,baixa,RC-474-arcontes-sophias-e-indras-conselho-dos-70.md,"tes que hoje nos infernizam a vida, O PRINCIPAL DELES... É SEGON SHA [STT 'Segon Shalã' — a grafia consagrada pela Devolutiva O"
senatora quântica,Enoque (sétimo patriarca; levado por Javé),RC-489,stt,prosa,referencia_oral,nao,0,verificado,média,RC-489-enoque-setimo-patriarca-levado-por-jave.md, JAVÉ SE ACENDERIA POR SOBRE A PRÓPRIA ASSINATURA QUÂNTICA DE ENOQUE [STT 'senatora quântica' — [REVISAR → CHANCELA 2026-09-06 · F039
senos tendrel,Zont En Drel 29,RC-147,stt,prosa,baixa,nao,0,em análise,baixa,RC-147-zont-en-drel-29.md," livro Guardião do Éden, eu escrevia sobre esse ser.» — Zont En Drel (STT ""senos tendrel"") desbloqueou o controle de Javé e se hu"
senvães,Fenvans,RC-064,stt,prosa,baixa,nao,0,verificado,alta,RC-064-fenvans.md,"am aqui, que ficava o tempo todo olhando pro universo.» — os Fenvans (STT ""cvães/fvães/fenvães/senvães""), residentes no Ginnungagap, idealizava"
sequências genéticas,Alimentação por Perfume dos Humanos (Demos se Alimentam de DNA),RC-820,stt,etimologia,referencia_oral,nao,0,verificado,média,RC-820-alimentacao-por-perfume-dos-humanos.md,"- **Grafia preferida:** Alimentação por Perfume dos Humanos (Demos se Alimentam de DNA) - **Variações STT capturadas:** ""perfume"", ""sequências genéticas"", ""elementos sutis"", ""alime"
sequências genéticas,Código Genético como Marca da Herança Demoníaca,RC-825,stt,etimologia,referencia_oral,nao,0,verificado,média,RC-825-codigo-genetico-como-marca-heranca-demoniaca.md,"- **Grafia preferida:** Código Genético como Marca da Herança Demoníaca - **Variações STT capturadas:** ""código genético"", ""sequências genéticas"", ""DNA"", ""infecção"", ""marcas"", ""ele"
seres AD,Adhy,RC-411,stt,etimologia,alta,nao,0,verificado,alta,RC-411-genero-adhy-147-seres-5-especies.md,"STT: seres AD, seres Ados, Ades, ISAD, Zad, seres Arte."
seres Ados,Adhy,RC-411,stt,etimologia,alta,nao,0,verificado,alta,RC-411-genero-adhy-147-seres-5-especies.md,"STT: seres AD, seres Ados, Ades, ISAD, Zad, seres Arte."
seres arte,Adhy,RC-011,stt,prosa,baixa,nao,0,verificado,alta,RC-011-adhy.md,"s suas atribuições e de onde tenham que viver"" (B031). Na fonte oral, STT ""seres arte/Ados/Ades/ISAD/Zad"" (mapeamento de curadoria, RC-411). ## "
seres LN,Cinco Seres LM de Tempérion,RC-607,stt,etimologia,referencia_oral,nao,0,verificado,média,RC-607-cinco-seres-lm-de-temperion.md,STT: seres LN.
seres LN. O significado expandido da sigla não é fornecido,Ser LM / seres LM,RC-456,stt,etimologia,referencia_oral,nao,0,verificado,alta,RC-456-ser-lm-genero-de-temperion.md,STT: seres LN. O significado expandido da sigla não é fornecido; não interpolar.
Severo Máximo,Apolônio de Tiana,RC-259,stt,prosa,baixa,nao,0,verificado,alta,RC-259-apolonio-de-tiana-encarnacao-do-quarto-logos.md,"DOMNA E FILÓSTRATO — AS FONTES HISTÓRICAS]** ""quando SEPTÍMIO SEVERO [STT 'Severo Máximo'], ESPOSO DE JÚLIA DOMNA [STT 'Domina'],"
Shambaá,Shamb-Aha,RC-101,stt,prosa,baixa,nao,0,em análise,baixa,RC-101-shamb-aha.md,"6-08-31"" +++ # Shamb-Aha — RC-101 ## Definição Sintética Shamb-Aha (STT 'Shambaá/Chambarrá'): o forno replicador Awaymaion (RC-499)"
Shanlung,Elm,RC-454,stt,etimologia,alta,nao,0,em análise,baixa,RC-454-elm-moros---ser-lm-de-temperion.md,"STT capturava 'Morençor/Morrensor/Morrençou/Morrenson'; a nomenclatura à moda de Vol, Yel, Xum, Shanlung)."
Shimon Bariokai,Sepher ha-Zohar (e Shimon Bar Yochai),RC-266,stt,prosa,referencia_oral,nao,0,verificado,alta,RC-266-sepher-ha-zohar-e-shimon-bar-yochai.md,"jos (com Metatron desativado) apareceram ao rabino Shimon bar Yochai (STT ""Shimon Bariokai/Yariosai"") e entregaram a Otz Chim e mais uma sér"
Shiva,Shiva como Primeiro Demo,RC-810,stt,etimologia,alta,nao,0,verificado,média,RC-810-shiva-como-primeiro-demo.md,"- **Grafia preferida:** Shiva como Primeiro Demo - **Variações STT capturadas:** ""Chiva"", ""Chimo"", ""Chiv"", ""Shiva"", ""Chiva o primeiro demo"" - **Idioma de origem:** Sânscrito (शिव """
Silvananda,Shiva (Savna),RC-102,stt,prosa,baixa,nao,0,verificado,alta,RC-102-shiva-savna.md,"u, isso é a opinião dele, essa expressão de Chiva Chak.» — Sivananda (STT ""Silvananda""/""Sivan"" — chivaísta, seguidor de Chiva)"
Sinédrio» como grafia fixa,Pôncio Pilatos / Caifás / Sinédrio (verbete agrupado),RC-946,stt,etimologia,referencia_oral,nao,0,verificado,média,RC-946-poncio-pilatos-caifas-sinedrio.md,STT «Anais» = Anás; «Sinédrio» como grafia fixa)
sistema arcaico,Sistema Arcaico Mental (Javé Como Abelha Rainha),RC-828,stt,etimologia,referencia_oral,nao,0,verificado,alta,RC-828-sistema-arcaico-mental-jave-abelha-rainha.md,"- **Grafia preferida:** Sistema Arcaico Mental (Javé Como Abelha Rainha) - **Variações STT capturadas:** ""sistema arcaico"", ""sistema arcaico mental"", ""Javé abelha rainha"", ""clones "
sistema arcaico mental,Sistema Arcaico Mental (Javé Como Abelha Rainha),RC-828,stt,etimologia,referencia_oral,nao,0,verificado,alta,RC-828-sistema-arcaico-mental-jave-abelha-rainha.md,"- **Grafia preferida:** Sistema Arcaico Mental (Javé Como Abelha Rainha) - **Variações STT capturadas:** ""sistema arcaico"", ""sistema arcaico mental"", ""Javé abelha rainha"", ""clones "
sistema colbaico,Modelo Colmeia,RC-176,stt,prosa,baixa,nao,0,verificado,alta,RC-176-modelo-colmeia-sistema-controle-colmeia.md,21-12-04 - **Unidades:** U0490–U0493. - **Contexto acrescentado:** O STT “sistema colbaico” foi interpretado como Sistema Colmeia: 
Soca,Soca/Reis/Rit como Receptor Universal,RC-821,stt,etimologia,alta,nao,0,verificado,média,RC-821-soca-receptor-universal-trimurti.md,"- **Grafia preferida:** Soca/Reis/Rit como Receptor Universal - **Variações STT capturadas:** ""Socar"", ""Soca"", ""Reis"", ""Reid"", ""Rit"", ""Reit"" - **Idioma de origem:** Português (com "
Socar,Soca/Reis/Rit como Receptor Universal,RC-821,stt,etimologia,alta,nao,0,verificado,média,RC-821-soca-receptor-universal-trimurti.md,"- **Grafia preferida:** Soca/Reis/Rit como Receptor Universal - **Variações STT capturadas:** ""Socar"", ""Soca"", ""Reis"", ""Reid"", ""Rit"", ""Reit"" - **Idioma de origem:** Português (com "
sociedade do frio,Sociedade Vril,RC-847,stt,prosa,baixa,nao,0,verificado,média,RC-847-sociedade-vril.md,"++ # Sociedade Vril — RC-847 ## Definição Sintética Sociedade Vril (STT 'sociedade do frio/vila'): fundada em 1902, só de mulheres médiu"
sociedade Turno,Sociedade Thule,RC-848,stt,prosa,baixa,nao,0,verificado,média,RC-848-sociedade-thule.md, # Sociedade Thule — RC-848 ## Definição Sintética Sociedade Thule (STT 'sociedade Turno/Tudo'): a influência esotérica de Rudolf von 
Sofia declara humanidade como protetorado,Sophia como Protetorado da Humanidade,RC-784,stt,etimologia,referencia_oral,nao,0,verificado,média,RC-784-sophia-como-protetorado-da-humanidade.md,"- **Grafia preferida:** Sophia como Protetorado da Humanidade - **Variações STT capturadas:** ""protetorado"", ""nossa protetorado"", ""Sofia declara humanidade como protetorado"" - **Id"
soldados espíritas,Espiritismo com Germe da Poluição Católica/Protestante,RC-805,stt,etimologia,referencia_oral,nao,0,verificado,média,RC-805-espiritismo-com-germe-da-poluicao-catolica.md,"- **Grafia preferida:** Espiritismo com Germe da Poluição Católica/Protestante - **Variações STT capturadas:** ""espiritismo"", ""germe da poluição"", ""soldados espíritas"", ""ex-católic"
Sophia,Sophia Como Biodemo da Ordem e Caos,RC-831,stt,etimologia,referencia_oral,nao,0,verificado,média,RC-831-sophia-como-biodemo-da-ordem-e-caos.md,"- **Grafia preferida:** Sophia Como Biodemo da Ordem e Caos - **Variações STT capturadas:** ""Sophia"", ""Sophia biodemo"", ""comandante Sophia"", ""Sophia ordem e caos"" - **Idioma de ori"
Sophia biodemo,Sophia Como Biodemo da Ordem e Caos,RC-831,stt,etimologia,referencia_oral,nao,0,verificado,média,RC-831-sophia-como-biodemo-da-ordem-e-caos.md,"- **Grafia preferida:** Sophia Como Biodemo da Ordem e Caos - **Variações STT capturadas:** ""Sophia"", ""Sophia biodemo"", ""comandante Sophia"", ""Sophia ordem e caos"" - **Idioma de ori"
Sophia ordem e caos,Sophia Como Biodemo da Ordem e Caos,RC-831,stt,etimologia,referencia_oral,nao,0,verificado,média,RC-831-sophia-como-biodemo-da-ordem-e-caos.md,"- **Grafia preferida:** Sophia Como Biodemo da Ordem e Caos - **Variações STT capturadas:** ""Sophia"", ""Sophia biodemo"", ""comandante Sophia"", ""Sophia ordem e caos"" - **Idioma de ori"
STT,Agressividade canalizada (DNA doentio),RC-432,stt,etimologia,alta,nao,0,verificado,alta,RC-432-agressividade-canalizada-dna-doentio.md,"STT preservado como falado) — ver nota], «se enfeem» (= *se empenham/efem*, STT), «purança/pureza de sangue»."
Tal de Mileto,Genoma da Liberdade,RC-619,stt,prosa,baixa,nao,0,em análise,baixa,RC-619-genoma-da-liberdade.md,"pila, lá na Índia, Lao-Tsé com Confúcio, na China, e Tales de Mileto [STT 'Zildo, Tal de Mileto'], na Grécia, nasceram todos no mesmo pe"
Telps,Travas e lacres (mecanismos de controle do despertar),RC-563,stt,prosa,referencia_oral,nao,0,verificado,média,RC-563-travas-e-lacres-mecanismos-de-controle-do-despertar.md,"criada para inocular a sensação de dominação; Eva, ao tomar a bebida (STT 'Telps' [REVISAR → CHANCELA 2026-09-06 · F039-L"
Temes,Temis (Têmis) como Mãe-de-Pandora (Co-clonadora),RC-815,stt,etimologia,referencia_oral,nao,0,verificado,média,RC-815-temis-como-mae-de-pandora.md,"- **Grafia preferida:** Temis (Têmis) como Mãe-de-Pandora (Co-clonadora) - **Variações STT capturadas:** ""Temes"", ""tênis"", ""Temis"" - **Idioma de origem:** Grego (Θέμις Thémis = ""le"
Temis,Temis (Têmis) como Mãe-de-Pandora (Co-clonadora),RC-815,stt,etimologia,referencia_oral,nao,0,verificado,média,RC-815-temis-como-mae-de-pandora.md,"- **Grafia preferida:** Temis (Têmis) como Mãe-de-Pandora (Co-clonadora) - **Variações STT capturadas:** ""Temes"", ""tênis"", ""Temis"" - **Idioma de origem:** Grego (Θέμις Thémis = ""le"
Tempério. Não é variação de Perpérion,Tempérion,RC-472,stt,etimologia,alta,nao,0,verificado,alta,RC-472-temperion-archeon-de-ereon-setor-dos-seres-lm.md,"STT: Tempérium, Tempério. Não é variação de Perpérion."
Tempérium,Tempérion,RC-472,stt,etimologia,alta,nao,0,verificado,alta,RC-472-temperion-archeon-de-ereon-setor-dos-seres-lm.md,"STT: Tempérium, Tempério. Não é variação de Perpérion."
Tendré,Singularidade de Quatro Cabeças,RC-649,stt,prosa,baixa,nao,0,em análise,baixa,RC-649-singularidade-de-quatro-cabecas.md,ularidade de quatro cabeças — Zontrel (Pergunta 3 — Ana):** “Zontrel [STT “Zontrell/Zonte Indrel/Tendré” — REVISAR → CHANCELA 10/09/2026 · F039-
tigela,Pacto Aesir-Vanir como Origem Nórdica da Ideia de Pandora,RC-816,stt,etimologia,referencia_oral,nao,0,verificado,média,RC-816-pacto-aesir-vanir-origem-pandora.md,"- **Grafia preferida:** Pacto Aesir-Vanir como Origem Nórdica da Ideia de Pandora - **Variações STT capturadas:** ""Aesir"", ""Vanir"", ""Fria"", ""Kvasir"", ""tigela"", ""saliva"" - **Idioma "
toatas de ganã,Thuata de Dannan,RC-398,stt,prosa,baixa,nao,0,verificado,alta,RC-398-thuata-de-dannan.md, Sintética Thuata de Dannan: povo não-humano da mitologia irlandesa (STT 'toatas de ganã') que chegou queimando os próprios navio
Trachara,Vyasa,RC-585,stt,prosa,baixa,nao,0,verificado,média,RC-585-vyasa.md, ### P2024-02-25 - **Genealogia (P2024-02-25):** filho de Parashara (STT 'Paraxara/Trachara' — autor de livros sobre astrologia védi
tragado,Pandemia de Buraco Branco que Traga (Javé Tragado pela Criação),RC-809,stt,etimologia,referencia_oral,nao,0,verificado,média,RC-809-pandemia-buraco-branco-que-traga.md,"- **Grafia preferida:** Pandemia de Buraco Branco que Traga (Javé Tragado pela Criação) - **Variações STT capturadas:** ""buraco branco"", ""buraco negro"", ""tragado"", ""criação tragou"""
tribunal da Inquisição dos elétrons,Rebelião dos Elétrons (Além da Entropia),RC-826,stt,etimologia,referencia_oral,nao,0,verificado,média,RC-826-rebeliao-dos-eletrons.md,"- **Grafia preferida:** Rebelião dos Elétrons (Além da Entropia) - **Variações STT capturadas:** ""rebelião dos elétrons"", ""rebelião dos antielétrons"", ""tribunal da Inquisição dos e"
Triburtiano,Inquisição Espiritual. Classificação,RC-617,stt,prosa,baixa,nao,0,verificado,média,RC-617-inquisicao-espiritual-obra-anunciada.md,ar paraa posteridade e lá na frente a gente poder entender melhor.» — STT «Triburtiano» no corpo da palestra (sem emenda); o co
trideve,Tridevi,RC-610,stt,etimologia,alta,nao,0,verificado,média,RC-610-tridevi.md,STT: trideve.
Trimorte,Trimurti,RC-104,stt,prosa,baixa,nao,0,verificado,alta,RC-104-trimurti.md," do controle universal seria de um dos três seres da Trimurti (grafia STT ""Trimorte""); a disputa em si não acabou — continua"
trimurte,Trimurti,RC-104,stt,prosa,baixa,nao,0,verificado,alta,RC-104-trimurti.md,"rte colapsou no universo vizinho"" (contexto 2007, ver RC-174); grafia STT ""trimurte"" sem emenda. ### P2022-11-26 (Choque de"
Turno,Sociedade Thule,RC-848,stt,prosa,baixa,sim,0,verificado,média,RC-848-sociedade-thule.md, tava distorcendo as coisas que o Mal tinha dito.» — Sociedade Thule (STT 'Turno/Tudo'): a influência esotérica de Rudolf von 
Tzalkin,Ciclo de Precessão Equinocial,RC-567,stt,prosa,baixa,nao,0,verificado,média,RC-567-ciclo-de-precessao-equinocial-precessao-dos-equinocios.md,"ra vez terra morte, outra vez fogo e a última foi o dilúvio, água.»); STT «Tzalkin» (Tzolkin), «taltecas» (toltecas) — BLOC"
tênis,Temis (Têmis) como Mãe-de-Pandora (Co-clonadora),RC-815,stt,etimologia,referencia_oral,nao,0,verificado,média,RC-815-temis-como-mae-de-pandora.md,"- **Grafia preferida:** Temis (Têmis) como Mãe-de-Pandora (Co-clonadora) - **Variações STT capturadas:** ""Temes"", ""tênis"", ""Temis"" - **Idioma de origem:** Grego (Θέμις Thémis = ""le"
Tênit,validada na Devolutiva,RC-626,stt,etimologia,alta,nao,0,verificado,média,RC-626-universo-tenet.md,STT: Tênit.
universo paralelo,Fissão em Dois Universos (Matéria + Antimatéria),RC-811,stt,etimologia,referencia_oral,nao,0,verificado,média,RC-811-fissao-em-dois-universos.md,"- **Grafia preferida:** Fissão em Dois Universos (Matéria + Antimatéria) - **Variações STT capturadas:** ""universo paralelo"", ""matéria e antimatéria"", ""fissão"" - **Idioma de origem"
Urazda,Krishna (avatar de Vishnu/Shiva),RC-414,stt,prosa,baixa,nao,0,verificado,alta,RC-414-krishna-avatar-de-vishnu-shiva.md,"almente séc. XV/XVI). - **Zoroastro:** a disputa Ahura Mazda × Arimã (STT ""Urazda"") = brigas Brahma×Krishna e Jesus×Krishn"
Urdre,Moiras / Nornes / Súdices / Parcas (destino),RC-467,stt,prosa,referencia_oral,nao,0,verificado,alta,RC-467-moiras-nornes-parcas-destino.md,"2025-05-31):** Orlog (Moros), pressionado, criou três seres: **Urd** (STT ""Urdre"") — o fluxo de informações do que aconte"
Urdre,Wyrd / Urd (Teia do Destino),RC-658,stt,prosa,referencia_oral,nao,0,verificado,média,RC-658-wyrd-urd-teia-do-destino.md," informacional no âmbito dos dois universos."" - **Urd/Verdandi/Skuld (STT ""Urdre/vivendre/scult""):** Urd = fluxo do que aconteceu até aq"
Usá,"Classes de anjos de Arabot-Ráquia (ofanim, serafins, galgaulim, chashm",RC-485,stt,prosa,referencia_oral,sim,0,em análise,baixa,RC-485-classes-de-anjos-de-arabot-raquia.md,"dada por um príncipe). - **Anjos ministradores:** Uzza, Azza e Azael (STT ""Usá, Azá e Aziel"") — anjos com poder de não ser robotizad"
vaicunta,Krishna (avatar de Vishnu/Shiva),RC-414,stt,prosa,baixa,nao,0,verificado,alta,RC-414-krishna-avatar-de-vishnu-shiva.md,"os avatares passaram a querer ser eternos; Krishna assumiu Vaikuntha (STT ""vaicunta""). ### P2023-08-27 (Len Mion e os Senho"
vaisinabas,Ravana,RC-582,stt,prosa,baixa,nao,0,verificado,média,RC-582-ravana.md,"Isso é tipo de Chiva, não é de Rama nasceu para destruir a banana.»); STT «vaisinabas» (vaishnavas); «Ramaiana» (Ramayana) com"
Vanir,Pacto Aesir-Vanir como Origem Nórdica da Ideia de Pandora,RC-816,stt,etimologia,referencia_oral,nao,0,verificado,média,RC-816-pacto-aesir-vanir-origem-pandora.md,"- **Grafia preferida:** Pacto Aesir-Vanir como Origem Nórdica da Ideia de Pandora - **Variações STT capturadas:** ""Aesir"", ""Vanir"", ""Fria"", ""Kvasir"", ""tigela"", ""saliva"" - **Idioma "
"variações: ""fenvães",Fenvans,RC-064,stt,etimologia,alta,nao,0,verificado,alta,RC-064-fenvans.md,"STT/variações: ""fenvães"", ""fenvans""; relacionado a Corpos Fenvã (RC-769 — terceira forma de vida do universo vizinho) e ""pré-fenvans"" (leva inicial sacrificial)."
vechame,Vechame Existencial (Sangue de Barata = Amor sem Submissão),RC-823,stt,etimologia,referencia_oral,nao,0,verificado,média,RC-823-vechame-existencial.md,"- **Grafia preferida:** Vechame Existencial (Sangue de Barata = Amor sem Submissão) - **Variações STT capturadas:** ""vechame"", ""vechame existencial"", ""sangue de barata"", ""indiferen"
vechame existencial,Vechame Existencial (Sangue de Barata = Amor sem Submissão),RC-823,stt,etimologia,referencia_oral,nao,0,verificado,média,RC-823-vechame-existencial.md,"- **Grafia preferida:** Vechame Existencial (Sangue de Barata = Amor sem Submissão) - **Variações STT capturadas:** ""vechame"", ""vechame existencial"", ""sangue de barata"", ""indiferen"
versão oficial,Versão Oficial como Construção dos Seguidores,RC-804,stt,etimologia,referencia_oral,nao,0,verificado,média,RC-804-versao-oficial-como-construcao-dos-seguidores.md,"- **Grafia preferida:** Versão Oficial como Construção dos Seguidores - **Variações STT capturadas:** ""versão oficial"", ""crenças baratas, infantilizadas, pouco refletidas"" - **Idio"
viagia,Adhyagia,RC-012,stt,prosa,baixa,nao,0,verificado,alta,RC-012-adhyagia.md," sobre o nosso universo, operando via Sophia (B016). Na fonte oral, o STT ""viagia"" (P2021-12-04, [REVISAR], mapeamento de "
Viaza,Brahma,RC-037,stt,prosa,baixa,nao,0,verificado,alta,RC-037-brahma-brajna.md,"or Brahma Parameshthi:** a face humana de Brahma, descrita por Vyasa (STT ""Viaza"") no Mahabharata (STT ""Marrabarata"") — """
Viaza,Vyasa,RC-585,stt,etimologia,alta,nao,0,verificado,média,RC-585-vyasa.md,STT: Viaza.
vila,Sociedade Vril,RC-847,stt,prosa,baixa,nao,0,verificado,média,RC-847-sociedade-vril.md,"++ # Sociedade Vril — RC-847 ## Definição Sintética Sociedade Vril (STT 'sociedade do frio/vila'): fundada em 1902, só de mulheres médiu"
vinage,Adhy,RC-411,stt,prosa,baixa,nao,0,verificado,alta,RC-411-genero-adhy-147-seres-5-especies.md,"s; então são cinco espécies formando esse gênero. A espécie Pashvnaj [STT 'vinage'] com 43 figuras que compõe essa rede"" ("
vinage,Pashvnaj,RC-455,stt,etimologia,alta,nao,0,verificado,alta,RC-455-pashvnaj-especie-de-43-seres-do-genero-adhy.md,"Variações de STT: vinage, fa vinagem, pasivagem. Grafia ainda deve ser conferida em áudio/obra primária."
vinagem,Pashvnaj,RC-455,stt,prosa,baixa,nao,0,verificado,alta,RC-455-pashvnaj-especie-de-43-seres-do-genero-adhy.md," compõe essa rede"" (U0158); ""um pequeno subgrupo da espécie Pashvnaj [STT 'vinagem'] tivesse chegado a produzir uma reunião"
vio morrensor,Javé,RC-001,stt,prosa,baixa,nao,0,verificado,alta,RC-001-jave.md,"ões: Sofia e Javé — as outras se desconstituíram (trecho com artefato STT ""vio morrensor""; sem emenda); ""Esse espírito não dá con"
vir morrensor,Sophia,RC-009,stt,prosa,baixa,nao,0,verificado,alta,RC-009-sophia-cristo-cosmico.md,"o mais uma face do espírito fatiado, que respondia já por [Mohen So — STT 'vir morrensor'], se fez como Sophia"" [REVISAR — STT → "
vir morrensor,Quarto Logos,RC-092,stt,prosa,baixa,nao,0,verificado,alta,RC-092-quarto-logos-olm-codificador-de-zian.md,"o mais uma face do espírito fatiado, que respondia já por [Mohen So — STT 'vir morrensor'], se fez como Sophia, aí Olm se fez jun"
Virgem,"Fórmulas Mentais (o código dos demos, contraposto ao DNA humano)",RC-870,stt,prosa,referencia_oral,nao,0,em análise,baixa,RC-870-formulas-mentais-o-codigo-dos-demos-contraposto-ao-dna-humano.md,"ara enfrentarem os avatares de chiva que se fazem humanos.» — Vishnu (STT ""Virgem"") depositando o que resta das fórmulas m"
Virgem e Chiva,Suserania Universal (herança prometida a Rockma/Sofia),RC-859,stt,prosa,referencia_oral,nao,0,em análise,baixa,RC-859-suserania-universal-heranca-prometida-a-rockma-sofia.md," ""ele é que teria sofrido mais um ardio da parte de virgem de China"" (STT ""Virgem e Chiva""; D-9 — ver BLOCO 3). ## Fontes | Obra "
virgino,Vishnu (Mavatna),RC-135,stt,prosa,baixa,nao,0,verificado,alta,RC-135-vishnu-mavatna.md,"orça da sexualidade, fazendo com que a oxitocina surgisse.» — Vishnu (STT ""virgino/virgno"") como o 3º logos: pôs a vida a evoluir "
virgno,Vishnu (Mavatna),RC-135,stt,prosa,baixa,nao,0,verificado,alta,RC-135-vishnu-mavatna.md,"orça da sexualidade, fazendo com que a oxitocina surgisse.» — Vishnu (STT ""virgino/virgno"") como o 3º logos: pôs a vida a evoluir "
Vishnu e Shiva,Pactos de Javé (Brama / Vishnu / Shiva),RC-781,stt,etimologia,referencia_oral,nao,0,verificado,média,RC-781-pactos-de-jave.md,"- **Grafia preferida:** Pactos de Javé (Brama / Vishnu / Shiva) - **Variações STT capturadas:** ""pacto entre Javé, Vishnu e Shiva"", ""aliança entre os três"", ""pactos desastrosos"" - "
viva sem se perguntar,Conceito Abaiano (Fazer Sem Esperar Receber),RC-793,stt,etimologia,referencia_oral,nao,0,verificado,média,RC-793-conceito-abaiano.md,"- **Grafia preferida:** Conceito Abaiano (Fazer Sem Esperar Receber) - **Variações STT capturadas:** ""conceito abaiano"", ""viva sem se perguntar"", ""faça sem esperar receber"" - **Idi"
vivendre,Moiras / Nornes / Súdices / Parcas (destino),RC-467,stt,prosa,referencia_oral,nao,0,verificado,alta,RC-467-moiras-nornes-parcas-destino.md,"rmações do que aconteceu até aquele instante (passado); **Verdandi** (STT ""vivendre"") — processa o presente livre do passado"
vivendre,Wyrd / Urd (Teia do Destino),RC-658,stt,prosa,referencia_oral,nao,0,verificado,média,RC-658-wyrd-urd-teia-do-destino.md," informacional no âmbito dos dois universos."" - **Urd/Verdandi/Skuld (STT ""Urdre/vivendre/scult""):** Urd = fluxo do que aconteceu até aq"
Vmo,Fatiamento de Consciência,RC-604,stt,prosa,baixa,nao,0,em análise,baixa,RC-604-fatiamento-de-consciencia.md,"criação foi de Mavatma, que ao mergulhar passou a se chamar Mohen So [STT 'Vmo']""; Prabrajna se apropriou da ideia e ca"
Vno,Vishnu (Mavatna),RC-135,stt,prosa,baixa,nao,0,verificado,alta,RC-135-vishnu-mavatna.md," é conhecido na tradição hindu como o preservador.» — Vishnu (RC-135, STT 'Vno/Virgno/Virgino') é conhecido na tradição hindu como 'o "
vontade de ficar só,Pulsação dos Elétrons Como Afetividade Humana,RC-832,stt,etimologia,referencia_oral,nao,0,verificado,média,RC-832-pulsacao-dos-eletrons-como-afetividade.md,"- **Grafia preferida:** Pulsação dos Elétrons Como Afetividade Humana - **Variações STT capturadas:** ""pulsação dos elétrons"", ""comportamento biológico"", ""afetividade"", ""identidade"
vígo. ou eros,Eros = Vishnu / Tártaro = Shiva (correspondências),RC-286,stt,prosa,referencia_oral,nao,0,em análise,baixa,RC-286-tartaro-eros-vishnu-tartaro-shiva.md,udaico cristão.»); na versão grega do mito a águia aparece como Eros (STT «vígo. ou eros» — sem aspas; RC-286 Eros = Vishnu / Tár
Xinchi Huang,Qin Shi Huang Di (imperador chinês sob influência de Lemion),RC-851,stt,prosa,referencia_oral,nao,0,verificado,média,RC-851-qin-shi-huang-di-imperador-chines-sob-influencia-de-lemion.md,uência de Lemion) — RC-851 ## Definição Sintética Qin Shi Huang Di (STT 'Xinchi Huang/Xinchiranti/Xiranti/Xinxiranti/Xinuanti'): primeiro imperador chinês sob influên
Xinchiranti,Qin Shi Huang Di (imperador chinês sob influência de Lemion),RC-851,stt,prosa,referencia_oral,nao,0,verificado,média,RC-851-qin-shi-huang-di-imperador-chines-sob-influencia-de-lemion.md,uência de Lemion) — RC-851 ## Definição Sintética Qin Shi Huang Di (STT 'Xinchi Huang/Xinchiranti/Xiranti/Xinxiranti/Xinuanti'): primeiro imperador chinês sob influên
Xintiranti,Qin Shi Huang Di (imperador chinês sob influência de Lemion),RC-851,stt,prosa,referencia_oral,nao,0,verificado,média,RC-851-qin-shi-huang-di-imperador-chines-sob-influencia-de-lemion.md,"itológicos da China são chamados três primeiros.» — Qin Shi Huang Di (STT 'Xinchi Huang/Xintiranti/Xiranti', 261–210 a.C.): 'Huang' é o epíteto dos"
Xinuanti,Qin Shi Huang Di (imperador chinês sob influência de Lemion),RC-851,stt,prosa,referencia_oral,nao,0,verificado,média,RC-851-qin-shi-huang-di-imperador-chines-sob-influencia-de-lemion.md,uência de Lemion) — RC-851 ## Definição Sintética Qin Shi Huang Di (STT 'Xinchi Huang/Xinchiranti/Xiranti/Xinxiranti/Xinuanti'): primeiro imperador chinês sob influên
Xinxiranti,Qin Shi Huang Di (imperador chinês sob influência de Lemion),RC-851,stt,prosa,referencia_oral,nao,0,verificado,média,RC-851-qin-shi-huang-di-imperador-chines-sob-influencia-de-lemion.md,uência de Lemion) — RC-851 ## Definição Sintética Qin Shi Huang Di (STT 'Xinchi Huang/Xinchiranti/Xiranti/Xinxiranti/Xinuanti'): primeiro imperador chinês sob influên
Xiranti,Qin Shi Huang Di (imperador chinês sob influência de Lemion),RC-851,stt,prosa,referencia_oral,nao,0,verificado,média,RC-851-qin-shi-huang-di-imperador-chines-sob-influencia-de-lemion.md,uência de Lemion) — RC-851 ## Definição Sintética Qin Shi Huang Di (STT 'Xinchi Huang/Xinchiranti/Xiranti/Xinxiranti/Xinuanti'): primeiro imperador chinês sob influên
Xum,Elm,RC-454,stt,etimologia,alta,nao,0,em análise,baixa,RC-454-elm-moros---ser-lm-de-temperion.md,"STT capturava 'Morençor/Morrensor/Morrençou/Morrenson'; a nomenclatura à moda de Vol, Yel, Xum, Shanlung)."
Xupala,Ravana,RC-582,stt,prosa,baixa,nao,0,verificado,média,RC-582-ravana.md," Ravana e Kumbhakarna (mortos por Rama); 3º: Dantavakra e Shishupala [STT ""Danta vacra/Chile Chupa/Xupala""] (mortos por Krishna); ""os últimos milh"
Y Luzb,Nyx como Mãe de Origem de Pandora,RC-795,stt,prosa,referencia_oral,nao,0,em análise,baixa,RC-795-nyx-como-mae-de-origem-de-pandora.md,"-L3: AGUARDA-ÁUDIO (STT preservado como falado) — ver nota]: a grafia STT ""Y Luzb"" deve ser canonizada para ""Yel Luzbel"" ("
Yariosai,Sepher ha-Zohar (e Shimon Bar Yochai),RC-266,stt,prosa,referencia_oral,nao,0,verificado,alta,RC-266-sepher-ha-zohar-e-shimon-bar-yochai.md,"jos (com Metatron desativado) apareceram ao rabino Shimon bar Yochai (STT ""Shimon Bariokai/Yariosai"") e entregaram a Otz Chim e mais uma sér"
Yel,Elm,RC-454,stt,etimologia,alta,nao,0,em análise,baixa,RC-454-elm-moros---ser-lm-de-temperion.md,"STT capturava 'Morençor/Morrensor/Morrençou/Morrenson'; a nomenclatura à moda de Vol, Yel, Xum, Shanlung)."
Yel Brasil,e nenhuma hipótese etimológica é feita a partir do TXT,RC-018,stt,prosa,referencia_oral,nao,0,em análise,baixa,RC-018-alt-lam-gron.md,"do 115 da família V, 617 L e por aí vai.»); Ielreasil e Iel Breasiel (STT ""Iel Breasiel/El Breziel/Yel Brasil"") ""não se astralizaram, também não se su"
Yel Luzbel,Yel Luzbel Como Aventureiro Isolado (2.000 Anos),RC-830,stt,etimologia,referencia_oral,nao,0,verificado,média,RC-830-yel-luzbel-como-aventureiro-isolado.md,"- **Grafia preferida:** Yel Luzbel Como Aventureiro Isolado (2.000 Anos) - **Variações STT capturadas:** ""Yel Luzbel"", ""Yel Luzbel"", ""Yusbel"" (pode ser corruptela de ""Lúcifer""?) - "
"Yusbel"" (pode ser corruptela de ""Lúcifer""?",Yel Luzbel Como Aventureiro Isolado (2.000 Anos),RC-830,stt,etimologia,referencia_oral,nao,0,verificado,média,RC-830-yel-luzbel-como-aventureiro-isolado.md,"- **Grafia preferida:** Yel Luzbel Como Aventureiro Isolado (2.000 Anos) - **Variações STT capturadas:** ""Yel Luzbel"", ""Yel Luzbel"", ""Yusbel"" (pode ser corruptela de ""Lúcifer""?) - "
Zad,Adhy,RC-011,stt,prosa,baixa,nao,0,verificado,alta,RC-011-adhy.md,"s suas atribuições e de onde tenham que viver"" (B031). Na fonte oral, STT ""seres arte/Ados/Ades/ISAD/Zad"" (mapeamento de curadoria, RC-411). ## "
Zano,Quarto Logos,RC-092,stt,prosa,baixa,nao,0,verificado,alta,RC-092-quarto-logos-olm-codificador-de-zian.md,"ESTE ÚLTIMO EU FALO EM ALGUÉM QUE CHAMO DE VELHO CODIFICADOR DE ZIAN [STT 'Zano/zem/Ziano' — o nome da malha CONFIRMADO], QUE ERA "
zem,Quarto Logos,RC-092,stt,prosa,baixa,nao,0,verificado,alta,RC-092-quarto-logos-olm-codificador-de-zian.md,"ESTE ÚLTIMO EU FALO EM ALGUÉM QUE CHAMO DE VELHO CODIFICADOR DE ZIAN [STT 'Zano/zem/Ziano' — o nome da malha CONFIRMADO], QUE ERA "
Ziano,Quarto Logos,RC-092,stt,prosa,baixa,nao,0,verificado,alta,RC-092-quarto-logos-olm-codificador-de-zian.md,"ESTE ÚLTIMO EU FALO EM ALGUÉM QUE CHAMO DE VELHO CODIFICADOR DE ZIAN [STT 'Zano/zem/Ziano' — o nome da malha CONFIRMADO], QUE ERA "
Zildo,Genoma da Liberdade,RC-619,stt,prosa,baixa,nao,0,em análise,baixa,RC-619-genoma-da-liberdade.md,"pila, lá na Índia, Lao-Tsé com Confúcio, na China, e Tales de Mileto [STT 'Zildo, Tal de Mileto'], na Grécia, nasceram todos no mesmo pe"
Zonte Indrel,Singularidade de Quatro Cabeças,RC-649,stt,prosa,baixa,nao,0,em análise,baixa,RC-649-singularidade-de-quatro-cabecas.md,ularidade de quatro cabeças — Zontrel (Pergunta 3 — Ana):** “Zontrel [STT “Zontrell/Zonte Indrel/Tendré” — REVISAR → CHANCELA 10/09/2026 · F039-
Zontrell,Singularidade de Quatro Cabeças,RC-649,stt,prosa,baixa,nao,0,em análise,baixa,RC-649-singularidade-de-quatro-cabecas.md,ularidade de quatro cabeças — Zontrel (Pergunta 3 — Ana):** “Zontrel [STT “Zontrell/Zonte Indrel/Tendré” — REVISAR → CHANCELA 10/09/2026 · F039-
éu iluvatar,Eru Ilúvatar (criador no Silmarillion),RC-843,stt,prosa,referencia_oral,nao,0,verificado,média,RC-843-eru-iluvatar-criador-no-silmarillion.md,ador no Silmarillion) — RC-843 ## Definição Sintética Eru Ilúvatar (STT 'Heru/éu iluvatar'): o criador no Silmarillion de Tolkien 
último avatar,Jesus como Último Avatar (Não Mata),RC-800,stt,etimologia,referencia_oral,nao,0,em análise,baixa,RC-800-jesus-como-ultimo-avatar.md,"- **Grafia preferida:** Jesus como Último Avatar (Não Mata) - **Variações STT capturadas:** ""último avatar"", ""Jesus resolveu não matar"", ""luta íntima do bem e do mal"" - **Idioma de"
— ver Resolução 10,Lilith como Rakshasa (Espécie Não-Humana),RC-794,stt,etimologia,referencia_oral,nao,0,verificado,média,RC-794-lilith-como-rakshasa.md,STT — ver Resolução 10/09/2026 em Observações
10firá,Sefirot,RC-263,stt_contextual,parentetico,alta,nao,0,verificado,alta,RC-263-sefirot-arvore-da-vida.md,"biná que é shoka, que é visno.» — as 10 Sefirot (STT ""10firá""): nove personificaç"
Ades,Hades,RC-286,stt_contextual,parentetico,alta,nao,0,em análise,baixa,RC-286-tartaro-eros-vishnu-tartaro-shiva.md,"cas de aprisionamento mental. Conteúdo: Hades (STT ""Ades/Reides/Reid/Reis"") = arconte dono do "
Alamaior,Awaymaion,RC-009,stt_contextual,parentetico,alta,nao,0,verificado,alta,RC-009-sophia-cristo-cosmico.md," ""produzir espécies através do forno de Awaymaion (STT 'Alamaior' — ver RC-499), os b"
Alamaior,U0621,RC-499,stt_contextual,parentetico,alta,nao,0,verificado,média,RC-499-forno-de-awaymaion-forno-de-vishnu-origem-de-olm.md, Os Archeons de Ereon e os Seres Adhy | U0621 (STT 'Alamaior') | STT pré-curado |
Alexandre Magno,Definição Sintética,RC-850,stt_contextual,parentetico,alta,nao,0,verificado,média,RC-850-alexandre-magno-tirano-sob-influencia-de-lemion.md," sob influência de Lemion) — RC-850 ## Definição Sintética Alexandre Magno (356–323 a.C., STT 'Alexandre Magno'): tirano sob influê"
Anc,Ananque,RC-777,stt_contextual,parentetico,alta,nao,0,verificado,média,RC-777-ananque-estudou-as-necessidades-dos-codigos-podres.md,"gica de Anã, que um dia iria sentir.» — Ananque (STT ""Anc/Anã"") estudou a necessid"
Aneca,Moros e Ananque,RC-467,stt_contextual,parentetico,alta,nao,0,verificado,alta,RC-467-moiras-nornes-parcas-destino.md,"ga?» — as Moiras (RC-467) vêm de Moros: Moros e Ananque (STT 'Aneque/Aneca') criaram as três, q"
Aneque,Moros e Ananque,RC-467,stt_contextual,parentetico,alta,nao,0,verificado,alta,RC-467-moiras-nornes-parcas-destino.md,"ga?» — as Moiras (RC-467) vêm de Moros: Moros e Ananque (STT 'Aneque/Aneca') criaram as três, q"
Ank,Ananke,RC-777,stt_contextual,parentetico,alta,nao,0,verificado,média,RC-777-ananque-estudou-as-necessidades-dos-codigos-podres.md,"rabalho de Orlog.» — Frigga (nórdica) = Ananke (grega, STT ""Ank"") na leitura do auto"
Anã,Ananque,RC-777,stt_contextual,parentetico,alta,nao,0,verificado,média,RC-777-ananque-estudou-as-necessidades-dos-codigos-podres.md,"gica de Anã, que um dia iria sentir.» — Ananque (STT ""Anc/Anã"") estudou a necessid"
Apoaginta,Septuaginta,RC-672,stt_contextual,parentetico,alta,nao,0,verificado,média,RC-672-os-366-manuscritos-de-enoque.md,"s enoquianas, como eram chamadas.») — a Septuaginta (grafia STT ""Apoaginta"") constava os livros"
Aspesian,Definição Sintética,RC-025,stt_contextual,parentetico,alta,nao,0,em análise,baixa,RC-025-asphezian.md,"026-08-31"" +++ # Asphezian — RC-025 ## Definição Sintética Asphezian (STT 'Aspesian'): a nave-fábrica qu"
Aspesian,Asphezian,RC-025,stt_contextual,parentetico,alta,nao,0,em análise,baixa,RC-025-asphezian.md,"iam ser naquela época compreendidos.» — Asphezian (STT 'Aspesian', RC-025): a nave qu"
Azá e Aziel,Azza e Azael,RC-485,stt_contextual,parentetico,alta,nao,0,em análise,baixa,RC-485-classes-de-anjos-de-arabot-raquia.md,"cipe). - **Anjos ministradores:** Uzza, Azza e Azael (STT ""Usá, Azá e Aziel"") — anjos com poder "
Bert Heringer,Bert Hellinger,RC-381,stt_contextual,parentetico,alta,nao,0,verificado,alta,RC-381-ressonancia-morfica-agente-da-rebeliao.md," os atores, o propósito daquilo, tá?»); Bert Hellinger (STT «Bert Heringer») e Rupert Sheldrake"
Caetânia Mahaprabu,Caitanya Mahaprabhu,RC-414,stt_contextual,parentetico,alta,nao,0,verificado,alta,RC-414-krishna-avatar-de-vishnu-shiva.md,"arconte clássico (ser astralizado). - **Caitanya Mahaprabhu (STT ""Caetânia Mahaprabu""):** revitalizou o c"
Cama,Kama,RC-622,stt_contextual,parentetico,alta,nao,0,verificado,média,RC-622-kama-personificacao-do-desejo.md,"# Ampliação ### P2026-07-25 - **Cama = Kama (STT ""Cama""):** egrégora do des"
Chambarrá,Definição Sintética,RC-101,stt_contextual,parentetico,alta,nao,0,em análise,baixa,RC-101-shamb-aha.md,"026-08-31"" +++ # Shamb-Aha — RC-101 ## Definição Sintética Shamb-Aha (STT 'Shambaá/Chambarrá'): o forno replicado"
chive,Shiva,RC-102,stt_contextual,parentetico,alta,nao,0,verificado,alta,RC-102-shiva-savna.md," locas de chive da sua descendência.» — Shiva (STT ""chiva/chive"") comanda uma parte "
Cristva,Krishna,RC-414,stt_contextual,parentetico,alta,nao,0,verificado,alta,RC-414-krishna-avatar-de-vishnu-shiva.md,"-23 - **[P2021-01-23 — FONTE ORIGINAL] Krishna (STT 'Cristo/Cristva') (U0750–U1050):** """
cvães,Fenvans,RC-064,stt_contextual,parentetico,alta,nao,0,verificado,alta,RC-064-fenvans.md," tempo todo olhando pro universo.» — os Fenvans (STT ""cvães/fvães/fenvães/senvães""), residentes no Gin"
Cópta,Hammadi em versão copta,RC-770,stt_contextual,parentetico,alta,nao,0,verificado,média,RC-770-hipostase-dos-arcontes.md,a do séc. III encontrada em 1945 em Nag Hammadi em versão copta (STT «Cópta») — ver BLOCO 2; a r
Daxa,Daksha,RC-701,stt_contextual,parentetico,alta,nao,0,verificado,média,RC-701-daksha-e-virini.md,"e várias consortes e teve 10 filhas.» — Daksha (STT ""Daxa/Daxha"") como filho/descend"
Daxha,Daksha,RC-701,stt_contextual,parentetico,alta,nao,0,verificado,média,RC-701-daksha-e-virini.md,"e várias consortes e teve 10 filhas.» — Daksha (STT ""Daxa/Daxha"") como filho/descend"
Derratman Bud,Dehatma Buddhi,RC-551,stt_contextual,parentetico,alta,nao,0,verificado,alta,RC-551-dehatma-buddhi-doenca-psiquica-da-mente-identificada-com-o-corpo.md,"o que os outros pensam que eles são.» — Dehatma Buddhi (RC-551, STT 'Derratman Bud'): a palavra sânscri"
e log,Orlog,RC-658,stt_contextual,parentetico,alta,nao,0,verificado,média,RC-658-wyrd-urd-teia-do-destino.md,"parâmetro inicial.» — a origem da Wyrd: Orlog (STT ""e log"" — o Olog/Moros da R"
El Breziel,Ielreasil e Iel Breasiel,RC-018,stt_contextual,parentetico,alta,nao,0,em análise,baixa,RC-018-alt-lam-gron.md,"15 da família V, 617 L e por aí vai.»); Ielreasil e Iel Breasiel (STT ""Iel Breasiel/El Breziel/Yel Brasil"") ""não se astralizar"
Elelet,Eleleth,RC-579,stt_contextual,parentetico,alta,nao,0,verificado,média,RC-579-noreia-norea.md,"14. ## Ampliação ### P2026-07-25 - **Eleleth (STT ""Elelf/Elelet""):** anjo (não arcon"
Elelf,Eleleth,RC-579,stt_contextual,parentetico,alta,nao,0,verificado,média,RC-579-noreia-norea.md,"14. ## Ampliação ### P2026-07-25 - **Eleleth (STT ""Elelf/Elelet""):** anjo (não arcon"
era SAS,Era Sapiens,RC-238,stt_contextual,parentetico,alta,nao,0,em análise,baixa,RC-238-era-sapiens.md,iens] (U0014)** «Começa a era SAS.» — a Era Sapiens (STT 'era SAS') começou depois de 
Era Sápens,Definição Sintética,RC-238,stt_contextual,parentetico,alta,nao,0,em análise,baixa,RC-238-era-sapiens.md,"6-08-31"" +++ # Era Sapiens — RC-238 ## Definição Sintética Era Sapiens (STT 'Era Sápens'): o livro (e a era)"
Estivara,Ishvara,RC-691,stt_contextual,parentetico,alta,nao,0,verificado,média,RC-691-ishvara-isuara---retrato-de-prabrajna-antes-da-queda.md," nadana gana se um dia isso existir.» — Ishvara (STT ""ovvar/Estivara"") = o Javé/Brahma re"
fenvães,Fenvans,RC-064,stt_contextual,parentetico,alta,nao,0,verificado,alta,RC-064-fenvans.md," tempo todo olhando pro universo.» — os Fenvans (STT ""cvães/fvães/fenvães/senvães""), residentes no Gin"
fvães,Fenvans,RC-064,stt_contextual,parentetico,alta,nao,0,verificado,alta,RC-064-fenvans.md," tempo todo olhando pro universo.» — os Fenvans (STT ""cvães/fvães/fenvães/senvães""), residentes no Gin"
fço,Sofia,RC-395,stt_contextual,parentetico,alta,nao,0,verificado,alta,RC-395-ragnarok-em-marte.md,"erra no ano 2020"" exigiu a supernave de Sofia (grafia STT ""fço"" = fosso). ### P202"
Gandares,Gandhari,RC-414,stt_contextual,parentetico,alta,nao,0,verificado,alta,RC-414-krishna-avatar-de-vishnu-shiva.md,"Adhyajna (RC-016):** maldição da rainha Gandhari (STT ""Gandares""; esposa de Dhritara"
Gimung Gagap,Ginnungagap,RC-776,stt_contextual,parentetico,alta,nao,0,em análise,baixa,RC-776-ginnungagap-zona-intercessoria-entre-universos.md,"a nórdica é chamada de ginungagap.» — o Ginnungagap (STT ""ginungagap/Gimung Gagap"") como a interseção "
ginungagap,Ginnungagap,RC-776,stt_contextual,parentetico,alta,nao,0,em análise,baixa,RC-776-ginnungagap-zona-intercessoria-entre-universos.md,"a nórdica é chamada de ginungagap.» — o Ginnungagap (STT ""ginungagap/Gimung Gagap"") como a interseção "
Heru,Definição Sintética,RC-843,stt_contextual,parentetico,alta,nao,0,verificado,média,RC-843-eru-iluvatar-criador-no-silmarillion.md, (criador no Silmarillion) — RC-843 ## Definição Sintética Eru Ilúvatar (STT 'Heru/éu iluvatar'): o criador no Silm
Heru,Eru Ilúvatar,RC-843,stt_contextual,parentetico,alta,nao,0,verificado,média,RC-843-eru-iluvatar-criador-no-silmarillion.md," iluvatar, então o nome éu iluvatar.» — Eru Ilúvatar (STT 'Heru/éu iluvatar'), o criador na obra"
Hockma,Hochmah,RC-565,stt_contextual,parentetico,alta,nao,0,verificado,alta,RC-565-hochmah-2a-sefirah-sabedoria-sophia.md,"gnifica personificação da sabedoria.» — Hochmah (STT ""Hockma/Rockma"") é epíteto (""person"
horlog,Orlog,RC-658,stt_contextual,parentetico,alta,nao,0,verificado,média,RC-658-wyrd-urd-teia-do-destino.md,"ia automatizou-se e saiu do controle de Orlog (STT ""horlog""), que se autoexilou"
Iel Breasiel,Ielreasil e Iel Breasiel,RC-018,stt_contextual,parentetico,alta,nao,0,em análise,baixa,RC-018-alt-lam-gron.md,"15 da família V, 617 L e por aí vai.»); Ielreasil e Iel Breasiel (STT ""Iel Breasiel/El Breziel/Yel Brasil"") ""não se astralizar"
Iraniakashipu,Hiranyakashipu,RC-582,stt_contextual,parentetico,alta,nao,0,verificado,média,RC-582-ravana.md,"Brahma — arrancava fórmulas de poder) e Hiranyakashipu (STT ""Iraniakashipu"") foram criados para"
Maria Orstic,Definição Sintética,RC-846,stt_contextual,parentetico,alta,nao,0,verificado,média,RC-846-maria-orsic-medium-da-sociedade-vril.md,(médium da Sociedade Vril) — RC-846 ## Definição Sintética Maria Orsic (STT 'Maria Orstic/Rossique'): médium vidente da
Maria Orstic,Maria Orsic,RC-846,stt_contextual,parentetico,alta,nao,0,verificado,média,RC-846-maria-orsic-medium-da-sociedade-vril.md,"m línguas que nenhum deles entendia.» — Maria Orsic (STT 'Maria Orstic/Rossique'), médium vidente da"
Marrabarata,Mahabharata,RC-037,stt_contextual,parentetico,alta,nao,0,verificado,alta,RC-037-brahma-brajna.md,"ma, descrita por Vyasa (STT ""Viaza"") no Mahabharata (STT ""Marrabarata"") — ""cerca de 270 mu"
Melcor,Definição Sintética,RC-844,stt_contextual,parentetico,alta,nao,0,verificado,média,RC-844-melkor-o-filho-dissonante.md,elkor (o filho dissonante) — RC-844 ## Definição Sintética Melkor (STT 'Melcor'): o filho de Eru qu
Melcor,Melkor,RC-844,stt_contextual,parentetico,alta,nao,0,verificado,média,RC-844-melkor-o-filho-dissonante.md,"te e ele apresentou uma dissonância.» — Melkor (STT 'Melcor'), o filho de Eru qu"
Midana,Nidana,RC-154,stt_contextual,parentetico,alta,nao,0,em análise,baixa,RC-154-nidana-ovo-cosmico.md,"isturar com esses códigos neutros.» — o Nidana (STT 'Midana', RC-154): o código "
Missé,Concílio de Niceia,RC-273,stt_contextual,parentetico,alta,nao,0,verificado,alta,RC-273-a-falsa-trindade-concilio-de-niceia.md," aí é que Javé não aceitou mesmo.» — no Concílio de Niceia (RC-273, STT 'Missé'), em 325 d.C., Jesu"
Morençor,Morlens,RC-091,stt_contextual,parentetico,alta,nao,0,verificado,alta,RC-091-projeto-talm.md,"eto tal, que a gente vai falar hoje.» — Morlens (STT ""Morençor/Morrençou"") como o criador do "
morrensor,Morlens,RC-772,stt_contextual,parentetico,alta,nao,0,verificado,média,RC-772-morlens-programador-genetico-atomico-do-projeto-talm.md,"divino, mas era um ser tão estranho.» — Morlens (STT ""morrensor/Morrençon/Morrençor""), descendente de Vi"
Morrençon,Morlens,RC-772,stt_contextual,parentetico,alta,nao,0,verificado,média,RC-772-morlens-programador-genetico-atomico-do-projeto-talm.md,"divino, mas era um ser tão estranho.» — Morlens (STT ""morrensor/Morrençon/Morrençor""), descendente de Vi"
Morrençor,Morlens,RC-772,stt_contextual,parentetico,alta,nao,0,verificado,média,RC-772-morlens-programador-genetico-atomico-do-projeto-talm.md,"divino, mas era um ser tão estranho.» — Morlens (STT ""morrensor/Morrençon/Morrençor""), descendente de Vi"
Morrençou,Morlens,RC-091,stt_contextual,parentetico,alta,nao,0,verificado,alta,RC-091-projeto-talm.md,"eto tal, que a gente vai falar hoje.» — Morlens (STT ""Morençor/Morrençou"") como o criador do "
Morus,Moros,RC-454,stt_contextual,parentetico,alta,nao,0,em análise,baixa,RC-454-elm-moros---ser-lm-de-temperion.md,"rus, que constatou algo fundamental.» — Moros (STT 'Morus', RC-454): de Nix su"
nada brama,Definição Sintética,RC-845,stt_contextual,parentetico,alta,nao,0,verificado,média,RC-845-nada-brahma-tudo-e-som.md,"# Nada Brahma (tudo é som) — RC-845 ## Definição Sintética Nada Brahma (sânscrito, STT 'nada brama'): 'tudo é som' — a "
Nara,Narasimha,RC-642,stt_contextual,parentetico,alta,nao,0,verificado,média,RC-642-narasimha-avatar-de-vishnu.md,"rte de baixo humana, cabeça de leão.» — Narasimha (STT ""Nara/Naraimsa"") como avatar de Vis"
Naraimsa,Narasimha,RC-642,stt_contextual,parentetico,alta,nao,0,verificado,média,RC-642-narasimha-avatar-de-vishnu.md,"rte de baixo humana, cabeça de leão.» — Narasimha (STT ""Nara/Naraimsa"") como avatar de Vis"
Nefel,Nefilins,RC-488,stt_contextual,parentetico,alta,nao,0,verificado,média,RC-488-nefilins-anunnaki.md," cataclismos (~9.000 anos), restaram os Nefilins (STT 'Nefel', = Anunnakis RC-024"
Nemon,Len Mion,RC-074,stt_contextual,parentetico,alta,nao,0,verificado,alta,RC-074-len-mion-sata.md, do que a Javé.» — o palestrante avalia Len Mion (STT 'Nemon') como 'alguém muito
Oditim,Otz Chim,RC-263,stt_contextual,parentetico,alta,nao,0,verificado,alta,RC-263-sefirot-arvore-da-vida.md,"os) ## Ampliação ### P2025-05-31 - **Otz Chim (STT ""Osim/Oditim"") — P2025-05-31:** o"
Osim,Otz Chim,RC-263,stt_contextual,parentetico,alta,nao,0,verificado,alta,RC-263-sefirot-arvore-da-vida.md,"os) ## Ampliação ### P2025-05-31 - **Otz Chim (STT ""Osim/Oditim"") — P2025-05-31:** o"
ovvar,Ishvara,RC-691,stt_contextual,parentetico,alta,nao,0,verificado,média,RC-691-ishvara-isuara---retrato-de-prabrajna-antes-da-queda.md," nadana gana se um dia isso existir.» — Ishvara (STT ""ovvar/Estivara"") = o Javé/Brahma re"
Pachipat,Pashupati,RC-669,stt_contextual,parentetico,alta,nao,0,verificado,média,RC-669-pashupati-avatar-de-shiva.md,"poca, com os seres humanos da época.» — Pashupati (STT 'Pachipat', RC-669), a express"
Paraki,Parvati,RC-459,stt_contextual,parentetico,alta,nao,0,verificado,alta,RC-459-parvathi-consorte-de-shiva-tridevi.md,rra a imolação de Sati e o retorno como Parvati (STT 'Paraki'). A grafia canônica
Paraxara,Parashara,RC-585,stt_contextual,parentetico,alta,nao,0,verificado,média,RC-585-vyasa.md, **Genealogia (P2024-02-25):** filho de Parashara (STT 'Paraxara/Trachara' — autor de livros s
prabragen,Prabrajna,RC-152,stt_contextual,parentetico,alta,nao,0,verificado,alta,RC-152-prabrajna.md,"ador reconstruirá a condição perdida de Prabrajna (STT ""prabragen""). ### P2021-06-26 "
prajapati,Definição Sintética,RC-852,stt_contextual,parentetico,alta,nao,0,verificado,média,RC-852-prajapati-a-divindade-antes-de-virar-brama.md,dade antes de virar Brama) — RC-852 ## Definição Sintética Prajapati (STT 'prajapati'/'para Japati'): a d
rabarata,Mahabharata,RC-593,stt_contextual,parentetico,alta,nao,0,verificado,média,RC-593-mahabharata.md," tive que fazer um compêndio de 3.» — o Mahabharata (STT ""Marrabarata/rabarata"") em versões distint"
rara,Rudra,RC-413,stt_contextual,parentetico,alta,sim,0,verificado,alta,RC-413-hara-avatar-de-shiva.md," junto com o final do universo.» — Hara/Rudra (STT ""rara"") desconstitui-se ju"
Reid,Hades,RC-286,stt_contextual,parentetico,alta,nao,0,em análise,baixa,RC-286-tartaro-eros-vishnu-tartaro-shiva.md,"cas de aprisionamento mental. Conteúdo: Hades (STT ""Ades/Reides/Reid/Reis"") = arconte dono do "
Reides,Hades,RC-286,stt_contextual,parentetico,alta,nao,0,em análise,baixa,RC-286-tartaro-eros-vishnu-tartaro-shiva.md,"cas de aprisionamento mental. Conteúdo: Hades (STT ""Ades/Reides/Reid/Reis"") = arconte dono do "
riches,Rishis,RC-586,stt_contextual,parentetico,alta,nao,0,verificado,média,RC-586-rishis.md,"e era um riche. O que é um riche?» — os Rishis (STT ""riches/richis""): seres de forma hu"
richis,Rishis,RC-586,stt_contextual,parentetico,alta,nao,0,verificado,média,RC-586-rishis.md,"e era um riche. O que é um riche?» — os Rishis (STT ""riches/richis""): seres de forma hu"
Rinarok,Ragnarok,RC-395,stt_contextual,parentetico,alta,nao,0,verificado,alta,RC-395-ragnarok-em-marte.md,"struir o Rinarok.» — o temor de um novo Ragnarok (STT ""Rinarok"") na disputa pela re"
Rit,Definição Sintética,RC-239,stt_contextual,parentetico,alta,nao,0,verificado,alta,RC-239-hitler-figura-historica-no-rc.md,r (figura histórica no RC) — RC-239 ## Definição Sintética Hitler (STT 'Rita/Rit'): obedecia a uma vo
Rit,Hitler,RC-239,stt_contextual,parentetico,alta,nao,0,verificado,alta,RC-239-hitler-figura-historica-no-rc.md,"a um ser, Hitler obedecia a uma voz.» — Hitler (STT 'Rita/Rit') obedecia a uma voz"
Rita,Definição Sintética,RC-239,stt_contextual,parentetico,alta,nao,0,verificado,alta,RC-239-hitler-figura-historica-no-rc.md,r (figura histórica no RC) — RC-239 ## Definição Sintética Hitler (STT 'Rita/Rit'): obedecia a uma vo
Rita,Hitler,RC-239,stt_contextual,parentetico,alta,nao,0,verificado,alta,RC-239-hitler-figura-historica-no-rc.md,"a um ser, Hitler obedecia a uma voz.» — Hitler (STT 'Rita/Rit') obedecia a uma voz"
Rockma,Hochmah,RC-565,stt_contextual,parentetico,alta,nao,0,verificado,alta,RC-565-hochmah-2a-sefirah-sabedoria-sophia.md,"gnifica personificação da sabedoria.» — Hochmah (STT ""Hockma/Rockma"") é epíteto (""person"
Rockman,Sophia,RC-009,stt_contextual,parentetico,alta,nao,0,verificado,alta,RC-009-sophia-cristo-cosmico.md,"á para representar esses seres aqui.» — Sophia (STT ""Sofia/Rockman"") como o suzerano cr"
Rossique,Definição Sintética,RC-846,stt_contextual,parentetico,alta,nao,0,verificado,média,RC-846-maria-orsic-medium-da-sociedade-vril.md,(médium da Sociedade Vril) — RC-846 ## Definição Sintética Maria Orsic (STT 'Maria Orstic/Rossique'): médium vidente da
Rossique,Maria Orsic,RC-846,stt_contextual,parentetico,alta,nao,0,verificado,média,RC-846-maria-orsic-medium-da-sociedade-vril.md,"m línguas que nenhum deles entendia.» — Maria Orsic (STT 'Maria Orstic/Rossique'), médium vidente da"
Rubert Sheldrake,Rupert Sheldrake,RC-381,stt_contextual,parentetico,alta,nao,0,verificado,alta,RC-381-ressonancia-morfica-agente-da-rebeliao.md, Bert Hellinger (STT «Bert Heringer») e Rupert Sheldrake (STT «Rubert Sheldrake») citados (paráfrase
sancalpa,Definição Sintética,RC-853,stt_contextual,parentetico,alta,nao,0,verificado,média,RC-853-sankalpa-forca-de-vontade-e-conhecimento-que-produz-milagres.md,mento que produz milagres) — RC-853 ## Definição Sintética Sankalpa (STT 'sancalpa'): palavra sânscrita
sancalpa,Sankalpa,RC-853,stt_contextual,parentetico,alta,nao,0,verificado,média,RC-853-sankalpa-forca-de-vontade-e-conhecimento-que-produz-milagres.md,em português para dar o significado.» — Sankalpa (STT 'sancalpa'): a palavra sânscri
SAT,Sati,RC-459,stt_contextual,parentetico,alta,nao,0,verificado,alta,RC-459-parvathi-consorte-de-shiva-tridevi.md,"aki, ou seja, outra esposa de Chico.» — Sati (STT ""SAT""), a primeira esposa"
Satiavat,Satyavati,RC-585,stt_contextual,parentetico,alta,nao,0,verificado,média,RC-585-vyasa.md," astrologia védica, há ~4–5.000 anos) e Satyavati (STT 'Satiavat'); híbridos ('ningué"
scult,Skuld,RC-658,stt_contextual,parentetico,alta,nao,0,verificado,média,RC-658-wyrd-urd-teia-do-destino.md,"o dos dois universos."" - **Urd/Verdandi/Skuld (STT ""Urdre/vivendre/scult""):** Urd = fluxo do "
senos tendrel,Zont En Drel,RC-147,stt_contextual,parentetico,alta,nao,0,em análise,baixa,RC-147-zont-en-drel-29.md,"do Éden, eu escrevia sobre esse ser.» — Zont En Drel (STT ""senos tendrel"") desbloqueou o cont"
senvães,Fenvans,RC-064,stt_contextual,parentetico,alta,nao,0,verificado,alta,RC-064-fenvans.md," tempo todo olhando pro universo.» — os Fenvans (STT ""cvães/fvães/fenvães/senvães""), residentes no Gin"
Shambaá,Definição Sintética,RC-101,stt_contextual,parentetico,alta,nao,0,em análise,baixa,RC-101-shamb-aha.md,"026-08-31"" +++ # Shamb-Aha — RC-101 ## Definição Sintética Shamb-Aha (STT 'Shambaá/Chambarrá'): o forno replicado"
Shimon Bariokai,Shimon bar Yochai,RC-266,stt_contextual,parentetico,alta,nao,0,verificado,alta,RC-266-sepher-ha-zohar-e-shimon-bar-yochai.md,"tatron desativado) apareceram ao rabino Shimon bar Yochai (STT ""Shimon Bariokai/Yariosai"") e entregaram a Otz"
Silvananda,Sivananda,RC-102,stt_contextual,parentetico,alta,nao,0,verificado,alta,RC-102-shiva-savna.md," dele, essa expressão de Chiva Chak.» — Sivananda (STT ""Silvananda""/""Sivan"" — chivaísta"
sociedade do frio,Definição Sintética,RC-847,stt_contextual,parentetico,alta,nao,0,verificado,média,RC-847-sociedade-vril.md,"8-31"" +++ # Sociedade Vril — RC-847 ## Definição Sintética Sociedade Vril (STT 'sociedade do frio/vila'): fundada em 1902, "
sociedade do frio,Sociedade Vril,RC-847,stt_contextual,parentetico,alta,nao,0,verificado,média,RC-847-sociedade-vril.md,"envolver armas para dominar o mundo.» — Sociedade Vril (STT 'sociedade do frio/vila'), fundada em 1902; "
sociedade Turno,Definição Sintética,RC-848,stt_contextual,parentetico,alta,nao,0,verificado,média,RC-848-sociedade-thule.md,"-31"" +++ # Sociedade Thule — RC-848 ## Definição Sintética Sociedade Thule (STT 'sociedade Turno/Tudo'): a influência esot"
Trachara,Parashara,RC-585,stt_contextual,parentetico,alta,nao,0,verificado,média,RC-585-vyasa.md, **Genealogia (P2024-02-25):** filho de Parashara (STT 'Paraxara/Trachara' — autor de livros s
Trimorte,Trimurti,RC-104,stt_contextual,parentetico,alta,nao,0,verificado,alta,RC-104-trimurti.md,"universal seria de um dos três seres da Trimurti (grafia STT ""Trimorte""); a disputa em si n"
Turno,Sociedade Thule,RC-848,stt_contextual,parentetico,alta,sim,0,verificado,média,RC-848-sociedade-thule.md,endo as coisas que o Mal tinha dito.» — Sociedade Thule (STT 'Turno/Tudo'): a influência esot
Urazda,Ahura Mazda × Arimã,RC-414,stt_contextual,parentetico,alta,nao,0,verificado,alta,RC-414-krishna-avatar-de-vishnu-shiva.md,"éc. XV/XVI). - **Zoroastro:** a disputa Ahura Mazda × Arimã (STT ""Urazda"") = brigas Brahma×Kr"
Urdre,Skuld,RC-658,stt_contextual,parentetico,alta,nao,0,verificado,média,RC-658-wyrd-urd-teia-do-destino.md,"o dos dois universos."" - **Urd/Verdandi/Skuld (STT ""Urdre/vivendre/scult""):** Urd = fluxo do "
Usá,Azza e Azael,RC-485,stt_contextual,parentetico,alta,sim,0,em análise,baixa,RC-485-classes-de-anjos-de-arabot-raquia.md,"cipe). - **Anjos ministradores:** Uzza, Azza e Azael (STT ""Usá, Azá e Aziel"") — anjos com poder "
vaicunta,Krishna assumiu Vaikuntha,RC-414,stt_contextual,parentetico,alta,nao,0,verificado,alta,RC-414-krishna-avatar-de-vishnu-shiva.md,"avatares passaram a querer ser eternos; Krishna assumiu Vaikuntha (STT ""vaicunta""). ### P2023-08-27 "
Viaza,Vyasa,RC-037,stt_contextual,parentetico,alta,nao,0,verificado,alta,RC-037-brahma-brajna.md,"* a face humana de Brahma, descrita por Vyasa (STT ""Viaza"") no Mahabharata (ST"
vila,Definição Sintética,RC-847,stt_contextual,parentetico,alta,nao,0,verificado,média,RC-847-sociedade-vril.md,"8-31"" +++ # Sociedade Vril — RC-847 ## Definição Sintética Sociedade Vril (STT 'sociedade do frio/vila'): fundada em 1902, "
vila,Sociedade Vril,RC-847,stt_contextual,parentetico,alta,nao,0,verificado,média,RC-847-sociedade-vril.md,"envolver armas para dominar o mundo.» — Sociedade Vril (STT 'sociedade do frio/vila'), fundada em 1902; "
Virgem,Vishnu,RC-870,stt_contextual,parentetico,alta,nao,0,em análise,baixa,RC-870-formulas-mentais-o-codigo-dos-demos-contraposto-ao-dna-humano.md,"tares de chiva que se fazem humanos.» — Vishnu (STT ""Virgem"") depositando o que "
virgino,Sofia no nosso universo,RC-104,stt_contextual,parentetico,alta,nao,0,verificado,alta,RC-104-trimurti.md,"iverso vizinho e a disputa entre eles e Sofia no nosso universo (grafias STT ""virgino"" = provável referênc"
virgino,Vishnu,RC-135,stt_contextual,parentetico,alta,nao,0,verificado,alta,RC-135-vishnu-mavatna.md,"azendo com que a oxitocina surgisse.» — Vishnu (STT ""virgino/virgno"") como o 3º logos: p"
virgno,Vishnu,RC-135,stt_contextual,parentetico,alta,nao,0,verificado,alta,RC-135-vishnu-mavatna.md,"azendo com que a oxitocina surgisse.» — Vishnu (STT ""virgino/virgno"") como o 3º logos: p"
vivendre,Skuld,RC-658,stt_contextual,parentetico,alta,nao,0,verificado,média,RC-658-wyrd-urd-teia-do-destino.md,"o dos dois universos."" - **Urd/Verdandi/Skuld (STT ""Urdre/vivendre/scult""):** Urd = fluxo do "
Vno,Vishnu,RC-135,stt_contextual,parentetico,alta,nao,0,verificado,alta,RC-135-vishnu-mavatna.md,"a tradição hindu como o preservador.» — Vishnu (RC-135, STT 'Vno/Virgno/Virgino') é conhecido na tra"
vígo. ou eros,Eros,RC-286,stt_contextual,parentetico,alta,nao,0,em análise,baixa,RC-286-tartaro-eros-vishnu-tartaro-shiva.md,rsão grega do mito a águia aparece como Eros (STT «vígo. ou eros» — sem aspas; RC-286
Xinchi Huang,Qin Shi Huang Di,RC-851,stt_contextual,parentetico,alta,nao,0,verificado,média,RC-851-qin-shi-huang-di-imperador-chines-sob-influencia-de-lemion.md,mion) — RC-851 ## Definição Sintética Qin Shi Huang Di (STT 'Xinchi Huang/Xinchiranti/Xiranti/Xinxiranti/Xinuanti'): primeiro imperado
Xinchiranti,Qin Shi Huang Di,RC-851,stt_contextual,parentetico,alta,nao,0,verificado,média,RC-851-qin-shi-huang-di-imperador-chines-sob-influencia-de-lemion.md,mion) — RC-851 ## Definição Sintética Qin Shi Huang Di (STT 'Xinchi Huang/Xinchiranti/Xiranti/Xinxiranti/Xinuanti'): primeiro imperado
Xintiranti,Qin Shi Huang Di,RC-851,stt_contextual,parentetico,alta,nao,0,verificado,média,RC-851-qin-shi-huang-di-imperador-chines-sob-influencia-de-lemion.md,"a China são chamados três primeiros.» — Qin Shi Huang Di (STT 'Xinchi Huang/Xintiranti/Xiranti', 261–210 a.C.): 'Hu"
Xinuanti,Qin Shi Huang Di,RC-851,stt_contextual,parentetico,alta,nao,0,verificado,média,RC-851-qin-shi-huang-di-imperador-chines-sob-influencia-de-lemion.md,mion) — RC-851 ## Definição Sintética Qin Shi Huang Di (STT 'Xinchi Huang/Xinchiranti/Xiranti/Xinxiranti/Xinuanti'): primeiro imperado
Xinxiranti,Qin Shi Huang Di,RC-851,stt_contextual,parentetico,alta,nao,0,verificado,média,RC-851-qin-shi-huang-di-imperador-chines-sob-influencia-de-lemion.md,mion) — RC-851 ## Definição Sintética Qin Shi Huang Di (STT 'Xinchi Huang/Xinchiranti/Xiranti/Xinxiranti/Xinuanti'): primeiro imperado
Xiranti,Qin Shi Huang Di,RC-851,stt_contextual,parentetico,alta,nao,0,verificado,média,RC-851-qin-shi-huang-di-imperador-chines-sob-influencia-de-lemion.md,mion) — RC-851 ## Definição Sintética Qin Shi Huang Di (STT 'Xinchi Huang/Xinchiranti/Xiranti/Xinxiranti/Xinuanti'): primeiro imperado
Yariosai,Shimon bar Yochai,RC-266,stt_contextual,parentetico,alta,nao,0,verificado,alta,RC-266-sepher-ha-zohar-e-shimon-bar-yochai.md,"tatron desativado) apareceram ao rabino Shimon bar Yochai (STT ""Shimon Bariokai/Yariosai"") e entregaram a Otz"
Yel Brasil,Ielreasil e Iel Breasiel,RC-018,stt_contextual,parentetico,alta,nao,0,em análise,baixa,RC-018-alt-lam-gron.md,"15 da família V, 617 L e por aí vai.»); Ielreasil e Iel Breasiel (STT ""Iel Breasiel/El Breziel/Yel Brasil"") ""não se astralizar"
éu iluvatar,Definição Sintética,RC-843,stt_contextual,parentetico,alta,nao,0,verificado,média,RC-843-eru-iluvatar-criador-no-silmarillion.md, (criador no Silmarillion) — RC-843 ## Definição Sintética Eru Ilúvatar (STT 'Heru/éu iluvatar'): o criador no Silm
éu iluvatar,Eru Ilúvatar,RC-843,stt_contextual,parentetico,alta,nao,0,verificado,média,RC-843-eru-iluvatar-criador-no-silmarillion.md," iluvatar, então o nome éu iluvatar.» — Eru Ilúvatar (STT 'Heru/éu iluvatar'), o criador na obra"
19 e poucos anos,~1900 anos (traído pelo STT,RC-072,stt_mapeado,prosa,referencia_oral,nao,0,verificado,alta,RC-072-jesus.md,"gnósticos conheciam, essas duas faces foram esquecidas.») — STT «19 e poucos anos» = ~1900 anos (traído pelo STT; não literalizar). "
Alamaior,Awaymaion — o contexto da fala (biodemos,RC-500,stt_mapeado,prosa,referencia_oral,nao,0,em análise,baixa,RC-500-almaior-alamaior---erro-historico-de-stt-ver-forno-de-awaymaion-rc-499.md,"o material do curador ""Fornos Replicadores"" confirmou que o STT ""Alamaior"" = **Awaymaion** — o contexto da fala (biodemos) bate exatamente co"
Anais,Anás,RC-946,stt_mapeado,prosa,alta,nao,0,verificado,média,RC-946-poncio-pilatos-caifas-sinedrio.md,(verbete agrupado) - **Variações / grafias alternativas:** (STT «Anais» = Anás; «Sinédrio» como gr
Belgrad,Belgrado,RC-489,stt_mapeado,prosa,alta,nao,0,verificado,média,RC-489-enoque-setimo-patriarca-levado-por-jave.md,sor Scolov descobriu restos de um outro livro de Enoque.»); STT «Belgrad» = Belgrado; RC-489; RC-672 Man
Capilas,Capila,RC-037,stt_mapeado,prosa,alta,nao,0,verificado,alta,RC-037-brahma-brajna.md," estragando a vida humana que ainda está no laboratório.» — STT «Capilas» = Capila, «Sidart Gautama» ="
Clod Brasil,Yggdrasil (corrobora a leitura registrada na Colecionar Ince,RC-730,stt_mapeado,prosa,referencia_oral,nao,0,verificado,média,RC-730-yggdrasil-conglomerado-dos-nove-mundos.md," - **[P2024-08-03] Yggdrasil no STT (U0359; U0380–U0387):** STT ""conglomerado de Brasil / Ig Brasil / Clod Brasil"" = Yggdrasil (corrobora a leitura registrada na Colecionar Incerte"
conglomerado de Brasil,Yggdrasil (corrobora a leitura registrada na Colecionar Ince,RC-730,stt_mapeado,prosa,referencia_oral,nao,0,verificado,média,RC-730-yggdrasil-conglomerado-dos-nove-mundos.md," - **[P2024-08-03] Yggdrasil no STT (U0359; U0380–U0387):** STT ""conglomerado de Brasil / Ig Brasil / Clod Brasil"" = Yggdrasil (corrobora a leitura registrada na Colecionar Incerte"
criador Cuba,criador,RC-514,stt_mapeado,prosa,alta,nao,0,verificado,alta,RC-514-tikun-cosmico-restabelecimento-da-criacao.md,"tikum — o reparo cabalístico ""na obra e no criador"" (grafia STT ""criador Cuba"" = criador; sem emenda); os hu"
cristãos islâmicos,cristãos e islâmicos,RC-193,stt_mapeado,prosa,alta,nao,0,em análise,baixa,RC-193-rebanho-humano.md,"ta terrivelmente simplório, sem ousadia, sem criatividade"" (STT ""cristãos islâmicos"" = cristãos e islâmicos; sem emenda); ""É um"
DN a humano,DNA humano,RC-783,stt_mapeado,prosa,alta,nao,0,verificado,média,RC-783-especiacao-humana-levas-geneticas.md,"nte deixou refém todo esse contexto existencial.») — grafia STT ""DN a humano"" = DNA humano. ### P2022-10-01 ("
erd,Wyrd,RC-658,stt_mapeado,prosa,alta,nao,0,verificado,média,RC-658-wyrd-urd-teia-do-destino.md,"fim da teia: ""o erd vai se acabar junto com esse universo"" (STT ""erd/erto/o erro"" = Wyrd, sem emenda) — ""Ela"
erto,Wyrd,RC-658,stt_mapeado,prosa,alta,nao,0,verificado,média,RC-658-wyrd-urd-teia-do-destino.md,"fim da teia: ""o erd vai se acabar junto com esse universo"" (STT ""erd/erto/o erro"" = Wyrd, sem emenda) — ""Ela"
forno de Alamaior,Awaymaion (P2021-12-04,RC-092,stt_mapeado,prosa,alta,nao,0,verificado,alta,RC-092-quarto-logos-olm-codificador-de-zian.md,"nal (material do curador); **confirma também a resolução do STT ""forno de Alamaior"" = Awaymaion** (P2021-12-04, U0621, trecho de O"
fço,fosso,RC-395,stt_mapeado,prosa,alta,nao,0,verificado,alta,RC-395-ragnarok-em-marte.md,"i na terra no ano 2020"" exigiu a supernave de Sofia (grafia STT ""fço"" = fosso). ### P2026-03-21 "
Ig Brasil,Yggdrasil (corrobora a leitura registrada na Colecionar Ince,RC-730,stt_mapeado,prosa,referencia_oral,nao,0,verificado,média,RC-730-yggdrasil-conglomerado-dos-nove-mundos.md," - **[P2024-08-03] Yggdrasil no STT (U0359; U0380–U0387):** STT ""conglomerado de Brasil / Ig Brasil / Clod Brasil"" = Yggdrasil (corrobora a leitura registrada na Colecionar Incerte"
Lilif,Lilith,RC-727,stt_mapeado,prosa,alta,nao,0,em análise,baixa,RC-727-dna-insubmisso-linhagem-pandora-eva-noreia.md,"nto de inflexão da decadência do código do criador"" (grafia STT ""Lilif"" = Lilith). ### P2022-09-25 "
loquias,locas,RC-037,stt_mapeado,prosa,alta,nao,0,verificado,alta,RC-037-brahma-brajna.md,"; quando Javé foi puxado para o colapso, ""foi todo"" (grafia STT ""loquias"" = locas). ### P2022-09-18"
Madiim,Maitreya,RC-481,stt_mapeado,prosa,alta,nao,0,verificado,alta,RC-481-maitreya-dionisio-forma-adiagena-de-vishnu.md,"vatar Calque, ou seja, a a vinda do Caico para os incas.» — STT «Madiim» = Maitreya; «Calque»/«Caico» ="
mercado,Metatron (degeneração do STT,RC-671,stt_mapeado,prosa,alta,sim,0,em análise,baixa,RC-671-metatron.md,noque que viveu milênios como Metatron no universo vizinho; STT «mercado» = Metatron (degeneração do STT); «anjo de Javé» (R
morre em s,CHANCELA 2026-09-06 · F039-L3: AGUARDA-ÁUDIO (STT preservado,RC-081,stt_mapeado,prosa,referencia_oral,nao,0,verificado,alta,RC-081-mohen-so-avatar-keshava-de-vishnu.md,o para entender os fios soltos de Brahma e Shiva [REVISAR — STT 'morre em s' → CHANCELA 2026-09-06 · F039-L3: AGUARDA-ÁUDIO (STT preservado como falado) — ver 
morrem,Morensor,RC-102,stt_mapeado,prosa,alta,nao,0,verificado,alta,RC-102-shiva-savna.md,"â protogonos, ou seja, o grande produtor do ovo cósmico.») [STT «morrem» prov. ""Morensor"" — sem emenda]. #"
negropias,negentropias,RC-725,stt_mapeado,prosa,alta,nao,0,verificado,média,RC-725-ponto-de-luz-humano-ilha-de-negentropia.md," Chiva permitir, a entropia vai matando aos poucos"" (grafia STT ""negropias"" = negentropias). ### P2022-11-20"
Nietzs,Nietzsche,RC-369,stt_mapeado,prosa,alta,nao,0,verificado,alta,RC-369-nietzsche-como-amigo-da-intencao-de-jesus.md,"ssim é como Nietzs disse: ""Ei, humanidade infantiloide"".» — STT «Nietzs» = Nietzsche; a humanidade condi"
o código deve,o código demo,RC-001,stt_mapeado,prosa,alta,nao,0,verificado,alta,RC-001-jave.md,"nós ostentamos ou portamos o nosso corpo o código deve.» — [STT «o código deve» prov. ""o código demo"" — sem emenda]. ##"
o erro,Wyrd,RC-658,stt_mapeado,prosa,alta,nao,0,verificado,média,RC-658-wyrd-urd-teia-do-destino.md,"fim da teia: ""o erd vai se acabar junto com esse universo"" (STT ""erd/erto/o erro"" = Wyrd, sem emenda) — ""Ela"
Orbon,CHANCELA 2026-09-06 · F039-L3: FONTE AUSENTE DA ARCA — ver n,RC-231,stt_mapeado,prosa,referencia_oral,nao,0,verificado,alta,RC-231-razao-filosofica-dos-terraqueos.md,stou lançando no âmbito do projeto na plataforma [REVISAR — STT 'Orbon' → CHANCELA 2026-09-06 · F039-L3: FONTE AUSENTE DA ARCA — ver nota] um novo curso c
Pancu,Pangu (o primeiro ser da mitologia chinesa,RC-104,stt_mapeado,prosa,referencia_oral,nao,0,verificado,alta,RC-104-trimurti.md," chinesa, o o Yang e Pancu, o tal criador caído no Yang.» — STT «Pancu» = Pangu (o primeiro ser da mitologia chinesa, que quebrou o ovo "
para Bragna,Para Brajna,RC-691,stt_mapeado,prosa,alta,nao,0,verificado,média,RC-691-ishvara-isuara---retrato-de-prabrajna-antes-da-queda.md,"rces de sustentabilidade da erraticidade do paraíso (grafia STT ""para Bragna"" = Para Brajna). ### P2025-03-15"
para nossa,para nós,RC-657,stt_mapeado,prosa,alta,nao,0,verificado,média,RC-657-verdade-posta-×-verdade-a-construir.md,"lema de ser dono, nem o deus amantíssimo escapa.») — grafia STT ""para nossa"" = para nós. - **[O bumerangue q"
projeto Palma,projeto Talm,RC-080,stt_mapeado,prosa,alta,nao,0,verificado,alta,RC-080-mensagem-talm.md,"eu não devo lançar esse livro ao tempo dessa minha vida.») [STT «projeto Palma» prov. ""projeto Talm"" — sem emenda]. #"
Protoos,Morensor,RC-104,stt_mapeado,prosa,alta,nao,0,verificado,alta,RC-104-trimurti.md,"elfos, e semeou o universo biológico com esses códigos.» — [STT «Protoos» prov. ""Morensor"" — sem emenda]; a c"
quarques,quarks,RC-001,stt_mapeado,prosa,alta,nao,0,verificado,alta,RC-001-jave.md,"iu uma sopa de quarques e gluons, diz a ciência oficial.» — STT «quarques» = quarks; a convergência ent"
quechava,KEŚAVA,RC-584,stt_mapeado,prosa,alta,nao,0,verificado,média,RC-584-rama-avatar-de-vishnu.md,"o UM FALSO AVATAR KEŚAVA no sentido de TER O DNA DOS TRÊS"" [STT ""quechava"" → KEŚAVA; ver RC-425 — a 3ª "
Road Trade Center,World Trade Center — sem emenda],RC-854,stt_mapeado,prosa,referencia_oral,nao,0,verificado,média,RC-854-apocalipse-livro-de-joao-ditado-por-sofia-rockman.md,alipse descreve a queda das torres do Road Trade Center.») [STT «Road Trade Center» = World Trade Center — sem emenda]. ## Fontes | Obra 
Rockman,HOCHMAH — decodificado na Devolutiva O-4],RC-072,stt_mapeado,prosa,referencia_oral,nao,0,verificado,alta,RC-072-jesus.md," aparece, ESSE HOCHMAH, que era o caso o Cristo Cósmico?'"" [STT 'Rockman' → HOCHMAH — decodificado na Devolutiva O-4]; **A EXCEÇÃO**: ""es"
Suzirania,Suzerania,RC-009,stt_mapeado,prosa,alta,nao,0,verificado,alta,RC-009-sophia-cristo-cosmico.md,"ia, impedindo de toda forma Sofia de vir o quê?») — grafias STT ""Suzirania"" = Suzerania; ""sofia"" = Sofia (U"
Sáveina,Savna,RC-102,stt_mapeado,prosa,alta,nao,0,verificado,alta,RC-102-shiva-savna.md," é energia pesada aqui para ver se ele morre mesmo"" (grafia STT ""Sáveina"" = Savna). ### P2022-07-16"
Trimurto,Trimurti,RC-174,stt_mapeado,prosa,alta,nao,0,verificado,alta,RC-174-colmeia-universal.md," ""uma coisa está profundamente ligada com a outra"" (grafias STT ""Trimurto"" = Trimurti; sem emenda). ###"
Viaza,Vyasa,RC-265,stt_mapeado,prosa,alta,nao,0,verificado,alta,RC-265-os-270-mundos-profecia-do-zohar.md,"ada de muitas maneiras para ver se nós entendemos"" (grafias STT ""Viaza"" = Vyasa; ""Zorrar"" = Zohar)."
virgino,provável referência a Vishnu,RC-104,stt_mapeado,prosa,alta,nao,0,verificado,alta,RC-104-trimurti.md,"o e a disputa entre eles e Sofia no nosso universo (grafias STT ""virgino"" = provável referência a Vishnu, RC-135; ""trimurt"" "
Virgo,Vishnu (grafia canônica,RC-104,stt_mapeado,prosa,alta,nao,0,verificado,alta,RC-104-trimurti.md,"ma é o criador, mas quem de fato ajeitou tudo foi Virgo.» — STT «Virgo» = Vishnu (grafia canônica); o mesmo processo "
270 mundos da Criação,Os 270 Mundos,RC-265,variacao,etimologia,conceitual,nao,0,verificado,alta,RC-265-os-270-mundos-profecia-do-zohar.md,"- **Grafia preferida:** Os 270 Mundos - **Variações:** 270 mundos da Criação; ""moradas""/lokas envolvidas; público-alvo do Zohar"
3 levas,Especiação Humana — Levas Genéticas,RC-783,variacao,etimologia,referencia_oral,nao,0,verificado,média,RC-783-especiacao-humana-levas-geneticas.md,"- **Grafia preferida:** Especiação Humana — Levas Genéticas - **Variações STT capturadas:** ""levas genéticas"", ""1, 2, 3 levas"", ""padrão genético humano"" - **Idioma de origem:** Por"
9 livros,13 Livros de Lúcifer com Humanos (Necessários Antes do Fim),RC-833,variacao,etimologia,referencia_oral,nao,0,em análise,baixa,RC-833-13-livros-de-lucifer-com-humanos.md,"- **Grafia preferida:** 13 Livros de Lúcifer com Humanos (Necessários Antes do Fim) - **Variações STT capturadas:** ""13 livros"", ""9 livros"", ""Lúcifer com humanos"", ""rebelião de Lúc"
"a ""Colmeia"" de Javé",Colmeia Universal,RC-174,variacao,etimologia,conceitual,nao,0,verificado,alta,RC-174-colmeia-universal.md,"- **Grafia preferida:** Colmeia Universal - **Variações:** Colmeia (geral); Colmeia Trimurtina (a colmeia original do universo demo); a ""Colmeia"" de Javé"
"a ""cápsula do tempo"" (João",Cápsula do Tempo de Sophia,RC-274,variacao,etimologia,referencia_oral,nao,0,verificado,alta,RC-274-capsula-do-tempo-de-sophia-joao.md,"- **Grafia preferida:** Cápsula do Tempo de Sophia - **Variações:** a ""cápsula do tempo"" (João/Apocalipse); promessas do retorno; ""os tempos são chegados"""
"a ""rebelião"" (aspas na obra",A Rebelião dos Elétrons,RC-378,variacao,etimologia,conceitual,nao,0,verificado,alta,RC-378-a-rebeliao-dos-eletrons.md,"- **Grafia preferida:** A Rebelião dos Elétrons - **Variações:** rebelião inconsciente no âmbito dos elétrons; rebelião íntima dos elétrons; a ""rebelião"" (aspas na obra)"
"a ""serpente"" da tradição bíblica",Pandora como Serpente do Éden,RC-283,variacao,etimologia,referencia_oral,nao,0,verificado,alta,RC-283-pandora-como-serpente-do-eden.md,"- **Grafia preferida:** Pandora como Serpente do Éden - **Variações:** a serpente do Éden = Pandora; papel da serpente; a ""serpente"" da tradição bíblica"
a Coroa (primeira sefirá,Kether,RC-261,variacao,etimologia,conceitual,nao,0,verificado,alta,RC-261-kether-jave-na-cabala.md,- **Grafia preferida:** Kether - **Variações:** Kether/Javé; a Coroa (primeira sefirá); identificado a Javé e Brahma - **Idioma de origem:** hebraico (כתר = coroa)
a crucificação de Jesus (evento subjacente,O Calvário de um Inocente,RC-236,variacao,etimologia,referencia_oral,nao,0,verificado,alta,RC-236-o-calvario-de-um-inocente.md,- **Grafia preferida:** O Calvário de um Inocente - **Variações:** Calvário de um Inocente; a crucificação de Jesus (evento subjacente)
a descida,Mergulho (designação ellâmica da queda),RC-528,variacao,etimologia,referencia_oral,nao,0,em análise,baixa,RC-528-mergulho.md,- Grafia preferida: Mergulho (designação ellâmica da queda) - Variações: mergulho; a descida - Uso oposto: «queda» (a leitura tradicional)
a era em que os humanos imperam,Era dos Humanos,RC-297,variacao,etimologia,conceitual,nao,0,verificado,alta,RC-297-era-dos-humanos-zeus-e-a.md,"- **Grafia preferida:** Era dos Humanos - **Variações:** Zeus e a Impensável ""Era dos Humanos""; a era em que os humanos imperam"
"a evolução possível"" (subtítulo",Evolução Possível,RC-541,variacao,etimologia,conceitual,nao,0,verificado,alta,RC-541-evolucao-possivel-terceira-via-nem-darwin-nem-deus.md,"- **Grafia preferida:** Evolução Possível - **Variações:** ""a evolução possível"" (subtítulo); ""Evolução Possível para Quem?"" (cap. 1) - **Obs.:** título do livro também traz a fórm"
"a famosa 'Universidade'"" (B058",Universidade de Tau Ceti,RC-451,variacao,etimologia,conceitual,nao,0,provisório,média,RC-451-universidade-de-tau-ceti.md,"- **Grafia preferida:** Universidade de Tau Ceti - **Variações:** ""a famosa 'Universidade'"" (B058); ""'Universidade' de Tau Ceti""; ""Conselho de Sábios da Grande Fraternidade Tau Cet"
a força que antecede macho,Força de Atração Sexual (anterior à polaridade),RC-433,variacao,etimologia,referencia_oral,nao,0,verificado,alta,RC-433-forca-de-atracao-sexual-anterior-a-polaridade.md,- **Grafia preferida:** Força de Atração Sexual (anterior à polaridade) - **Variações:** força de atração; força sexual original; a força que antecede macho/fêmea
a fé de Jesus e a crítica de Nietzsche,A Fé de Jesus e a Razão de Nietzsche,RC-371,variacao,etimologia,referencia_oral,nao,0,verificado,alta,RC-371-a-fe-de-jesus-e-a-razao-de-nietzsche.md,- **Grafia preferida:** A Fé de Jesus e a Razão de Nietzsche - **Variações:** fé × razão; o choque fé-razão; a fé de Jesus e a crítica de Nietzsche
A gar,Agar como 2ª Tentativa Fracassada de Fêmea para Adão,RC-817,variacao,etimologia,referencia_oral,nao,0,verificado,alta,RC-817-agar-como-segunda-tentativa.md,"- **Grafia preferida:** Agar como 2ª Tentativa Fracassada de Fêmea para Adão - **Variações STT capturadas:** ""Agar"", ""A gar"", ""Agar a segunda"" - **Idioma de origem:** Hebraico (הָג"
"a Lingan"" (P2022-03-26",Awaylengan (consagrada por RC-771/ART-2025-08-01),RC-837,variacao,etimologia,referencia_oral,nao,0,verificado,média,RC-837-forno-de-awaylengan-forno-de-shiva.md,"- **Grafia preferida (canônica):** Awaylengan (consagrada por RC-771/ART-2025-08-01). - **Grau oral fundador (P2019-08-25):** ""**Awai Lengan**"" / ""Ailingan"" / ""Lingan"" / ""Hawai Lin"
a linhagem de Pirra,Descendência de Pirra,RC-298,variacao,etimologia,conceitual,nao,0,verificado,alta,RC-298-descendencia-de-pirra-pirra-e-deucaliao.md,- **Grafia preferida:** Descendência de Pirra - **Variações:** Pirra e Deucalião; a linhagem de Pirra; o casal Deucalião/Pirra
a linhagem preparada desde Adão,Linhagem dos Escolhidos,RC-424,variacao,etimologia,conceitual,nao,0,em análise,baixa,RC-424-linhagem-dos-escolhidos-adao-enoch-abraao-jaco.md,- **Grafia preferida:** Linhagem dos Escolhidos - **Variações:** o Projeto Humano; a linhagem preparada desde Adão; os escolhidos de Javé
a mais estranha das parcerias,Nietzsche como 'Amigo da Intenção de Jesus',RC-369,variacao,etimologia,referencia_oral,nao,0,verificado,alta,RC-369-nietzsche-como-amigo-da-intencao-de-jesus.md,"- **Grafia preferida:** Nietzsche como 'Amigo da Intenção de Jesus' - **Variações:** a parceria Jesus-Nietzsche; Nietzsche como agente; ""a mais estranha das parcerias"""
a parceria Jesus-Nietzsche,Nietzsche como 'Amigo da Intenção de Jesus',RC-369,variacao,etimologia,referencia_oral,nao,0,verificado,alta,RC-369-nietzsche-como-amigo-da-intencao-de-jesus.md,"- **Grafia preferida:** Nietzsche como 'Amigo da Intenção de Jesus' - **Variações:** a parceria Jesus-Nietzsche; Nietzsche como agente; ""a mais estranha das parcerias"""
a resposta do Criador,Resposta de Javé,RC-417,variacao,etimologia,conceitual,nao,0,verificado,alta,RC-417-resposta-de-jave-em-1a-pessoa.md,"- **Grafia preferida:** Resposta de Javé - **Variações:** a resposta do Criador; Resposta de Javé - Parte 1 e Parte 2; ""sou eu que vivo em vocês"" (frase-chave)"
a serpente do Éden = Pandora,Pandora como Serpente do Éden,RC-283,variacao,etimologia,referencia_oral,nao,0,verificado,alta,RC-283-pandora-como-serpente-do-eden.md,"- **Grafia preferida:** Pandora como Serpente do Éden - **Variações:** a serpente do Éden = Pandora; papel da serpente; a ""serpente"" da tradição bíblica"
a transição guerreiro-atleta,Esporte como evolução da Guerra,RC-430,variacao,etimologia,referencia_oral,nao,0,provisório,média,RC-430-esporte-como-evolucao-da-guerra.md,- **Grafia preferida:** Esporte como evolução da Guerra - **Variações:** da guerra ao esporte; esporte × guerra; a transição guerreiro-atleta
a vida nos vive,A Vida do CFD de Javé no Ser Humano,RC-382,variacao,etimologia,referencia_oral,nao,0,verificado,alta,RC-382-a-vida-do-cfd-de-jave-no-ser-humano.md,"- **Grafia preferida:** A Vida do CFD de Javé no Ser Humano - **Variações:** o CFD vivendo em nós; ""a vida nos vive""; o código de vida do Criador no humano"
"A Yoga do Cotidiano"" (epíteto do método",Série Mentalma (5 livros + curso),RC-555,variacao,etimologia,referencia_oral,nao,0,verificado,alta,RC-555-serie-mentalma-5-livros-curso.md,"- **Grafia preferida:** Série Mentalma (5 livros + curso) - **Variações:** ""Mentalma I–VII"" (nomes dos volumes); ""A Yoga do Cotidiano"" (epíteto do método); ""sete módulos do Mentalm"
abduções,Abduções e Reparo Espiritual,RC-359,variacao,etimologia,conceitual,nao,0,verificado,alta,RC-359-abducoes-e-reparo-espiritual.md,- **Grafia preferida:** Abduções e Reparo Espiritual - **Variações:** abduções; sequestros extraterrestres; reparo espiritual
Acalmar a mente,Disciplina dos 3As,RC-552,variacao,etimologia,conceitual,nao,0,verificado,alta,RC-552-disciplina-dos-3as-respiracao-mente-alinhamento.md,"- **Grafia preferida:** Disciplina dos 3As - **Variações:** ""os 3As""; ""Aprofundar a respiração; Acalmar a mente; Alinhar-se consigo mesmo"" - **Obs.:** não confundir com outras sigl"
acender o fogo,Fogo que se Apaga (Fogo de Prometeu Hoje),RC-792,variacao,etimologia,referencia_oral,nao,0,verificado,média,RC-792-fogo-que-se-apaga.md,"- **Grafia preferida:** Fogo que se Apaga (Fogo de Prometeu Hoje) - **Variações STT capturadas:** ""fogo"", ""fogo que não se observa mais"", ""fogo que se apagou"", ""acender o fogo"" - *"
adestramento,Lavagem Cerebral,RC-335,variacao,etimologia,conceitual,nao,0,verificado,alta,RC-335-lavagem-cerebral-condicionamento.md,"- **Grafia preferida:** Lavagem Cerebral - **Variações:** condicionamento; lavagem cerebral imposta; adestramento; ""descondicione-se"" (imperativo de Ellam)"
Adhy-Mavatana,ADHYMAVATANA,RC-408,variacao,etimologia,conceitual,nao,0,verificado,alta,RC-408-adhymavatana-nome-completo-de-mavatna-vishnu.md,- **Grafia preferida:** ADHYMAVATANA - **Variações:** Adhy-Mavatana; Mavatna (forma usada no corpus); Vishnu (expressão Adhydaiva) - **Origem:** composto RC (Adhy + Mavatna)
Adhy-Prabrajna,Adhyshprabrajna,RC-310,variacao,etimologia,conceitual,nao,0,verificado,alta,RC-310-adhyshprabrajna-adhy-que-caiu.md,- **Grafia preferida:** Adhyshprabrajna - **Variações:** Adhy-Prabrajna; Prabrajna (forma curta); identidade anterior de Brahma/Javé/Alá - **Origem:** sânscrito/composto RC (Adhy +
Adhy-Savna,ADHYSAVNA,RC-409,variacao,etimologia,conceitual,nao,0,verificado,alta,RC-409-adhysavna-nome-completo-de-savna-shiva.md,- **Grafia preferida:** ADHYSAVNA - **Variações:** Adhy-Savna; Savna (forma usada no corpus); Shiva (expressão Adhydaiva) - **Origem:** composto RC (Adhy + Savna)
Adhyshprabrajna (RC-310,ADHYPRABRAJNA (grafia do diagrama),RC-410,variacao,etimologia,conceitual,nao,0,verificado,alta,RC-410-adhyprabraja.md,- Grafia preferida: ADHYPRABRAJNA (grafia do diagrama) - Variações: Adhyshprabrajna (RC-310); Prabrajna (RC-152); Prajapati (tradição védica) - Condição: Adhyatman
Adityas (mitologia hindu — verificar relação,Adhytia,RC-308,variacao,etimologia,conceitual,nao,0,verificado,alta,RC-308-adhytia-nivel-hierarquico.md,- **Grafia preferida:** Adhytia - **Variações:** Adityas (mitologia hindu — verificar relação); linhagem dos descendentes da Trimurti - **Obs.:** distinguir de Adhy (gênero espirit
"Administradores"" de Sophia",Hostes de Sophia,RC-453,variacao,etimologia,conceitual,nao,0,verificado,alta,RC-453-hostes-de-sophia.md,"- **Grafia preferida:** Hostes de Sophia - **Variações:** ""as suas Hostes"" (B057/B058); ""Hostes de Comando"" (B058, p. 67); ""Hostes bélicas"" (B058, p. 74); ""Assessores""/""Administrad"
administração cósmica,Gestão Cósmica,RC-225,variacao,etimologia,conceitual,nao,0,verificado,alta,RC-225-gestao-cosmica.md,- **Grafia preferida:** Gestão Cósmica - **Variações:** gestão universal; divisão da gestão; administração cósmica; divisão do Comando
Aeon (RC,Elm,RC-454,variacao,etimologia,conceitual,nao,0,em análise,baixa,RC-454-elm-moros---ser-lm-de-temperion.md,- **Grafia preferida:** Elm - **⚠️ GRAFIA OFICIAL DO EPÍTETO/VARIAÇÃO FONÉTICA (o ser de 4 cabeças): MORREN SO** — consagrada pela Devolutiva O-4 da P2022-09-24 (antes o STT captur
afetividade,Pulsação dos Elétrons Como Afetividade Humana,RC-832,variacao,etimologia,referencia_oral,nao,0,verificado,média,RC-832-pulsacao-dos-eletrons-como-afetividade.md,"- **Grafia preferida:** Pulsação dos Elétrons Como Afetividade Humana - **Variações STT capturadas:** ""pulsação dos elétrons"", ""comportamento biológico"", ""afetividade"", ""identidade"
Agar a segunda,Agar como 2ª Tentativa Fracassada de Fêmea para Adão,RC-817,variacao,etimologia,referencia_oral,nao,0,verificado,alta,RC-817-agar-como-segunda-tentativa.md,"- **Grafia preferida:** Agar como 2ª Tentativa Fracassada de Fêmea para Adão - **Variações STT capturadas:** ""Agar"", ""A gar"", ""Agar a segunda"" - **Idioma de origem:** Hebraico (הָג"
agentes básicos da vida universal (os elétrons,Agentes da Vida Universal,RC-148,variacao,etimologia,conceitual,nao,0,verificado,alta,RC-148-agentes-da-vida-universal.md,"- **Grafia preferida:** Agentes da Vida Universal - **Variações:** agentes da vida; agentes da informação cósmica; agentes básicos da vida universal (os elétrons, por extensão) - *"
agentes da informação cósmica,Agentes da Vida Universal,RC-148,variacao,etimologia,conceitual,nao,0,verificado,alta,RC-148-agentes-da-vida-universal.md,"- **Grafia preferida:** Agentes da Vida Universal - **Variações:** agentes da vida; agentes da informação cósmica; agentes básicos da vida universal (os elétrons, por extensão) - *"
agentes da vida,Agentes da Vida Universal,RC-148,variacao,etimologia,conceitual,nao,0,verificado,alta,RC-148-agentes-da-vida-universal.md,"- **Grafia preferida:** Agentes da Vida Universal - **Variações:** agentes da vida; agentes da informação cósmica; agentes básicos da vida universal (os elétrons, por extensão) - *"
agentes de dominação,Estratégia dos Avatares,RC-797,variacao,etimologia,conceitual,nao,0,verificado,média,RC-797-estrategia-dos-avatares.md,"- **Grafia preferida:** Estratégia dos Avatares - **Variações STT capturadas:** ""avatares"", ""agentes de dominação"", ""instrumentos de dominação"" - **Idioma de origem:** Sânscrito (अ"
agentes de Olm,Agentes do Quarto Logos,RC-281,variacao,etimologia,conceitual,nao,0,verificado,alta,RC-281-agentes-do-quarto-logos.md,"- Grafia preferida: Agentes do Quarto Logos - Variações: agentes de Olm; esclarecedores - Logos: Quarto Logos / Olm (RC-092, RC-252)"
Aia (corruptela frequente em transcrições — corrigida em 2026-08-31,"Aya (canônica, em RC-009 e B031)",RC-834,variacao,etimologia,referencia_oral,nao,0,verificado,alta,RC-834-familia-aya.md,"- **Grafia preferida:** **Aya** (canônica, em RC-009 e B031) - **Variações:** Aia (corruptela frequente em transcrições — corrigida em 2026-08-31) - **Idioma de origem:** Hebraico "
Aie (corruptela frequente em transcrições — corrigida em 2026-08-31,"Aye (canônica, em RC-009 e B031)",RC-835,variacao,etimologia,referencia_oral,nao,0,verificado,alta,RC-835-familia-aye.md,"- **Grafia preferida:** **Aye** (canônica, em RC-009 e B031) - **Variações:** Aie (corruptela frequente em transcrições — corrigida em 2026-08-31) - **Idioma de origem:** Sânscrito"
Alfa Aurigae (nota p. 10,Capela (Sistema),RC-039,variacao,etimologia,conceitual,nao,0,verificado,alta,RC-039-capela-sistema.md,"- **Grafia preferida:** Capela (Sistema) - **Variações:** ""sistema solar de Capela""; ""sistema de Capela"" (B057); Alfa Aurigae (nota p. 10) - **Obs.:** no universo RC, ""Capela"" desi"
alguém observador,Eu Observador,RC-890,variacao,etimologia,conceitual,nao,0,verificado,média,RC-890-eu-observador.md,- **Grafia preferida:** Eu Observador - **Variações:** alguém observador; observador interno - **Idioma de origem:** Português
aliança entre os três,Pactos de Javé (Brama / Vishnu / Shiva),RC-781,variacao,etimologia,referencia_oral,nao,0,verificado,média,RC-781-pactos-de-jave.md,"- **Grafia preferida:** Pactos de Javé (Brama / Vishnu / Shiva) - **Variações STT capturadas:** ""pacto entre Javé, Vishnu e Shiva"", ""aliança entre os três"", ""pactos desastrosos"" - "
Alinhar-se consigo mesmo,Disciplina dos 3As,RC-552,variacao,etimologia,conceitual,nao,0,verificado,alta,RC-552-disciplina-dos-3as-respiracao-mente-alinhamento.md,"- **Grafia preferida:** Disciplina dos 3As - **Variações:** ""os 3As""; ""Aprofundar a respiração; Acalmar a mente; Alinhar-se consigo mesmo"" - **Obs.:** não confundir com outras sigl"
alteração vibratória,O Enigma da Transfiguração,RC-366,variacao,etimologia,conceitual,nao,0,verificado,alta,RC-366-o-enigma-da-transfiguracao.md,- **Grafia preferida:** O Enigma da Transfiguração - **Variações:** Transfiguração de Jesus; alteração vibratória; o encontro com Moisés e Elias
alternativa homo,Eva como 3ª Tentativa de Fêmea para Adão (Homem + Mulher da Espécie Sá,RC-814,variacao,etimologia,referencia_oral,nao,0,verificado,alta,RC-814-eva-como-terceira-tentativa.md,"- **Grafia preferida:** Eva como 3ª Tentativa de Fêmea para Adão (Homem + Mulher da Espécie Sábia) - **Variações STT capturadas:** ""Eva"", ""alternativa homo"", ""homem com mulher da e"
amor incondicional da Deidade,Democracia do Amor da Deidade,RC-333,variacao,etimologia,referencia_oral,nao,0,verificado,alta,RC-333-democracia-do-amor-da-deidade.md,- **Grafia preferida:** Democracia do Amor da Deidade - **Variações:** democracia do amor; ministério amoroso da Deidade; amor incondicional da Deidade
ANAC,"Ananque (estudou as necessidades dos códigos podres, com Moros; base d",RC-777,variacao,etimologia,referencia_oral,nao,0,verificado,média,RC-777-ananque-estudou-as-necessidades-dos-codigos-podres.md,"- **Grafia oficial: ANANQUE** (consagrada pela Devolutiva O-4 da P2021-07-24 — a deusa grega da necessidade/inevitabilidade, mãe das Moiras na tradição órfica). - Variações STT cap"
Anak,"Ananque (estudou as necessidades dos códigos podres, com Moros; base d",RC-777,variacao,etimologia,referencia_oral,nao,0,verificado,média,RC-777-ananque-estudou-as-necessidades-dos-codigos-podres.md,"- **Grafia oficial: ANANQUE** (consagrada pela Devolutiva O-4 da P2021-07-24 — a deusa grega da necessidade/inevitabilidade, mãe das Moiras na tradição órfica). - Variações STT cap"
ANEC,"Ananque (estudou as necessidades dos códigos podres, com Moros; base d",RC-777,variacao,etimologia,referencia_oral,nao,0,verificado,média,RC-777-ananque-estudou-as-necessidades-dos-codigos-podres.md,"- **Grafia oficial: ANANQUE** (consagrada pela Devolutiva O-4 da P2021-07-24 — a deusa grega da necessidade/inevitabilidade, mãe das Moiras na tradição órfica). - Variações STT cap"
anjo caído,Lúcifer (canônico),RC-078,variacao,etimologia,conceitual,nao,0,verificado,alta,RC-078-lucifer-yel-luzbel.md,- **Grafia preferida:** Lúcifer (canônico); Yel Luzbel (nome biodemo) - **Variações:** Portador da Luz; Estrela da Manhã; anjo caído; diabo (concepção deturpada) - **Idioma de orig
Anjos caídos (equivalência parcial,Exilados de Capela,RC-007,variacao,etimologia,conceitual,nao,0,verificado,alta,RC-007-exilados-de-capela.md,"- **Grafia preferida:** Exilados de Capela - **Variações:** Anjos caídos (equivalência parcial, ver RC-020); Espíritos exilados de Capela"
Ank,"Ananque (estudou as necessidades dos códigos podres, com Moros; base d",RC-777,variacao,etimologia,referencia_oral,nao,0,verificado,média,RC-777-ananque-estudou-as-necessidades-dos-codigos-podres.md,"- **Grafia oficial: ANANQUE** (consagrada pela Devolutiva O-4 da P2021-07-24 — a deusa grega da necessidade/inevitabilidade, mãe das Moiras na tradição órfica). - Variações STT cap"
Antares,Antares (Sistema),RC-021,variacao,etimologia,conceitual,nao,0,verificado,alta,RC-021-antares-sistema.md,"- **Grafia preferida:** Antares (Sistema) - **Variações:** ""Antares""; constelação de Scorpius/Escorpião (nota) - **Obs.:** a nota astronômica vem da ed. 2022 (adaptador) — **quaren"
Antteré,Antérion,RC-597,variacao,etimologia,conceitual,nao,0,verificado,média,RC-597-anterion.md,"- Grafia canônica fixada pelo curador: Antérion. Variações STT: Anterium, Antério, Antteré, ané. - **Fonte de decisão:** Quadro 9 aprovado pelo curador."
Antério,Antérion,RC-597,variacao,etimologia,conceitual,nao,0,verificado,média,RC-597-anterion.md,"- Grafia canônica fixada pelo curador: Antérion. Variações STT: Anterium, Antério, Antteré, ané. - **Fonte de decisão:** Quadro 9 aprovado pelo curador."
ané,Antérion,RC-597,variacao,etimologia,conceitual,nao,0,verificado,média,RC-597-anterion.md,"- Grafia canônica fixada pelo curador: Antérion. Variações STT: Anterium, Antério, Antteré, ané. - **Fonte de decisão:** Quadro 9 aprovado pelo curador."
aos vinte anos entre os celtas,Os 20 Anos de Jesus entre os Celtas,RC-373,variacao,etimologia,referencia_oral,nao,0,verificado,alta,RC-373-os-20-anos-de-jesus-entre-os-celtas.md,- **Grafia preferida:** Os 20 Anos de Jesus entre os Celtas - **Variações:** Jesus e o Druida da Montanha; aos vinte anos entre os celtas; os anos perdidos de Jesus
Apocalipse,Cápsula do Tempo de Sophia,RC-274,variacao,etimologia,referencia_oral,nao,0,verificado,alta,RC-274-capsula-do-tempo-de-sophia-joao.md,"- **Grafia preferida:** Cápsula do Tempo de Sophia - **Variações:** a ""cápsula do tempo"" (João/Apocalipse); promessas do retorno; ""os tempos são chegados"""
Apolônio (filósofo neopitagórico,Apolônio de Tiana,RC-259,variacao,etimologia,conceitual,nao,0,verificado,alta,RC-259-apolonio-de-tiana-encarnacao-do-quarto-logos.md,- **Grafia preferida:** Apolônio de Tiana - **Variações:** Apolônio (filósofo neopitagórico); encarnação do Quarto Logos
Aprofundar a respiração,Disciplina dos 3As,RC-552,variacao,etimologia,conceitual,nao,0,verificado,alta,RC-552-disciplina-dos-3as-respiracao-mente-alinhamento.md,"- **Grafia preferida:** Disciplina dos 3As - **Variações:** ""os 3As""; ""Aprofundar a respiração; Acalmar a mente; Alinhar-se consigo mesmo"" - **Obs.:** não confundir com outras sigl"
arcanos,Memória dos Elétrons e Arcanos,RC-829,variacao,etimologia,referencia_oral,nao,0,verificado,média,RC-829-memoria-dos-eletrons-e-arcanos.md,"- **Grafia preferida:** Memória dos Elétrons e Arcanos - **Variações STT capturadas:** ""memória dos elétrons"", ""arcanos"", ""inconsciente dos elétrons"", ""memória dos antielétrons"", """
arquiteto atormentado,Ser-Criador fracassado,RC-422,variacao,etimologia,conceitual,nao,0,verificado,alta,RC-422-ser-criador-fracassado-autoconfissao-de-jave.md,"- **Grafia preferida:** Ser-Criador fracassado - **Variações:** Criador fracassado; arquiteto atormentado; Deus doente; ""Ser-Criador fracassado"" (citação da crônica)"
Arquiteto por Excelência,Arquiteto Universal,RC-207,variacao,etimologia,conceitual,nao,0,verificado,alta,RC-207-arquiteto-universal.md,"- **Grafia preferida:** Arquiteto Universal - **Variações:** arquiteto universal (função); divindade menor co-criadora; ""Arquiteto por Excelência""; identidade prévia: Prabrajna/Pra"
arquiteto universal (função,Arquiteto Universal,RC-207,variacao,etimologia,conceitual,nao,0,verificado,alta,RC-207-arquiteto-universal.md,"- **Grafia preferida:** Arquiteto Universal - **Variações:** arquiteto universal (função); divindade menor co-criadora; ""Arquiteto por Excelência""; identidade prévia: Prabrajna/Pra"
"arquivo mental"" (singular",Arquivos Mentais,RC-548,variacao,etimologia,conceitual,nao,0,verificado,alta,RC-548-arquivos-mentais-colecao-de-conceitos-no-psiquismo.md,"- **Grafia preferida:** Arquivos Mentais - **Variações:** ""arquivo mental"" (singular); ""Arquivos Mentais"" (título do capítulo/série) - **Obs.:** conceito central da série Mentalma;"
"Arquivos Mentais"" (título do capítulo",Arquivos Mentais,RC-548,variacao,etimologia,conceitual,nao,0,verificado,alta,RC-548-arquivos-mentais-colecao-de-conceitos-no-psiquismo.md,"- **Grafia preferida:** Arquivos Mentais - **Variações:** ""arquivo mental"" (singular); ""Arquivos Mentais"" (título do capítulo/série) - **Obs.:** conceito central da série Mentalma;"
as cartas ao Criador,Cartas a Javé,RC-416,variacao,etimologia,conceitual,nao,0,verificado,alta,RC-416-cartas-a-jave-obra-e-dialogo.md,- **Grafia preferida:** Cartas a Javé - **Variações:** as cartas ao Criador; o diálogo com Javé; cartas e respostas
as dez eras,Eras da Criação,RC-155,variacao,etimologia,conceitual,nao,0,verificado,alta,RC-155-eras-da-criacao-10-eras.md,- **Grafia preferida:** Eras da Criação - **Variações:** eras universais; as dez eras; eras da Criação Universal
"as suas Hostes"" (B057",Hostes de Sophia,RC-453,variacao,etimologia,conceitual,nao,0,verificado,alta,RC-453-hostes-de-sophia.md,"- **Grafia preferida:** Hostes de Sophia - **Variações:** ""as suas Hostes"" (B057/B058); ""Hostes de Comando"" (B058, p. 67); ""Hostes bélicas"" (B058, p. 74); ""Assessores""/""Administrad"
as três Gunas,Gunas,RC-151,variacao,etimologia,conceitual,nao,0,verificado,alta,RC-151-gunas-criadoras-sattva-rajas-tamas.md,"- **Grafia preferida:** Gunas - **Variações:** as três Gunas; energias Rajas, Sattva e Tamas; gunas criadoras - **Origem:** sânscrito (guṇa = qualidade/atributo)"
as três partes de crônicas (espontâneas,As Memórias de Javé,RC-421,variacao,etimologia,conceitual,nao,0,verificado,alta,RC-421-as-memorias-de-jave-cronicas.md,- **Grafia preferida:** As Memórias de Javé - **Variações:** Memórias de Javé; crônicas de Javé; as três partes de crônicas (espontâneas / nem tanto / forçadas)
Assiah,Planos de Existência da Cabala,RC-264,variacao,etimologia,referencia_oral,nao,0,verificado,alta,RC-264-planos-de-existencia-da-cabala-atziluth-briah-yetzirah-assiah.md,- **Grafia preferida:** Planos de Existência da Cabala - **Variações:** quatro universos-mundos; níveis dimensionais da Cabala; Atziluth/Briah/Yetzirah/Assiah (grafias variam: Atzi
Assiah (grafias variam: Atzilut,Planos de Existência da Cabala,RC-264,variacao,etimologia,referencia_oral,nao,0,verificado,alta,RC-264-planos-de-existencia-da-cabala-atziluth-briah-yetzirah-assiah.md,- **Grafia preferida:** Planos de Existência da Cabala - **Variações:** quatro universos-mundos; níveis dimensionais da Cabala; Atziluth/Briah/Yetzirah/Assiah (grafias variam: Atzi
Assiá,Planos de Existência da Cabala,RC-264,variacao,etimologia,referencia_oral,nao,0,verificado,alta,RC-264-planos-de-existencia-da-cabala-atziluth-briah-yetzirah-assiah.md,- **Grafia preferida:** Planos de Existência da Cabala - **Variações:** quatro universos-mundos; níveis dimensionais da Cabala; Atziluth/Briah/Yetzirah/Assiah (grafias variam: Atzi
Atlan (grupo de estudos,Grupo Atlan,RC-388,variacao,etimologia,conceitual,nao,0,verificado,alta,RC-388-grupo-atlan.md,- **Grafia preferida:** Grupo Atlan - **Variações:** Atlan (grupo de estudos); Casa de Lucas (nome anterior); Grupo Atlan (IEEA)
Atom,Brahma,RC-037,variacao,etimologia,conceitual,nao,0,verificado,alta,RC-037-brahma-brajna.md,"- **Grafia preferida:** Brahma - **Variações:** Brajna (condição Adhyatman, antes da queda); identificado a Javé, Caos, Pan Ku, Alá, Atom"
Atom,Caos = Brahma = Javé,RC-284,variacao,etimologia,referencia_oral,nao,0,em análise,baixa,RC-284-caos-brahma-jave-correspondencia.md,"- **Grafia preferida:** Caos = Brahma = Javé - **Variações:** Caos/Brahma/Javé; Caos (Javé); Caos = Brahma = Javé (cadeia completa com Jeová, Alá, Pangu, Atom) - **Idioma de origem"
atração entre iguais,Homoafetividade,RC-434,variacao,etimologia,conceitual,nao,0,verificado,alta,RC-434-homoafetividade-resquicio-da-forca-original.md,- **Grafia preferida:** Homoafetividade - **Variações:** homoafetividade (título); atração entre iguais; identidade de gênero (tema adjacente)
Atziluth,Planos de Existência da Cabala,RC-264,variacao,etimologia,referencia_oral,nao,0,verificado,alta,RC-264-planos-de-existencia-da-cabala-atziluth-briah-yetzirah-assiah.md,- **Grafia preferida:** Planos de Existência da Cabala - **Variações:** quatro universos-mundos; níveis dimensionais da Cabala; Atziluth/Briah/Yetzirah/Assiah (grafias variam: Atzi
B058,Hostes de Sophia,RC-453,variacao,etimologia,conceitual,nao,0,verificado,alta,RC-453-hostes-de-sophia.md,"- **Grafia preferida:** Hostes de Sophia - **Variações:** ""as suas Hostes"" (B057/B058); ""Hostes de Comando"" (B058, p. 67); ""Hostes bélicas"" (B058, p. 74); ""Assessores""/""Administrad"
Babilônia,Culto a Lilith (Transformação em Deusa Lil Babilônica),RC-813,variacao,etimologia,referencia_oral,nao,0,verificado,média,RC-813-culto-a-lilith-babilonia.md,"- **Grafia preferida:** Culto a Lilith (Transformação em Deusa Lil Babilônica) - **Variações STT capturadas:** ""Lil"", ""Lil transformou-se em deusa"", ""Babilônia"", ""mesa"" (= Babel?) "
Beriá,Planos de Existência da Cabala,RC-264,variacao,etimologia,referencia_oral,nao,0,verificado,alta,RC-264-planos-de-existencia-da-cabala-atziluth-briah-yetzirah-assiah.md,- **Grafia preferida:** Planos de Existência da Cabala - **Variações:** quatro universos-mundos; níveis dimensionais da Cabala; Atziluth/Briah/Yetzirah/Assiah (grafias variam: Atzi
Bhava (Hindu,Elm,RC-454,variacao,etimologia,conceitual,nao,0,em análise,baixa,RC-454-elm-moros---ser-lm-de-temperion.md,- **Grafia preferida:** Elm - **⚠️ GRAFIA OFICIAL DO EPÍTETO/VARIAÇÃO FONÉTICA (o ser de 4 cabeças): MORREN SO** — consagrada pela Devolutiva O-4 da P2022-09-24 (antes o STT captur
Bhuloka (sânscrito,Universo Material,RC-107,variacao,etimologia,conceitual,nao,0,verificado,alta,RC-107-universo-material-bhuloka.md,- **Grafia preferida:** Universo Material - **Variações:** Bhuloka (sânscrito); nosso universo; universo biológico
Bifröst,Bifrost (Portal interdimensional),RC-471,variacao,etimologia,conceitual,nao,0,verificado,alta,RC-471-bifrost-portal-interdimensional.md,"- **Forma preferida:** Bifrost; - **variações:** Bifröst; - **STT:** B Frost, Be Frost."
"big data"" do Criador",Big Data Cósmico,RC-194,variacao,etimologia,conceitual,nao,0,verificado,alta,RC-194-big-data-cosmico.md,"- **Grafia preferida:** Big Data Cósmico - **Variações:** ""big data"" do Criador; supercontrole informacional; monitoramento genético cósmico"
"biocoletivos"" (B058",Biocoletivos,RC-445,variacao,etimologia,conceitual,nao,0,verificado,alta,RC-445-biocoletivos.md,"- **Grafia preferida:** Biocoletivos - **Variações:** ""entes coletivos"" (B057); ""biocoletivos"" (B058) - **Idioma de origem / etimologia:** português — bio- + coletivo (neologismo d"
Biocosmos,Mente Universal (Emergente),RC-163,variacao,etimologia,conceitual,nao,0,verificado,alta,RC-163-mente-universal-emergente.md,- Grafia preferida: Mente Universal (Emergente) - Variações: Mente Universal; Biocosmos; Mente-una - Par declarado pela fonte: RC-879 (variação)
biodemos (plural,Biodemos,RC-036,variacao,etimologia,conceitual,nao,0,verificado,alta,RC-036-biodemos.md,"- **Grafia preferida:** Biodemos - **Variações:** ""estirpe dos biodemos"" (B057); biodemos (plural) - **Obs.:** não confundir com **Demos** (RC-049) — categoria/estirpe distinta na "
"bloqueio mental"" ""rompido"" (B058",Deslacre (rompimento dos lacres psíquicos),RC-448,variacao,etimologia,referencia_oral,nao,0,provisório,média,RC-448-deslacre-rompimento-dos-lacres-psiquicos.md,"- **Grafia preferida:** Deslacre (rompimento dos lacres psíquicos) - **Variações:** ""deslacre"" (B058); ""lacres mentais"" / ""lacre mental"" (B057); ""bloqueio mental"" ""rompido"" (B058, "
Brahma,Criador,RC-041,variacao,etimologia,conceitual,nao,0,verificado,alta,RC-041-criador-brahma-jave-demiurgo.md,"- **Grafia preferida:** Criador - **Variações:** Brahma; Javé; Deus Bíblico; Demiurgo (Platão); ""Criador caído"""
Brahma,Caos = Brahma = Javé,RC-284,variacao,etimologia,referencia_oral,nao,0,em análise,baixa,RC-284-caos-brahma-jave-correspondencia.md,"- **Grafia preferida:** Caos = Brahma = Javé - **Variações:** Caos/Brahma/Javé; Caos (Javé); Caos = Brahma = Javé (cadeia completa com Jeová, Alá, Pangu, Atom) - **Idioma de origem"
Brahma,Jeová,RC-346,variacao,etimologia,conceitual,nao,0,verificado,alta,RC-346-jeova-grafia-da-trilogia.md,"- **Grafia preferida:** Jeová - **Variações:** Jeová = Javé (obras posteriores); Jeová = Caos/Brahma/Javé (RC-284) - **Idioma de origem:** hebraico (YHWH), forma portuguesa ""Jeová"""
Brahma (no sistema RC,Javé,RC-001,variacao,etimologia,conceitual,nao,0,verificado,alta,RC-001-jave.md,- **Grafia preferida:** Javé - **Variações:** Senhor Javé; Jeová; Yahweh; YHWH; Deus Bíblico; Brahma (no sistema RC); Criador - **Idioma de origem:** Hebraico (tetragrama YHWH)
Brahmaloka (termo sânscrito,Universo Antimaterial,RC-106,variacao,etimologia,conceitual,nao,0,verificado,alta,RC-106-universo-antimaterial-brahmaloka-universo-paralelo.md,- **Grafia preferida:** Universo Antimaterial - **Variações:** Universo Paralelo (sinônimo); Brahmaloka (termo sânscrito); universo demo
Brahman,Deidade,RC-047,variacao,etimologia,conceitual,nao,0,verificado,alta,RC-047-deidade-pai-mae-amantissimo-brahman.md,- **Grafia preferida:** Deidade - **Variações:** Pai-Mãe Amantíssimo; Ser Supremo; Brahman; Deus Incognoscível; Fonte
Brajna (condição Adhyatman,Brahma,RC-037,variacao,etimologia,conceitual,nao,0,verificado,alta,RC-037-brahma-brajna.md,"- **Grafia preferida:** Brahma - **Variações:** Brajna (condição Adhyatman, antes da queda); identificado a Javé, Caos, Pan Ku, Alá, Atom"
Briah,Planos de Existência da Cabala,RC-264,variacao,etimologia,referencia_oral,nao,0,verificado,alta,RC-264-planos-de-existencia-da-cabala-atziluth-briah-yetzirah-assiah.md,- **Grafia preferida:** Planos de Existência da Cabala - **Variações:** quatro universos-mundos; níveis dimensionais da Cabala; Atziluth/Briah/Yetzirah/Assiah (grafias variam: Atzi
brâmanes,Castas Trimurtianas,RC-321,variacao,etimologia,conceitual,nao,0,verificado,alta,RC-321-castas-trimurtianas.md,- **Grafia preferida:** Castas Trimurtianas - **Variações:** sistema de castas; castas arianas/hindus; varna (sânscrito); brâmanes/xátrias/vaixás/sudras
buraco negro,Pandemia de Buraco Branco que Traga (Javé Tragado pela Criação),RC-809,variacao,etimologia,referencia_oral,nao,0,verificado,média,RC-809-pandemia-buraco-branco-que-traga.md,"- **Grafia preferida:** Pandemia de Buraco Branco que Traga (Javé Tragado pela Criação) - **Variações STT capturadas:** ""buraco branco"", ""buraco negro"", ""tragado"", ""criação tragou"""
cadeia de mulheres que produziram a racionalidade,Sequência Formativa da Racionalidade Humana,RC-785,variacao,etimologia,referencia_oral,nao,0,em análise,baixa,RC-785-sequencia-formativa-da-racionalidade-humana.md,"- **Grafia preferida:** Sequência Formativa da Racionalidade Humana - **Variações STT capturadas:** ""Pandora, Lilif, Irra, Eva, Noreia"", ""cadeia de mulheres que produziram a racion"
Caibá,Saibaba como Precursor de Jesus,RC-801,variacao,etimologia,referencia_oral,nao,0,em análise,baixa,RC-801-saibaba-como-precursor-de-jesus.md,"- **Grafia preferida:** Saibaba como Precursor de Jesus - **Variações STT capturadas:** ""Caibá"", ""Caibá"", ""Saibaba"", ""Saibá"", ""saibá"", ""prima sai"" (STT fonética) - **Linhagem encar"
"calmeias"" (= colmeias?",Sistema Arcaico Mental (Javé Como Abelha Rainha),RC-828,variacao,etimologia,referencia_oral,nao,0,verificado,alta,RC-828-sistema-arcaico-mental-jave-abelha-rainha.md,"- **Grafia preferida:** Sistema Arcaico Mental (Javé Como Abelha Rainha) - **Variações STT capturadas:** ""sistema arcaico"", ""sistema arcaico mental"", ""Javé abelha rainha"", ""clones "
Calvário de um Inocente,O Calvário de um Inocente,RC-236,variacao,etimologia,referencia_oral,nao,0,verificado,alta,RC-236-o-calvario-de-um-inocente.md,- **Grafia preferida:** O Calvário de um Inocente - **Variações:** Calvário de um Inocente; a crucificação de Jesus (evento subjacente)
Caos (Javé,Caos = Brahma = Javé,RC-284,variacao,etimologia,referencia_oral,nao,0,em análise,baixa,RC-284-caos-brahma-jave-correspondencia.md,"- **Grafia preferida:** Caos = Brahma = Javé - **Variações:** Caos/Brahma/Javé; Caos (Javé); Caos = Brahma = Javé (cadeia completa com Jeová, Alá, Pangu, Atom) - **Idioma de origem"
Caos = Brahma = Javé (cadeia completa com Jeová,Caos = Brahma = Javé,RC-284,variacao,etimologia,referencia_oral,nao,0,em análise,baixa,RC-284-caos-brahma-jave-correspondencia.md,"- **Grafia preferida:** Caos = Brahma = Javé - **Variações:** Caos/Brahma/Javé; Caos (Javé); Caos = Brahma = Javé (cadeia completa com Jeová, Alá, Pangu, Atom) - **Idioma de origem"
caos personificado,Javé como Caos Personificado,RC-782,variacao,etimologia,conceitual,nao,0,verificado,média,RC-782-jave-como-caos-personificado.md,"- **Grafia preferida:** Javé como Caos Personificado - **Variações STT capturadas:** ""caos"", ""Javé é o caos"", ""caos personificado"" - **Idioma de origem:** Grego antigo (Χάος ""chaos"
cartas e respostas,Cartas a Javé,RC-416,variacao,etimologia,conceitual,nao,0,verificado,alta,RC-416-cartas-a-jave-obra-e-dialogo.md,- **Grafia preferida:** Cartas a Javé - **Variações:** as cartas ao Criador; o diálogo com Javé; cartas e respostas
Casa de Lucas (nome anterior,Grupo Atlan,RC-388,variacao,etimologia,conceitual,nao,0,verificado,alta,RC-388-grupo-atlan.md,- **Grafia preferida:** Grupo Atlan - **Variações:** Atlan (grupo de estudos); Casa de Lucas (nome anterior); Grupo Atlan (IEEA)
castas arianas,Castas Trimurtianas,RC-321,variacao,etimologia,conceitual,nao,0,verificado,alta,RC-321-castas-trimurtianas.md,- **Grafia preferida:** Castas Trimurtianas - **Variações:** sistema de castas; castas arianas/hindus; varna (sânscrito); brâmanes/xátrias/vaixás/sudras
centauros,Quinaras / Centauros (seres reais),RC-790,variacao,etimologia,referencia_oral,nao,0,verificado,média,RC-790-quinaras-centauros-seres-reais.md,"- **Grafia preferida:** Quinaras / Centauros (seres reais) - **Variações STT capturadas:** ""Quináas"", ""Quinaras"", ""centauros"", ""onocentauros"", ""centauros esclarecidos"", ""centauros "
centauros esclarecidos,Quinaras / Centauros (seres reais),RC-790,variacao,etimologia,referencia_oral,nao,0,verificado,média,RC-790-quinaras-centauros-seres-reais.md,"- **Grafia preferida:** Quinaras / Centauros (seres reais) - **Variações STT capturadas:** ""Quináas"", ""Quinaras"", ""centauros"", ""onocentauros"", ""centauros esclarecidos"", ""centauros "
centauros retardados,Quinaras / Centauros (seres reais),RC-790,variacao,etimologia,referencia_oral,nao,0,verificado,média,RC-790-quinaras-centauros-seres-reais.md,"- **Grafia preferida:** Quinaras / Centauros (seres reais) - **Variações STT capturadas:** ""Quináas"", ""Quinaras"", ""centauros"", ""onocentauros"", ""centauros esclarecidos"", ""centauros "
Centrais de Realidades,Fornos Replicadores,RC-771,variacao,etimologia,conceitual,nao,0,em análise,baixa,RC-771-fornos-replicadores.md,"- Grafia preferida: Fornos Replicadores. Variações: fornos geradores de vida; Centrais de Realidades; laboratórios dimensionais. - STT: ""forno de Alamaior"" = Awaymaion (RC-499) — r"
centralizar o poder,Mudança de Estratégia das Trevas (Centralizar → Espalhar),RC-798,variacao,etimologia,referencia_oral,nao,0,verificado,média,RC-798-mudanca-de-estrategia-das-trevas.md,"- **Grafia preferida:** Mudança de Estratégia das Trevas (Centralizar → Espalhar) - **Variações STT capturadas:** ""mudança de estratégia"", ""espalharam o mal"", ""centralizar o poder"""
centro de convergência,Point Interdimensional,RC-896,variacao,etimologia,conceitual,nao,0,verificado,média,RC-896-point-interdimensional.md,- **Grafia preferida:** Point Interdimensional - **Variações:** point; centro de convergência; ponto de encontro - **Idioma de origem:** Inglês (point)
centro farmacopédico,Centro Alquímico-Farmacopédico,RC-789,variacao,etimologia,conceitual,nao,0,verificado,média,RC-789-centro-alquimico-farmacopedico.md,"- **Grafia preferida:** Centro Alquímico-Farmacopédico - **Variações STT capturadas:** ""centro alquímico"", ""centro farmacopédico"", ""criatório de Prometeu"", ""criatório de Epimeteu"" "
chave da soberania espiritual,Vontade de Progredir,RC-550,variacao,etimologia,conceitual,nao,0,verificado,alta,RC-550-vontade-de-progredir-chave-dos-arquivos-mentais.md,"- **Grafia preferida:** Vontade de Progredir - **Variações:** ""chave da soberania espiritual""; expressões afins (vocabulário da obra, sem código próprio): ""Vontade Maior"", ""Vontade"
"chefe dos deuses"" (nota — Hesíodo",Zeus,RC-145,variacao,etimologia,conceitual,nao,0,verificado,alta,RC-145-zeus.md,"- **Grafia preferida:** Zeus - **Variações:** ""deus do Olimpo""; ""chefe dos deuses"" (nota — Hesíodo, ""Teogonia""; ""Hinos Homéricos"") - **Obs.:** na nota mitológica da ed. 2022 do B08"
Chesed (4ª Sefirah,Elm,RC-454,variacao,etimologia,conceitual,nao,0,em análise,baixa,RC-454-elm-moros---ser-lm-de-temperion.md,- **Grafia preferida:** Elm - **⚠️ GRAFIA OFICIAL DO EPÍTETO/VARIAÇÃO FONÉTICA (o ser de 4 cabeças): MORREN SO** — consagrada pela Devolutiva O-4 da P2022-09-24 (antes o STT captur
Chimo,Shiva como Primeiro Demo,RC-810,variacao,etimologia,conceitual,nao,0,verificado,média,RC-810-shiva-como-primeiro-demo.md,"- **Grafia preferida:** Shiva como Primeiro Demo - **Variações STT capturadas:** ""Chiva"", ""Chimo"", ""Chiv"", ""Shiva"", ""Chiva o primeiro demo"" - **Idioma de origem:** Sânscrito (शिव """
Chiv,Shiva como Primeiro Demo,RC-810,variacao,etimologia,conceitual,nao,0,verificado,média,RC-810-shiva-como-primeiro-demo.md,"- **Grafia preferida:** Shiva como Primeiro Demo - **Variações STT capturadas:** ""Chiva"", ""Chimo"", ""Chiv"", ""Shiva"", ""Chiva o primeiro demo"" - **Idioma de origem:** Sânscrito (शिव """
Chiva o primeiro demo,Shiva como Primeiro Demo,RC-810,variacao,etimologia,conceitual,nao,0,verificado,média,RC-810-shiva-como-primeiro-demo.md,"- **Grafia preferida:** Shiva como Primeiro Demo - **Variações STT capturadas:** ""Chiva"", ""Chimo"", ""Chiv"", ""Shiva"", ""Chiva o primeiro demo"" - **Idioma de origem:** Sânscrito (शिव """
cidadania cósmica,Cidadão Cósmico,RC-226,variacao,etimologia,conceitual,nao,0,verificado,alta,RC-226-cidadao-cosmico.md,- **Grafia preferida:** Cidadão Cósmico - **Variações:** cidadania cósmica; cidadão planetário; cidadania planetária (Projeto Orbum)
cidadania planetária,Reintegração Cósmica,RC-003,variacao,etimologia,conceitual,nao,0,verificado,alta,RC-003-reintegracao-cosmica.md,"- **Grafia preferida:** Reintegração Cósmica - **Variações:** (verificar uso de ""reabilitação"", ""retorno ao circuito cósmico"", ""cidadania planetária"")"
Cidadania Planetária (movimento,Projeto Orbum,RC-535,variacao,etimologia,conceitual,nao,0,verificado,alta,RC-535-projeto-orbum-cidadania-planetaria.md,- **Grafia preferida:** Projeto Orbum - **Variações:** Orbum; Cidadania Planetária (movimento); Declaração dos Princípios da Cidadania Planetária (manifesto) - **Obs.:** não confun
cidadania planetária (Projeto Orbum,Cidadão Cósmico,RC-226,variacao,etimologia,conceitual,nao,0,verificado,alta,RC-226-cidadao-cosmico.md,- **Grafia preferida:** Cidadão Cósmico - **Variações:** cidadania cósmica; cidadão planetário; cidadania planetária (Projeto Orbum)
cidadão planetário,Cidadão Cósmico,RC-226,variacao,etimologia,conceitual,nao,0,verificado,alta,RC-226-cidadao-cosmico.md,- **Grafia preferida:** Cidadão Cósmico - **Variações:** cidadania cósmica; cidadão planetário; cidadania planetária (Projeto Orbum)
circuitos fechados de informação,Mente Coletiva / Redes Psíquicas Coletivas,RC-188,variacao,etimologia,referencia_oral,nao,0,verificado,alta,RC-188-mente-coletiva-redes-psiquicas-coletivas.md,- **Grafia preferida:** Mente Coletiva / Redes Psíquicas Coletivas. - **Variações:** redes operativas; rede mental coletiva; circuitos fechados de informação.
clones abelhas operárias,Sistema Arcaico Mental (Javé Como Abelha Rainha),RC-828,variacao,etimologia,referencia_oral,nao,0,verificado,alta,RC-828-sistema-arcaico-mental-jave-abelha-rainha.md,"- **Grafia preferida:** Sistema Arcaico Mental (Javé Como Abelha Rainha) - **Variações STT capturadas:** ""sistema arcaico"", ""sistema arcaico mental"", ""Javé abelha rainha"", ""clones "
cobaias humanas,Humanos como Cobaias dos Deuses,RC-802,variacao,etimologia,referencia_oral,nao,0,verificado,média,RC-802-humanos-como-cobaias-dos-deuses.md,"- **Grafia preferida:** Humanos como Cobaias dos Deuses - **Variações STT capturadas:** ""cobaias"", ""cobaias humanas"", ""final de genética"" - **Idioma de origem:** Português"
Codificador de Zian,Olm,RC-252,variacao,etimologia,conceitual,nao,0,verificado,alta,RC-252-olm-codificador-de-zion-zian.md,"- **Grafia preferida:** Olm - **Variações:** Codificador de Zion; Codificador de Zian; Quarto Logos (RC-092); ""Olm (ou Codificador de Zian)"" (B031)"
Codificador de Zian (Zion,Quarto Logos,RC-092,variacao,etimologia,conceitual,nao,0,verificado,alta,RC-092-quarto-logos-olm-codificador-de-zian.md,- **Grafia preferida:** Quarto Logos - **Variações:** Olm; Codificador de Zian (Zion); Quarto Logus (grafia do título do livro de Ellam)
Codificador de Zion,Olm,RC-252,variacao,etimologia,conceitual,nao,0,verificado,alta,RC-252-olm-codificador-de-zion-zian.md,"- **Grafia preferida:** Olm - **Variações:** Codificador de Zion; Codificador de Zian; Quarto Logos (RC-092); ""Olm (ou Codificador de Zian)"" (B031)"
colapso do caos organizado,Era do Colapso do Caos Organizado,RC-827,variacao,etimologia,referencia_oral,nao,0,verificado,média,RC-827-era-do-colapso-do-caos-organizado.md,"- **Grafia preferida:** Era do Colapso do Caos Organizado - **Variações STT capturadas:** ""era do colapso"", ""era do conhecimento"", ""colapso do caos organizado"", ""ilhas de negentrop"
colapso quântico,Colapso da Matriz Quântica,RC-415,variacao,etimologia,conceitual,nao,0,em análise,baixa,RC-415-colapso-da-matriz-quantica-3-niveis.md,- **Grafia preferida:** Colapso da Matriz Quântica - **Variações:** colapso quântico; níveis do colapso da Matriz Quântica (1º/2º/3º)
Colmeia (geral,Colmeia Universal,RC-174,variacao,etimologia,conceitual,nao,0,verificado,alta,RC-174-colmeia-universal.md,"- **Grafia preferida:** Colmeia Universal - **Variações:** Colmeia (geral); Colmeia Trimurtina (a colmeia original do universo demo); a ""Colmeia"" de Javé"
Colmeia Trimurtina (a colmeia original do universo demo,Colmeia Universal,RC-174,variacao,etimologia,conceitual,nao,0,verificado,alta,RC-174-colmeia-universal.md,"- **Grafia preferida:** Colmeia Universal - **Variações:** Colmeia (geral); Colmeia Trimurtina (a colmeia original do universo demo); a ""Colmeia"" de Javé"
comandante Sophia,Sophia Como Biodemo da Ordem e Caos,RC-831,variacao,etimologia,referencia_oral,nao,0,verificado,média,RC-831-sophia-como-biodemo-da-ordem-e-caos.md,"- **Grafia preferida:** Sophia Como Biodemo da Ordem e Caos - **Variações STT capturadas:** ""Sophia"", ""Sophia biodemo"", ""comandante Sophia"", ""Sophia ordem e caos"" - **Idioma de ori"
componente extraterrena,Fator Extraterrestre,RC-355,variacao,etimologia,conceitual,nao,0,verificado,alta,RC-355-fator-extraterrestre-o-elo-perdido.md,- **Grafia preferida:** Fator Extraterrestre - **Variações:** o elo perdido; componente extraterrena; fator ET (jargão)
comportamento biológico,Pulsação dos Elétrons Como Afetividade Humana,RC-832,variacao,etimologia,referencia_oral,nao,0,verificado,média,RC-832-pulsacao-dos-eletrons-como-afetividade.md,"- **Grafia preferida:** Pulsação dos Elétrons Como Afetividade Humana - **Variações STT capturadas:** ""pulsação dos elétrons"", ""comportamento biológico"", ""afetividade"", ""identidade"
"comérico"" (= cooperativo?",Sistema Arcaico Mental (Javé Como Abelha Rainha),RC-828,variacao,etimologia,referencia_oral,nao,0,verificado,alta,RC-828-sistema-arcaico-mental-jave-abelha-rainha.md,"- **Grafia preferida:** Sistema Arcaico Mental (Javé Como Abelha Rainha) - **Variações STT capturadas:** ""sistema arcaico"", ""sistema arcaico mental"", ""Javé abelha rainha"", ""clones "
Concílio de Niceia (325,A Falsa Trindade,RC-273,variacao,etimologia,conceitual,nao,0,verificado,alta,RC-273-a-falsa-trindade-concilio-de-niceia.md,"- **Grafia preferida:** A Falsa Trindade - **Variações:** Santíssima Trindade (nome tradicional); Concílio de Niceia (325); ""Falsa Trindade"" (termo de Ellam)"
condicionamento,Lavagem Cerebral,RC-335,variacao,etimologia,conceitual,nao,0,verificado,alta,RC-335-lavagem-cerebral-condicionamento.md,"- **Grafia preferida:** Lavagem Cerebral - **Variações:** condicionamento; lavagem cerebral imposta; adestramento; ""descondicione-se"" (imperativo de Ellam)"
confederação galática,Confederações de Mundos,RC-357,variacao,etimologia,conceitual,nao,0,verificado,alta,RC-357-confederacoes-de-mundos.md,- **Grafia preferida:** Confederações de Mundos - **Variações:** confederações de civilizações; organizações siderais; confederação galática
confederações de civilizações,Confederações de Mundos,RC-357,variacao,etimologia,conceitual,nao,0,verificado,alta,RC-357-confederacoes-de-mundos.md,- **Grafia preferida:** Confederações de Mundos - **Variações:** confederações de civilizações; organizações siderais; confederação galática
configuração genética da confiança,Genética da Confiança,RC-243,variacao,etimologia,conceitual,nao,0,provisório,média,RC-243-genetica-da-confianca.md,- **Grafia preferida:** Genética da Confiança - **Variações:** efeito confiança; configuração genética da confiança; genética do amor
consciência espiritual particularizada,Mônada,RC-149,variacao,etimologia,conceitual,nao,0,verificado,alta,RC-149-monada-monada-espiritual.md,- **Grafia preferida:** Mônada - **Variações:** mônada espiritual; alma; espírito; consciência espiritual particularizada; protoconsciência particularizada - **Origem:** do grego *
consciência fatiada,Fatiamento de Consciência,RC-604,variacao,etimologia,conceitual,nao,0,em análise,baixa,RC-604-fatiamento-de-consciencia.md,- Grafia preferida: Fatiamento de Consciência. Variações: consciência fatiada; espírito fatiado. - **Fonte de decisão:** Quadro 9 aprovado pelo curador.
Consciência Profunda Espiritual,Eu Profundo,RC-553,variacao,etimologia,conceitual,nao,0,verificado,alta,RC-553-eu-profundo-nivel-espiritual-do-eu.md,"- **Grafia preferida:** Eu Profundo - **Variações:** ""Eu Mais Profundo"", ""Consciência Profunda Espiritual""; expressões afins (sem código próprio): ""Eu Superior"", ""Eu Sagrado"", ""Eu "
Conselho de Sábios da Grande Fraternidade Tau Ceti,Universidade de Tau Ceti,RC-451,variacao,etimologia,conceitual,nao,0,provisório,média,RC-451-universidade-de-tau-ceti.md,"- **Grafia preferida:** Universidade de Tau Ceti - **Variações:** ""a famosa 'Universidade'"" (B058); ""'Universidade' de Tau Ceti""; ""Conselho de Sábios da Grande Fraternidade Tau Cet"
constelação de Cetus (nota,Tau Ceti (Sistema),RC-103,variacao,etimologia,conceitual,nao,0,verificado,alta,RC-103-tau-ceti-sistema.md,"- **Grafia preferida:** Tau Ceti (Sistema) - **Variações:** ""Tau Ceti""; constelação de Cetus (nota) - **Obs.:** a nota astronômica vem da ed. 2022 (adaptador) — **quarentena instit"
constelação de Scorpius,Antares (Sistema),RC-021,variacao,etimologia,conceitual,nao,0,verificado,alta,RC-021-antares-sistema.md,"- **Grafia preferida:** Antares (Sistema) - **Variações:** ""Antares""; constelação de Scorpius/Escorpião (nota) - **Obs.:** a nota astronômica vem da ed. 2022 (adaptador) — **quaren"
"Consórcio de Mundos"" (B019",Consórcio de Mundos,RC-538,variacao,etimologia,conceitual,nao,0,verificado,alta,RC-538-consorcio-de-mundos-arquitetos-universais.md,"- **Grafia preferida:** Consórcio de Mundos - **Variações:** ""Consórcio de Mundos"" (B019, sinopse); relacionado a ""Arquitetos Universais"" - **Obs.:** no B019 a expressão aparece na"
contração de Deus,Tzimtzum,RC-008,variacao,etimologia,conceitual,nao,0,verificado,alta,RC-008-tzimtzum.md,"- **Grafia preferida:** Tzimtzum - **Variações:** Tsimtsum; contração de Deus; exílio de Deus dentro da própria Criação; ""implosão do Corpo Mental"" - **Idioma de origem:** hebraico"
controle colmeia,Modelo Colmeia,RC-176,variacao,etimologia,conceitual,nao,0,verificado,alta,RC-176-modelo-colmeia-sistema-controle-colmeia.md,"- **Grafia preferida:** Modelo Colmeia - **Variações:** sistema colmeia; controle colmeia; ""modelo colmeia"" (aspas na obra)"
coração bondoso,Bondade Humana,RC-895,variacao,etimologia,conceitual,nao,0,verificado,média,RC-895-bondade-humana.md,- **Grafia preferida:** Bondade Humana - **Variações:** coração bondoso; fazer o bem; próximo - **Idioma de origem:** Português
crenças baratas,Versão Oficial como Construção dos Seguidores,RC-804,variacao,etimologia,referencia_oral,nao,0,verificado,média,RC-804-versao-oficial-como-construcao-dos-seguidores.md,"- **Grafia preferida:** Versão Oficial como Construção dos Seguidores - **Variações STT capturadas:** ""versão oficial"", ""crenças baratas, infantilizadas, pouco refletidas"" - **Idio"
Criador caído,Criador,RC-041,variacao,etimologia,conceitual,nao,0,verificado,alta,RC-041-criador-brahma-jave-demiurgo.md,"- **Grafia preferida:** Criador - **Variações:** Brahma; Javé; Deus Bíblico; Demiurgo (Platão); ""Criador caído"""
Criador fracassado,Ser-Criador fracassado,RC-422,variacao,etimologia,conceitual,nao,0,verificado,alta,RC-422-ser-criador-fracassado-autoconfissao-de-jave.md,"- **Grafia preferida:** Ser-Criador fracassado - **Variações:** Criador fracassado; arquiteto atormentado; Deus doente; ""Ser-Criador fracassado"" (citação da crônica)"
criador refém,Criador refém das próprias criaturas,RC-196,variacao,etimologia,referencia_oral,nao,0,verificado,alta,RC-196-criador-refem-das-proprias-criaturas.md,- Grafia preferida: Criador refém das próprias criaturas - Variações: criador refém; refém da própria obra - Condição conexa: Demência do Criador (RC-526)
criatório de Epimeteu,Centro Alquímico-Farmacopédico,RC-789,variacao,etimologia,conceitual,nao,0,verificado,média,RC-789-centro-alquimico-farmacopedico.md,"- **Grafia preferida:** Centro Alquímico-Farmacopédico - **Variações STT capturadas:** ""centro alquímico"", ""centro farmacopédico"", ""criatório de Prometeu"", ""criatório de Epimeteu"" "
criatório de Prometeu,Centro Alquímico-Farmacopédico,RC-789,variacao,etimologia,conceitual,nao,0,verificado,média,RC-789-centro-alquimico-farmacopedico.md,"- **Grafia preferida:** Centro Alquímico-Farmacopédico - **Variações STT capturadas:** ""centro alquímico"", ""centro farmacopédico"", ""criatório de Prometeu"", ""criatório de Epimeteu"" "
"Criação ""imperfeita",Criação Indevida,RC-167,variacao,etimologia,conceitual,nao,0,em análise,baixa,RC-167-criacao-indevida-obra-indevida.md,"- **Grafia preferida:** Criação Indevida - **Variações:** Obra indevida; Criação ""problemática""; Criação ""imperfeita""; Criação ""inusitada"" (título do cap. 2 de B024)"
"Criação ""inusitada"" (título do cap. 2 de B024",Criação Indevida,RC-167,variacao,etimologia,conceitual,nao,0,em análise,baixa,RC-167-criacao-indevida-obra-indevida.md,"- **Grafia preferida:** Criação Indevida - **Variações:** Obra indevida; Criação ""problemática""; Criação ""imperfeita""; Criação ""inusitada"" (título do cap. 2 de B024)"
"Criação ""problemática",Criação Indevida,RC-167,variacao,etimologia,conceitual,nao,0,em análise,baixa,RC-167-criacao-indevida-obra-indevida.md,"- **Grafia preferida:** Criação Indevida - **Variações:** Obra indevida; Criação ""problemática""; Criação ""imperfeita""; Criação ""inusitada"" (título do cap. 2 de B024)"
criação tragou,Pandemia de Buraco Branco que Traga (Javé Tragado pela Criação),RC-809,variacao,etimologia,referencia_oral,nao,0,verificado,média,RC-809-pandemia-buraco-branco-que-traga.md,"- **Grafia preferida:** Pandemia de Buraco Branco que Traga (Javé Tragado pela Criação) - **Variações STT capturadas:** ""buraco branco"", ""buraco negro"", ""tragado"", ""criação tragou"""
Cristo (ekv. grego «Christos,Messias,RC-942,variacao,etimologia,conceitual,nao,0,em análise,baixa,RC-942-messias.md,- **Grafia preferida:** Messias - **Variações / grafias alternativas:** O Ungido; Cristo (ekv. grego «Christos») - **Idioma de origem:** hebraico «mashiach» → grego «christós» (ung
Cristo Cósmico,Sophia,RC-009,variacao,etimologia,conceitual,nao,0,verificado,alta,RC-009-sophia-cristo-cosmico.md,"- **Grafia preferida:** Sophia - **Variações:** Cristo Cósmico; Suserano Cósmico; ""Jesus em seu corpo glorioso""; Sofia; **Hochmah** (epíteto hebraico = Sabedoria, ver RC-565; grafi"
crivo lógico da razão,Liberdade Mental,RC-253,variacao,etimologia,conceitual,nao,0,verificado,alta,RC-253-liberdade-mental-premissa-do-quarto-logos.md,- **Grafia preferida:** Liberdade Mental - **Variações:** liberdade de pensamento; crivo lógico da razão; livre-arbítrio (aproximação)
cruzamentos intersiderais,Entroncamentos Genéticos Intersiderais,RC-323,variacao,etimologia,conceitual,nao,0,verificado,alta,RC-323-entroncamentos-geneticos-intersiderais.md,- **Grafia preferida:** Entroncamentos Genéticos Intersiderais - **Variações:** entroncamentos genéticos; cruzamentos intersiderais; grupos de entroncamento (1–4)
crônicas de Javé,As Memórias de Javé,RC-421,variacao,etimologia,conceitual,nao,0,verificado,alta,RC-421-as-memorias-de-jave-cronicas.md,- **Grafia preferida:** As Memórias de Javé - **Variações:** Memórias de Javé; crônicas de Javé; as três partes de crônicas (espontâneas / nem tanto / forçadas)
cultura demodhármica (relacionado,Fator Dharma,RC-319,variacao,etimologia,conceitual,nao,0,verificado,alta,RC-319-fator-dharma.md,- **Grafia preferida:** Fator Dharma - **Variações:** dharma (termo sânscrito); dever sagrado; dharma como dever moral; cultura demodhármica (relacionado) - **Idioma de origem:** s
código genético,Alimentação por Perfume dos Humanos (Demos se Alimentam de DNA),RC-820,variacao,etimologia,referencia_oral,nao,0,verificado,média,RC-820-alimentacao-por-perfume-dos-humanos.md,"- **Grafia preferida:** Alimentação por Perfume dos Humanos (Demos se Alimentam de DNA) - **Variações STT capturadas:** ""perfume"", ""sequências genéticas"", ""elementos sutis"", ""alime"
cópias de consciências,Egrégora de Lilith / Noreia (Loop Mental Vivo),RC-787,variacao,etimologia,referencia_oral,nao,0,verificado,média,RC-787-egregora-de-lilith-noreia.md,"- **Grafia preferida:** Egrégora de Lilith / Noreia (Loop Mental Vivo) - **Variações STT capturadas:** ""loops mentais"", ""cópias de consciências"", ""egrégora viva"", ""loop mental vivo"
da guerra ao esporte,Esporte como evolução da Guerra,RC-430,variacao,etimologia,referencia_oral,nao,0,provisório,média,RC-430-esporte-como-evolucao-da-guerra.md,- **Grafia preferida:** Esporte como evolução da Guerra - **Variações:** da guerra ao esporte; esporte × guerra; a transição guerreiro-atleta
daemon,Demos,RC-049,variacao,etimologia,conceitual,nao,0,verificado,alta,RC-049-demos.md,"- **Grafia preferida:** Demos - **Variações:** demônios; daemon; ""seres demos""; deuses mitológicos - **Idioma de origem:** grego daimon → latim daemon; no RC, ""demo"" = ""demente"""
dança dos elétrons (metáfora,Dança dos Elétrons,RC-379,variacao,etimologia,conceitual,nao,0,verificado,alta,RC-379-danca-dos-eletrons.md,- **Grafia preferida:** Dança dos Elétrons - **Variações:** jogo dos elétrons; dança dos elétrons (metáfora); transições orbitais (termo científico)
de STT: Perpério,Perpérion,RC-087,variacao,etimologia,conceitual,nao,0,verificado,alta,RC-087-perperion.md,"- Grafia preferida: Perpérion. Variações de STT: Perpério, Perfério, Perpéria, Perpérian. Não confundir com Tempérion. - **Fonte de decisão:** curadoria estrutural C-01 a C-07, 202"
de STT: vinage,Pashvnaj,RC-455,variacao,etimologia,conceitual,nao,0,verificado,alta,RC-455-pashvnaj-especie-de-43-seres-do-genero-adhy.md,"- Grafia preferida: Pashvnaj. Variações de STT: vinage, fa vinagem, pasivagem. Grafia ainda deve ser conferida em áudio/obra primária. - **Fonte de decisão:** curadoria estrutural "
Declaração dos Princípios da Cidadania Planetária (manifesto,Projeto Orbum,RC-535,variacao,etimologia,conceitual,nao,0,verificado,alta,RC-535-projeto-orbum-cidadania-planetaria.md,- **Grafia preferida:** Projeto Orbum - **Variações:** Orbum; Cidadania Planetária (movimento); Declaração dos Princípios da Cidadania Planetária (manifesto) - **Obs.:** não confun
"dehatma buddhi"" (sânscrito",Dehatma Buddhi,RC-551,variacao,etimologia,conceitual,nao,0,verificado,alta,RC-551-dehatma-buddhi-doenca-psiquica-da-mente-identificada-com-o-corpo.md,"- **Grafia preferida:** Dehatma Buddhi - **Variações:** ""doença do dehatma buddhi""; ""dehatma buddhi"" (sânscrito) - **Composição:** deha (corpo) + atma (alma) + buddhi (mente/inteli"
Deidade Suprema,Deus (quando referido ao Incognoscível),RC-052,variacao,etimologia,referencia_oral,nao,0,verificado,alta,RC-052-deus-deus-incognoscivel.md,"- **Grafia preferida:** Deus (quando referido ao Incognoscível); Deus Incognoscível - **Variações:** Deidade Suprema; Fonte; Princípio Maior; Deus Bíblico (= Javé, não confundir)"
Demiurgo (Platão,Criador,RC-041,variacao,etimologia,conceitual,nao,0,verificado,alta,RC-041-criador-brahma-jave-demiurgo.md,"- **Grafia preferida:** Criador - **Variações:** Brahma; Javé; Deus Bíblico; Demiurgo (Platão); ""Criador caído"""
democracia do amor,Democracia do Amor da Deidade,RC-333,variacao,etimologia,referencia_oral,nao,0,verificado,alta,RC-333-democracia-do-amor-da-deidade.md,- **Grafia preferida:** Democracia do Amor da Deidade - **Variações:** democracia do amor; ministério amoroso da Deidade; amor incondicional da Deidade
demos mitológicos,Seres dos Portais,RC-241,variacao,etimologia,conceitual,nao,0,verificado,alta,RC-241-seres-dos-portais.md,"- **Grafia preferida:** Seres dos Portais - **Variações:** ""deuses da mitologia grega""; demos mitológicos; gênios (mitologia árabe)"
demônios,Demos,RC-049,variacao,etimologia,conceitual,sim,0,verificado,alta,RC-049-demos.md,"- **Grafia preferida:** Demos - **Variações:** demônios; daemon; ""seres demos""; deuses mitológicos - **Idioma de origem:** grego daimon → latim daemon; no RC, ""demo"" = ""demente"""
descendência de Nix,Nyx como Mãe de Origem de Pandora,RC-795,variacao,etimologia,referencia_oral,nao,0,em análise,baixa,RC-795-nyx-como-mae-de-origem-de-pandora.md,"- **Grafia preferida:** Nyx como Mãe de Origem de Pandora - **Variações STT capturadas:** ""Nix"", ""Nyx"", ""NYX"", ""descendência de Nix"" - **Idioma de origem:** Grego antigo (Νύξ ""Nyx"""
"descondicione-se"" (imperativo de Ellam",Lavagem Cerebral,RC-335,variacao,etimologia,conceitual,nao,0,verificado,alta,RC-335-lavagem-cerebral-condicionamento.md,"- **Grafia preferida:** Lavagem Cerebral - **Variações:** condicionamento; lavagem cerebral imposta; adestramento; ""descondicione-se"" (imperativo de Ellam)"
desfraudada,"Patriarcado desde Pandora (Origem no Feminino, Dominação pelo Masculin",RC-818,variacao,etimologia,referencia_oral,nao,0,verificado,média,RC-818-patriarcado-desde-pandora.md,"- **Grafia preferida:** Patriarcado desde Pandora (Origem no Feminino, Dominação pelo Masculino) - **Variações STT capturadas:** ""patriarcalismo"", ""patriarcado"", ""ferrando feminino"
deslacre,Desvio de Rota de Pandora (Contra o Plano de Zeus),RC-806,variacao,etimologia,referencia_oral,nao,0,verificado,média,RC-806-desvio-de-rota-de-pandora.md,"- **Grafia preferida:** Desvio de Rota de Pandora (Contra o Plano de Zeus) - **Variações STT capturadas:** ""desvio de rota"", ""deslacre"", ""presente funesto"", ""presente surpresa"" - *"
"deslacre"" (B058",Deslacre (rompimento dos lacres psíquicos),RC-448,variacao,etimologia,referencia_oral,nao,0,provisório,média,RC-448-deslacre-rompimento-dos-lacres-psiquicos.md,"- **Grafia preferida:** Deslacre (rompimento dos lacres psíquicos) - **Variações:** ""deslacre"" (B058); ""lacres mentais"" / ""lacre mental"" (B057); ""bloqueio mental"" ""rompido"" (B058, "
desorganização entrópica,Entropia e Negentropia,RC-160,variacao,etimologia,conceitual,nao,0,verificado,alta,RC-160-entropia-e-negentropia.md,- **Grafia preferida:** Entropia e Negentropia - **Variações:** entropia negativa (negentropia); desorganização entrópica
despertar forçado,Choque de Realidade,RC-898,variacao,etimologia,conceitual,nao,0,verificado,média,RC-898-choque-de-realidade.md,- **Grafia preferida:** Choque de Realidade - **Variações:** choque; explosão; despertar forçado - **Idioma de origem:** Português
destrave,Momento Zero de Pandora,RC-779,variacao,etimologia,conceitual,nao,0,verificado,média,RC-779-momento-zero-de-pandora.md,"- **Grafia preferida:** Momento Zero de Pandora - **Variações STT capturadas:** ""ponto zero"", ""inflexão cósmica"", ""destrave"" - **Idioma de origem:** Português + ""momento zero"" como"
Deus Bíblico (= Javé,Deus (quando referido ao Incognoscível),RC-052,variacao,etimologia,referencia_oral,nao,0,verificado,alta,RC-052-deus-deus-incognoscivel.md,"- **Grafia preferida:** Deus (quando referido ao Incognoscível); Deus Incognoscível - **Variações:** Deidade Suprema; Fonte; Princípio Maior; Deus Bíblico (= Javé, não confundir)"
deus do Olimpo,Zeus,RC-145,variacao,etimologia,conceitual,nao,0,verificado,alta,RC-145-zeus.md,"- **Grafia preferida:** Zeus - **Variações:** ""deus do Olimpo""; ""chefe dos deuses"" (nota — Hesíodo, ""Teogonia""; ""Hinos Homéricos"") - **Obs.:** na nota mitológica da ed. 2022 do B08"
Deus doente,Ser-Criador fracassado,RC-422,variacao,etimologia,conceitual,nao,0,verificado,alta,RC-422-ser-criador-fracassado-autoconfissao-de-jave.md,"- **Grafia preferida:** Ser-Criador fracassado - **Variações:** Criador fracassado; arquiteto atormentado; Deus doente; ""Ser-Criador fracassado"" (citação da crônica)"
Deus Incognoscível,Deidade,RC-047,variacao,etimologia,conceitual,nao,0,verificado,alta,RC-047-deidade-pai-mae-amantissimo-brahman.md,- **Grafia preferida:** Deidade - **Variações:** Pai-Mãe Amantíssimo; Ser Supremo; Brahman; Deus Incognoscível; Fonte
deuses da mitologia grega,Seres dos Portais,RC-241,variacao,etimologia,conceitual,nao,0,verificado,alta,RC-241-seres-dos-portais.md,"- **Grafia preferida:** Seres dos Portais - **Variações:** ""deuses da mitologia grega""; demos mitológicos; gênios (mitologia árabe)"
deuses mitológicos,Demos,RC-049,variacao,etimologia,conceitual,nao,0,verificado,alta,RC-049-demos.md,"- **Grafia preferida:** Demos - **Variações:** demônios; daemon; ""seres demos""; deuses mitológicos - **Idioma de origem:** grego daimon → latim daemon; no RC, ""demo"" = ""demente"""
dever sagrado,Fator Dharma,RC-319,variacao,etimologia,conceitual,nao,0,verificado,alta,RC-319-fator-dharma.md,- **Grafia preferida:** Fator Dharma - **Variações:** dharma (termo sânscrito); dever sagrado; dharma como dever moral; cultura demodhármica (relacionado) - **Idioma de origem:** s
dez Emanações da Divindade,Sefirot / Árvore da Vida,RC-263,variacao,etimologia,referencia_oral,nao,0,verificado,alta,RC-263-sefirot-arvore-da-vida.md,- **Grafia preferida:** Sefirot / Árvore da Vida - **Variações:** Sefiroth; Árvore da Vida; dez Emanações da Divindade; Doutrina das Emanações das Sefiroth - **Idioma de origem:** 
dharma (termo sânscrito,Fator Dharma,RC-319,variacao,etimologia,conceitual,nao,0,verificado,alta,RC-319-fator-dharma.md,- **Grafia preferida:** Fator Dharma - **Variações:** dharma (termo sânscrito); dever sagrado; dharma como dever moral; cultura demodhármica (relacionado) - **Idioma de origem:** s
dharma como dever moral,Fator Dharma,RC-319,variacao,etimologia,conceitual,nao,0,verificado,alta,RC-319-fator-dharma.md,- **Grafia preferida:** Fator Dharma - **Variações:** dharma (termo sânscrito); dever sagrado; dharma como dever moral; cultura demodhármica (relacionado) - **Idioma de origem:** s
diabo (concepção deturpada,Lúcifer (canônico),RC-078,variacao,etimologia,conceitual,nao,0,verificado,alta,RC-078-lucifer-yel-luzbel.md,- **Grafia preferida:** Lúcifer (canônico); Yel Luzbel (nome biodemo) - **Variações:** Portador da Luz; Estrela da Manhã; anjo caído; diabo (concepção deturpada) - **Idioma de orig
distingue-se de Adhyagia (RC-012): condição × formas (P5c,Adhyagya,RC-311,variacao,etimologia,conceitual,nao,0,verificado,alta,RC-311-adhyagya-formas-espirituais-adhy.md,- **Grafia preferida:** Adhyagya - **Variações:** formas Adhyagya; espíritos Adhy (formas espirituais); distingue-se de Adhyagia (RC-012): condição × formas (P5c) - **Origem:** com
ditadura doentia do Criador,Teocracia da Doença de uma Divindade,RC-334,variacao,etimologia,referencia_oral,nao,0,verificado,alta,RC-334-teocracia-da-doenca-de-uma-divindade.md,- **Grafia preferida:** Teocracia da Doença de uma Divindade - **Variações:** teocracia da doença; ditadura doentia do Criador; regime de submissão de Javé
divindade menor co-criadora,Arquiteto Universal,RC-207,variacao,etimologia,conceitual,nao,0,verificado,alta,RC-207-arquiteto-universal.md,"- **Grafia preferida:** Arquiteto Universal - **Variações:** arquiteto universal (função); divindade menor co-criadora; ""Arquiteto por Excelência""; identidade prévia: Prabrajna/Pra"
divisão da gestão,Gestão Cósmica,RC-225,variacao,etimologia,conceitual,nao,0,verificado,alta,RC-225-gestao-cosmica.md,- **Grafia preferida:** Gestão Cósmica - **Variações:** gestão universal; divisão da gestão; administração cósmica; divisão do Comando
divisão do Comando,Gestão Cósmica,RC-225,variacao,etimologia,conceitual,nao,0,verificado,alta,RC-225-gestao-cosmica.md,- **Grafia preferida:** Gestão Cósmica - **Variações:** gestão universal; divisão da gestão; administração cósmica; divisão do Comando
DNA,Código Genético como Marca da Herança Demoníaca,RC-825,variacao,etimologia,referencia_oral,nao,0,verificado,média,RC-825-codigo-genetico-como-marca-heranca-demoniaca.md,"- **Grafia preferida:** Código Genético como Marca da Herança Demoníaca - **Variações STT capturadas:** ""código genético"", ""sequências genéticas"", ""DNA"", ""infecção"", ""marcas"", ""ele"
DNA = projeção holográfica,DNA como Projeção Holográfica do Psiquismo do Criador,RC-217,variacao,etimologia,referencia_oral,nao,0,verificado,alta,RC-217-dna-como-projecao-holografica-do-psiquismo-do-criador.md,- **Grafia preferida:** DNA como Projeção Holográfica do Psiquismo do Criador - **Variações:** DNA = projeção holográfica; molécula de DNA como representação química do psiquismo d
doença do dehatma buddhi,Dehatma Buddhi,RC-551,variacao,etimologia,conceitual,nao,0,verificado,alta,RC-551-dehatma-buddhi-doenca-psiquica-da-mente-identificada-com-o-corpo.md,"- **Grafia preferida:** Dehatma Buddhi - **Variações:** ""doença do dehatma buddhi""; ""dehatma buddhi"" (sânscrito) - **Composição:** deha (corpo) + atma (alma) + buddhi (mente/inteli"
dois universos interpostos,Criação Bipartida,RC-312,variacao,etimologia,conceitual,nao,0,em análise,baixa,RC-312-criacao-bipartida.md,"- **Grafia preferida:** Criação Bipartida - **Variações capturadas:** ""dois universos paralelos"", ""dois universos interpostos"", ""universo vizinho/gêmeo"" - **Idioma de origem:** Por"
dois universos paralelos,Criação Bipartida,RC-312,variacao,etimologia,conceitual,nao,0,em análise,baixa,RC-312-criacao-bipartida.md,"- **Grafia preferida:** Criação Bipartida - **Variações capturadas:** ""dois universos paralelos"", ""dois universos interpostos"", ""universo vizinho/gêmeo"" - **Idioma de origem:** Por"
domínio de um deus,Timé,RC-293,variacao,etimologia,conceitual,nao,0,verificado,alta,RC-293-time-de-um-deus.md,"- **Grafia preferida:** Timé - **Variações:** timi; honra/domínio de um deus; equivalente sânscrito: varna - **Idioma de origem:** grego (τιμή = honra, valor, prerrogativa)"
Doutrina das Emanações das Sefiroth,Sefirot / Árvore da Vida,RC-263,variacao,etimologia,referencia_oral,nao,0,verificado,alta,RC-263-sefirot-arvore-da-vida.md,- **Grafia preferida:** Sefirot / Árvore da Vida - **Variações:** Sefiroth; Árvore da Vida; dez Emanações da Divindade; Doutrina das Emanações das Sefiroth - **Idioma de origem:** 
efeito confiança,Genética da Confiança,RC-243,variacao,etimologia,conceitual,nao,0,provisório,média,RC-243-genetica-da-confianca.md,- **Grafia preferida:** Genética da Confiança - **Variações:** efeito confiança; configuração genética da confiança; genética do amor
egrégora viva,Egrégora de Lilith / Noreia (Loop Mental Vivo),RC-787,variacao,etimologia,referencia_oral,nao,0,verificado,média,RC-787-egregora-de-lilith-noreia.md,"- **Grafia preferida:** Egrégora de Lilith / Noreia (Loop Mental Vivo) - **Variações STT capturadas:** ""loops mentais"", ""cópias de consciências"", ""egrégora viva"", ""loop mental vivo"
elementos sutis,Alimentação por Perfume dos Humanos (Demos se Alimentam de DNA),RC-820,variacao,etimologia,referencia_oral,nao,0,verificado,média,RC-820-alimentacao-por-perfume-dos-humanos.md,"- **Grafia preferida:** Alimentação por Perfume dos Humanos (Demos se Alimentam de DNA) - **Variações STT capturadas:** ""perfume"", ""sequências genéticas"", ""elementos sutis"", ""alime"
elementos sutis,Código Genético como Marca da Herança Demoníaca,RC-825,variacao,etimologia,referencia_oral,nao,0,verificado,média,RC-825-codigo-genetico-como-marca-heranca-demoniaca.md,"- **Grafia preferida:** Código Genético como Marca da Herança Demoníaca - **Variações STT capturadas:** ""código genético"", ""sequências genéticas"", ""DNA"", ""infecção"", ""marcas"", ""ele"
Elohins (verificar,Elohim,RC-004,variacao,etimologia,conceitual,nao,0,em análise,baixa,RC-004-elohim.md,- **Grafia preferida:** Elohim - **Variações:** Elohins (verificar) - **Idioma de origem:** Hebraico (אֱלֹהִים)
"elétron como ""agente básico da vida universal",Memória Quântica dos Elétrons,RC-161,variacao,etimologia,conceitual,nao,0,verificado,alta,RC-161-memoria-quantica-dos-eletrons.md,"- **Grafia preferida:** Memória Quântica dos Elétrons - **Variações:** memória do elétron; elétron como ""agente básico da vida universal""; ponte quântica"
Emar,En Ma,RC-476,variacao,etimologia,conceitual,nao,0,verificado,média,RC-476-en-ma-ema-emar---espirito-ancora.md,- Grafia preferida: En Ma. Variações: Emá; Emar; EMÁ. Não confundir com Elm (RC-454). - **Fonte da decisão:** Devolutiva-01 + observação direta do curador.
Emá,En Ma,RC-476,variacao,etimologia,conceitual,nao,0,verificado,média,RC-476-en-ma-ema-emar---espirito-ancora.md,- Grafia preferida: En Ma. Variações: Emá; Emar; EMÁ. Não confundir com Elm (RC-454). - **Fonte da decisão:** Devolutiva-01 + observação direta do curador.
EMÁ. Não confundir com Elm (RC-454,En Ma,RC-476,variacao,etimologia,conceitual,nao,0,verificado,média,RC-476-en-ma-ema-emar---espirito-ancora.md,- Grafia preferida: En Ma. Variações: Emá; Emar; EMÁ. Não confundir com Elm (RC-454). - **Fonte da decisão:** Devolutiva-01 + observação direta do curador.
encarnação do Quarto Logos,Apolônio de Tiana,RC-259,variacao,etimologia,conceitual,nao,0,verificado,alta,RC-259-apolonio-de-tiana-encarnacao-do-quarto-logos.md,- **Grafia preferida:** Apolônio de Tiana - **Variações:** Apolônio (filósofo neopitagórico); encarnação do Quarto Logos
energias Rajas,Gunas,RC-151,variacao,etimologia,conceitual,nao,0,verificado,alta,RC-151-gunas-criadoras-sattva-rajas-tamas.md,"- **Grafia preferida:** Gunas - **Variações:** as três Gunas; energias Rajas, Sattva e Tamas; gunas criadoras - **Origem:** sânscrito (guṇa = qualidade/atributo)"
"entes coletivos"" (B057",Biocoletivos,RC-445,variacao,etimologia,conceitual,nao,0,verificado,alta,RC-445-biocoletivos.md,"- **Grafia preferida:** Biocoletivos - **Variações:** ""entes coletivos"" (B057); ""biocoletivos"" (B058) - **Idioma de origem / etimologia:** português — bio- + coletivo (neologismo d"
entroncamentos genéticos,Entroncamentos Genéticos Intersiderais,RC-323,variacao,etimologia,conceitual,nao,0,verificado,alta,RC-323-entroncamentos-geneticos-intersiderais.md,- **Grafia preferida:** Entroncamentos Genéticos Intersiderais - **Variações:** entroncamentos genéticos; cruzamentos intersiderais; grupos de entroncamento (1–4)
entropia negativa (negentropia,Entropia e Negentropia,RC-160,variacao,etimologia,conceitual,nao,0,verificado,alta,RC-160-entropia-e-negentropia.md,- **Grafia preferida:** Entropia e Negentropia - **Variações:** entropia negativa (negentropia); desorganização entrópica
Eon de Khaos (grafia grega,Eon de Khaos,RC-294,variacao,etimologia,conceitual,nao,0,verificado,alta,RC-294-eon-de-khaos-universo-de-caos.md,- **Grafia preferida:** Eon de Khaos - **Variações:** Universo de Caos; Eon de Khaos (grafia grega); genos/eons (moradas) - **Idioma de origem:** grego (αιών = era/mundo; khaos = c
eons (moradas,Eon de Khaos,RC-294,variacao,etimologia,conceitual,nao,0,verificado,alta,RC-294-eon-de-khaos-universo-de-caos.md,- **Grafia preferida:** Eon de Khaos - **Variações:** Universo de Caos; Eon de Khaos (grafia grega); genos/eons (moradas) - **Idioma de origem:** grego (αιών = era/mundo; khaos = c
epigenética,Espelho da Herança Espiritual no Epigenoma,RC-543,variacao,etimologia,referencia_oral,nao,0,verificado,alta,RC-543-espelho-da-heranca-espiritual-no-epigenoma.md,"- **Grafia preferida:** Espelho da Herança Espiritual no Epigenoma - **Variações:** ""Espelho da Herança Espiritual"" no Epigenoma Humano (cap. 16); epigenética - **Obs.:** conceito "
equivalente sânscrito: varna,Timé,RC-293,variacao,etimologia,conceitual,nao,0,verificado,alta,RC-293-time-de-um-deus.md,"- **Grafia preferida:** Timé - **Variações:** timi; honra/domínio de um deus; equivalente sânscrito: varna - **Idioma de origem:** grego (τιμή = honra, valor, prerrogativa)"
era do conhecimento,Era do Colapso do Caos Organizado,RC-827,variacao,etimologia,referencia_oral,nao,0,verificado,média,RC-827-era-do-colapso-do-caos-organizado.md,"- **Grafia preferida:** Era do Colapso do Caos Organizado - **Variações STT capturadas:** ""era do colapso"", ""era do conhecimento"", ""colapso do caos organizado"", ""ilhas de negentrop"
eras da Criação Universal,Eras da Criação,RC-155,variacao,etimologia,conceitual,nao,0,verificado,alta,RC-155-eras-da-criacao-10-eras.md,- **Grafia preferida:** Eras da Criação - **Variações:** eras universais; as dez eras; eras da Criação Universal
eras universais,Eras da Criação,RC-155,variacao,etimologia,conceitual,nao,0,verificado,alta,RC-155-eras-da-criacao-10-eras.md,- **Grafia preferida:** Eras da Criação - **Variações:** eras universais; as dez eras; eras da Criação Universal
esclarecedores,Agentes do Quarto Logos,RC-281,variacao,etimologia,conceitual,nao,0,verificado,alta,RC-281-agentes-do-quarto-logos.md,"- Grafia preferida: Agentes do Quarto Logos - Variações: agentes de Olm; esclarecedores - Logos: Quarto Logos / Olm (RC-092, RC-252)"
escolas religiosas impositivas,Judaísmo como Destruidor do Mito de Pandora/Lilith,RC-796,variacao,etimologia,referencia_oral,nao,0,verificado,média,RC-796-judaismo-como-destruidor-do-mito.md,"- **Grafia preferida:** Judaísmo como Destruidor do Mito de Pandora/Lilith - **Variações STT capturadas:** ""judaísmo"", ""escolas religiosas impositivas"", ""religiões impositivas"" - *"
Escorpião (nota,Antares (Sistema),RC-021,variacao,etimologia,conceitual,nao,0,verificado,alta,RC-021-antares-sistema.md,"- **Grafia preferida:** Antares (Sistema) - **Variações:** ""Antares""; constelação de Scorpius/Escorpião (nota) - **Obs.:** a nota astronômica vem da ed. 2022 (adaptador) — **quaren"
espalharam o mal,Mudança de Estratégia das Trevas (Centralizar → Espalhar),RC-798,variacao,etimologia,referencia_oral,nao,0,verificado,média,RC-798-mudanca-de-estrategia-das-trevas.md,"- **Grafia preferida:** Mudança de Estratégia das Trevas (Centralizar → Espalhar) - **Variações STT capturadas:** ""mudança de estratégia"", ""espalharam o mal"", ""centralizar o poder"""
especiação do DNA,Especiação a partir do DNA Humano,RC-778,variacao,etimologia,referencia_oral,nao,0,verificado,média,RC-778-especiacao-a-partir-do-dna-humano.md,"- **Grafia preferida:** Especiação a partir do DNA Humano - **Variações STT capturadas:** ""especiação"", ""especiação do DNA"", ""especiação humana cósmica"" (sinônimos contextuais) - *"
"especiação humana cósmica"" (sinônimos contextuais",Especiação a partir do DNA Humano,RC-778,variacao,etimologia,referencia_oral,nao,0,verificado,média,RC-778-especiacao-a-partir-do-dna-humano.md,"- **Grafia preferida:** Especiação a partir do DNA Humano - **Variações STT capturadas:** ""especiação"", ""especiação do DNA"", ""especiação humana cósmica"" (sinônimos contextuais) - *"
"Espelho da Herança Espiritual"" no Epigenoma Humano (cap. 16",Espelho da Herança Espiritual no Epigenoma,RC-543,variacao,etimologia,referencia_oral,nao,0,verificado,alta,RC-543-espelho-da-heranca-espiritual-no-epigenoma.md,"- **Grafia preferida:** Espelho da Herança Espiritual no Epigenoma - **Variações:** ""Espelho da Herança Espiritual"" no Epigenoma Humano (cap. 16); epigenética - **Obs.:** conceito "
espiritismo = expressão do Quarto Logos,Espiritismo como Expressão do Quarto Logos,RC-257,variacao,etimologia,referencia_oral,nao,0,verificado,alta,RC-257-espiritismo-como-expressao-do-quarto-logos.md,"- **Grafia preferida:** Espiritismo como Expressão do Quarto Logos - **Variações:** espiritismo = expressão do Quarto Logos; o espiritismo e o Quarto Logos; ""espírito de Kardec"" (r"
Espiritualidade Operativa (grafia encontrada em fichas da Base,Espiritualidade Operacional,RC-060,variacao,etimologia,conceitual,nao,0,em análise,baixa,RC-060-espiritualidade-operacional.md,- Grafia preferida: Espiritualidade Operacional - Variações: Espiritualidade Operativa (grafia encontrada em fichas da Base) - Corpo associado: corpo búdico
esporte × guerra,Esporte como evolução da Guerra,RC-430,variacao,etimologia,referencia_oral,nao,0,provisório,média,RC-430-esporte-como-evolucao-da-guerra.md,- **Grafia preferida:** Esporte como evolução da Guerra - **Variações:** da guerra ao esporte; esporte × guerra; a transição guerreiro-atleta
"espírito de Kardec"" (reconceituação",Espiritismo como Expressão do Quarto Logos,RC-257,variacao,etimologia,referencia_oral,nao,0,verificado,alta,RC-257-espiritismo-como-expressao-do-quarto-logos.md,"- **Grafia preferida:** Espiritismo como Expressão do Quarto Logos - **Variações:** espiritismo = expressão do Quarto Logos; o espiritismo e o Quarto Logos; ""espírito de Kardec"" (r"
espírito fatiado,Fatiamento de Consciência,RC-604,variacao,etimologia,conceitual,nao,0,em análise,baixa,RC-604-fatiamento-de-consciencia.md,- Grafia preferida: Fatiamento de Consciência. Variações: consciência fatiada; espírito fatiado. - **Fonte de decisão:** Quadro 9 aprovado pelo curador.
espíritos Adhy (formas espirituais,Adhyagya,RC-311,variacao,etimologia,conceitual,nao,0,verificado,alta,RC-311-adhyagya-formas-espirituais-adhy.md,- **Grafia preferida:** Adhyagya - **Variações:** formas Adhyagya; espíritos Adhy (formas espirituais); distingue-se de Adhyagia (RC-012): condição × formas (P5c) - **Origem:** com
Espíritos exilados de Capela,Exilados de Capela,RC-007,variacao,etimologia,conceitual,nao,0,verificado,alta,RC-007-exilados-de-capela.md,"- **Grafia preferida:** Exilados de Capela - **Variações:** Anjos caídos (equivalência parcial, ver RC-020); Espíritos exilados de Capela"
"estirpe dos biodemos"" (B057",Biodemos,RC-036,variacao,etimologia,conceitual,nao,0,verificado,alta,RC-036-biodemos.md,"- **Grafia preferida:** Biodemos - **Variações:** ""estirpe dos biodemos"" (B057); biodemos (plural) - **Obs.:** não confundir com **Demos** (RC-049) — categoria/estirpe distinta na "
estirpe Mion,Família Mion,RC-443,variacao,etimologia,conceitual,nao,0,verificado,alta,RC-443-familia-mion.md,"- **Grafia preferida:** Família Mion - **Variações:** ""família Mion""; ""estirpe Mion""; ""os Mion"" - **Obs.:** o nome dos integrantes carrega o sufixo ""Mion"" (Len Mion, Gron Mion), as"
estirpe Yel,Família Yel,RC-442,variacao,etimologia,conceitual,nao,0,verificado,alta,RC-442-familia-yel.md,"- **Grafia preferida:** Família Yel - **Variações:** ""família Yel""; estirpe Yel; ""famílias capelinas"" (conjunto) - **Obs.:** não confundir com a **Família Val** (RC-109) nem com a "
estratégia de dominação genética,Genética Totalitária,RC-325,variacao,etimologia,conceitual,nao,0,verificado,alta,RC-325-genetica-totalitaria.md,"- **Grafia preferida:** Genética Totalitária - **Variações:** estratégia de dominação genética; povos escolhidos; ""povo escolhido"" (traço cultural)"
Estrela da Manhã,Lúcifer (canônico),RC-078,variacao,etimologia,conceitual,nao,0,verificado,alta,RC-078-lucifer-yel-luzbel.md,- **Grafia preferida:** Lúcifer (canônico); Yel Luzbel (nome biodemo) - **Variações:** Portador da Luz; Estrela da Manhã; anjo caído; diabo (concepção deturpada) - **Idioma de orig
Eu mais primário,Eu Profundo,RC-553,variacao,etimologia,conceitual,nao,0,verificado,alta,RC-553-eu-profundo-nivel-espiritual-do-eu.md,"- **Grafia preferida:** Eu Profundo - **Variações:** ""Eu Mais Profundo"", ""Consciência Profunda Espiritual""; expressões afins (sem código próprio): ""Eu Superior"", ""Eu Sagrado"", ""Eu "
Eu Mais Profundo,Eu Profundo,RC-553,variacao,etimologia,conceitual,nao,0,verificado,alta,RC-553-eu-profundo-nivel-espiritual-do-eu.md,"- **Grafia preferida:** Eu Profundo - **Variações:** ""Eu Mais Profundo"", ""Consciência Profunda Espiritual""; expressões afins (sem código próprio): ""Eu Superior"", ""Eu Sagrado"", ""Eu "
Eu Sagrado,Eu Profundo,RC-553,variacao,etimologia,conceitual,nao,0,verificado,alta,RC-553-eu-profundo-nivel-espiritual-do-eu.md,"- **Grafia preferida:** Eu Profundo - **Variações:** ""Eu Mais Profundo"", ""Consciência Profunda Espiritual""; expressões afins (sem código próprio): ""Eu Superior"", ""Eu Sagrado"", ""Eu "
Eu Verdadeiro,Eu Profundo,RC-553,variacao,etimologia,conceitual,nao,0,verificado,alta,RC-553-eu-profundo-nivel-espiritual-do-eu.md,"- **Grafia preferida:** Eu Profundo - **Variações:** ""Eu Mais Profundo"", ""Consciência Profunda Espiritual""; expressões afins (sem código próprio): ""Eu Superior"", ""Eu Sagrado"", ""Eu "
"Evolução Possível para Quem?"" (cap. 1",Evolução Possível,RC-541,variacao,etimologia,conceitual,nao,0,verificado,alta,RC-541-evolucao-possivel-terceira-via-nem-darwin-nem-deus.md,"- **Grafia preferida:** Evolução Possível - **Variações:** ""a evolução possível"" (subtítulo); ""Evolução Possível para Quem?"" (cap. 1) - **Obs.:** título do livro também traz a fórm"
ex-católicos,Espiritismo com Germe da Poluição Católica/Protestante,RC-805,variacao,etimologia,referencia_oral,nao,0,verificado,média,RC-805-espiritismo-com-germe-da-poluicao-catolica.md,"- **Grafia preferida:** Espiritismo com Germe da Poluição Católica/Protestante - **Variações STT capturadas:** ""espiritismo"", ""germe da poluição"", ""soldados espíritas"", ""ex-católic"
ex-protestantes,Espiritismo com Germe da Poluição Católica/Protestante,RC-805,variacao,etimologia,referencia_oral,nao,0,verificado,média,RC-805-espiritismo-com-germe-da-poluicao-catolica.md,"- **Grafia preferida:** Espiritismo com Germe da Poluição Católica/Protestante - **Variações STT capturadas:** ""espiritismo"", ""germe da poluição"", ""soldados espíritas"", ""ex-católic"
experiência biológica,Qualia como Processamento Humano,RC-894,variacao,etimologia,conceitual,nao,0,verificado,média,RC-894-qualia-processamento-humano.md,"- **Grafia preferida:** Qualia como Processamento Humano - **Variações:** qualia; qualias; experiência biológica; processador humano - **Idioma de origem:** Latim (qualia = ""coisas"
explosão,Choque de Realidade,RC-898,variacao,etimologia,conceitual,nao,0,verificado,média,RC-898-choque-de-realidade.md,- **Grafia preferida:** Choque de Realidade - **Variações:** choque; explosão; despertar forçado - **Idioma de origem:** Português
explosão que acabou com a atmosfera de Marte,Ragnarok em Marte,RC-395,variacao,etimologia,conceitual,nao,0,verificado,alta,RC-395-ragnarok-em-marte.md,- **Grafia preferida:** Ragnarok em Marte - **Variações:** Ragnarök; o crepúsculo dos deuses (nórdico); explosão que acabou com a atmosfera de Marte
"expressões afins (sem código próprio): ""Eu Superior",Eu Profundo,RC-553,variacao,etimologia,conceitual,nao,0,verificado,alta,RC-553-eu-profundo-nivel-espiritual-do-eu.md,"- **Grafia preferida:** Eu Profundo - **Variações:** ""Eu Mais Profundo"", ""Consciência Profunda Espiritual""; expressões afins (sem código próprio): ""Eu Superior"", ""Eu Sagrado"", ""Eu "
expressões afins (vocabulário da obra,Vontade de Progredir,RC-550,variacao,etimologia,conceitual,nao,0,verificado,alta,RC-550-vontade-de-progredir-chave-dos-arquivos-mentais.md,"- **Grafia preferida:** Vontade de Progredir - **Variações:** ""chave da soberania espiritual""; expressões afins (vocabulário da obra, sem código próprio): ""Vontade Maior"", ""Vontade"
"expressões afins: ""limpeza das memórias",Gestão Psíquica e Memórias Complexas,RC-554,variacao,etimologia,referencia_oral,nao,0,verificado,alta,RC-554-gestao-psiquica-e-memorias-complexas.md,"- **Grafia preferida:** Gestão Psíquica e Memórias Complexas - **Variações:** ""Gestão Psíquica"" (capa/curta); expressões afins: ""limpeza das memórias"", ""gestão da 'bagagem espiritu"
expulsão do paraíso,Pecado Original como Narrativa Cruel,RC-893,variacao,etimologia,referencia_oral,nao,0,verificado,média,RC-893-pecado-original-narrativa-cruel.md,- **Grafia preferida:** Pecado Original como Narrativa Cruel - **Variações:** queda do paraíso; expulsão do paraíso; narrativa cruel - **Idioma de origem:** Português
exílio cósmico,Isolamento Cósmico,RC-070,variacao,etimologia,conceitual,nao,0,em análise,baixa,RC-070-isolamento-cosmico.md,- **Grafia preferida:** Isolamento Cósmico - **Variações:** isolamento do orbe terrestre; exílio cósmico
exílio de Deus dentro da própria Criação,Tzimtzum,RC-008,variacao,etimologia,conceitual,nao,0,verificado,alta,RC-008-tzimtzum.md,"- **Grafia preferida:** Tzimtzum - **Variações:** Tsimtsum; contração de Deus; exílio de Deus dentro da própria Criação; ""implosão do Corpo Mental"" - **Idioma de origem:** hebraico"
fa vinagem,Pashvnaj,RC-455,variacao,etimologia,conceitual,nao,0,verificado,alta,RC-455-pashvnaj-especie-de-43-seres-do-genero-adhy.md,"- Grafia preferida: Pashvnaj. Variações de STT: vinage, fa vinagem, pasivagem. Grafia ainda deve ser conferida em áudio/obra primária. - **Fonte de decisão:** curadoria estrutural "
"Falsa Trindade"" (termo de Ellam",A Falsa Trindade,RC-273,variacao,etimologia,conceitual,nao,0,verificado,alta,RC-273-a-falsa-trindade-concilio-de-niceia.md,"- **Grafia preferida:** A Falsa Trindade - **Variações:** Santíssima Trindade (nome tradicional); Concílio de Niceia (325); ""Falsa Trindade"" (termo de Ellam)"
falsa verdade,Pós-Verdade,RC-892,variacao,etimologia,conceitual,nao,0,verificado,média,RC-892-pos-verdade.md,- **Grafia preferida:** Pós-Verdade - **Variações:** Post truth; pós verdade; falsa verdade - **Idioma de origem:** Inglês (Post truth)
Família de Ostronomos,Ostronomos,RC-232,variacao,etimologia,conceitual,nao,0,verificado,alta,RC-232-ostronomos.md,- **Grafia preferida:** Ostronomos - **Variações:** Família de Ostronomos; seres Sirianos (anfíbios inteligentes) — verificar equivalência exata
Família En Drel,En Drel,RC-055,variacao,etimologia,conceitual,nao,0,verificado,alta,RC-055-en-drel.md,"- **Grafia preferida:** En Drel - **Variações:** Família En Drel; membros chamados ""endrelnianos"" (B015); Zont En Drel (pré-nome dos despertos)"
"famílias capelinas"" (conjunto",Família Yel,RC-442,variacao,etimologia,conceitual,nao,0,verificado,alta,RC-442-familia-yel.md,"- **Grafia preferida:** Família Yel - **Variações:** ""família Yel""; estirpe Yel; ""famílias capelinas"" (conjunto) - **Obs.:** não confundir com a **Família Val** (RC-109) nem com a "
fator ET (jargão,Fator Extraterrestre,RC-355,variacao,etimologia,conceitual,nao,0,verificado,alta,RC-355-fator-extraterrestre-o-elo-perdido.md,- **Grafia preferida:** Fator Extraterrestre - **Variações:** o elo perdido; componente extraterrena; fator ET (jargão)
Fator Judas,O Fator Judas,RC-365,variacao,etimologia,conceitual,nao,0,verificado,alta,RC-365-o-fator-judas.md,"- **Grafia preferida:** O Fator Judas - **Variações:** Fator Judas; o papel de Judas; Judas Iscariotes (= Yel Am/Yel Liam, RC-138)"
favor dos humanos ao Criador,Favor Divino,RC-332,variacao,etimologia,conceitual,nao,0,verificado,alta,RC-332-favor-divino-conceito-invertido.md,"- **Grafia preferida:** Favor Divino - **Variações:** o favor divino invertido; favor dos humanos ao Criador; ""o favor divino"" (provocação) - **Obs.:** o termo RC-063 (Favor Divino"
fazer o bem,Bondade Humana,RC-895,variacao,etimologia,conceitual,nao,0,verificado,média,RC-895-bondade-humana.md,- **Grafia preferida:** Bondade Humana - **Variações:** coração bondoso; fazer o bem; próximo - **Idioma de origem:** Português
faça sem esperar receber,Conceito Abaiano (Fazer Sem Esperar Receber),RC-793,variacao,etimologia,referencia_oral,nao,0,verificado,média,RC-793-conceito-abaiano.md,"- **Grafia preferida:** Conceito Abaiano (Fazer Sem Esperar Receber) - **Variações STT capturadas:** ""conceito abaiano"", ""viva sem se perguntar"", ""faça sem esperar receber"" - **Idi"
fechamento dos portais,Drama do Fechamento dos Portais,RC-295,variacao,etimologia,referencia_oral,nao,0,em análise,baixa,RC-295-drama-do-fechamento-dos-portais.md,"- **Grafia preferida:** Drama do Fechamento dos Portais - **Variações:** fechamento dos portais; fim dos portais naturais; o ""Drama do Fechamento dos Portais"""
fenvães,Fenvans,RC-064,variacao,etimologia,conceitual,nao,0,verificado,alta,RC-064-fenvans.md,"- Grafia preferida: Fenvans. STT/variações: ""fenvães"", ""fenvans""; relacionado a Corpos Fenvã (RC-769 — terceira forma de vida do universo vizinho) e ""pré-fenvans"" (leva inicial sac"
fenômenos denunciadores (título de capítulo em B035 e B022,Fenômenos Denunciadores do Fim,RC-314,variacao,etimologia,conceitual,nao,0,verificado,alta,RC-314-fenomenos-denunciadores-do-fim.md,- **Grafia preferida:** Fenômenos Denunciadores do Fim - **Variações:** fenômenos do fim; tormentas magnéticas; fenômenos denunciadores (título de capítulo em B035 e B022)
fenômenos do fim,Fenômenos Denunciadores do Fim,RC-314,variacao,etimologia,conceitual,nao,0,verificado,alta,RC-314-fenomenos-denunciadores-do-fim.md,- **Grafia preferida:** Fenômenos Denunciadores do Fim - **Variações:** fenômenos do fim; tormentas magnéticas; fenômenos denunciadores (título de capítulo em B035 e B022)
ferrando feminino,"Patriarcado desde Pandora (Origem no Feminino, Dominação pelo Masculin",RC-818,variacao,etimologia,referencia_oral,nao,0,verificado,média,RC-818-patriarcado-desde-pandora.md,"- **Grafia preferida:** Patriarcado desde Pandora (Origem no Feminino, Dominação pelo Masculino) - **Variações STT capturadas:** ""patriarcalismo"", ""patriarcado"", ""ferrando feminino"
fim dos portais naturais,Drama do Fechamento dos Portais,RC-295,variacao,etimologia,referencia_oral,nao,0,em análise,baixa,RC-295-drama-do-fechamento-dos-portais.md,"- **Grafia preferida:** Drama do Fechamento dos Portais - **Variações:** fechamento dos portais; fim dos portais naturais; o ""Drama do Fechamento dos Portais"""
final de genética,Humanos como Cobaias dos Deuses,RC-802,variacao,etimologia,referencia_oral,nao,0,verificado,média,RC-802-humanos-como-cobaias-dos-deuses.md,"- **Grafia preferida:** Humanos como Cobaias dos Deuses - **Variações STT capturadas:** ""cobaias"", ""cobaias humanas"", ""final de genética"" - **Idioma de origem:** Português"
finalidade,Telos,RC-292,variacao,etimologia,conceitual,nao,0,verificado,alta,RC-292-telos-de-um-deus.md,"- **Grafia preferida:** Telos - **Variações:** telos de um deus; finalidade/missão de um deus; propósito existencial - **Idioma de origem:** grego (τέλος = fim, propósito, finalida"
fissão,Fissão em Dois Universos (Matéria + Antimatéria),RC-811,variacao,etimologia,referencia_oral,nao,0,verificado,média,RC-811-fissao-em-dois-universos.md,"- **Grafia preferida:** Fissão em Dois Universos (Matéria + Antimatéria) - **Variações STT capturadas:** ""universo paralelo"", ""matéria e antimatéria"", ""fissão"" - **Idioma de origem"
fogo que não se observa mais,Fogo que se Apaga (Fogo de Prometeu Hoje),RC-792,variacao,etimologia,referencia_oral,nao,0,verificado,média,RC-792-fogo-que-se-apaga.md,"- **Grafia preferida:** Fogo que se Apaga (Fogo de Prometeu Hoje) - **Variações STT capturadas:** ""fogo"", ""fogo que não se observa mais"", ""fogo que se apagou"", ""acender o fogo"" - *"
fogo que se apagou,Fogo que se Apaga (Fogo de Prometeu Hoje),RC-792,variacao,etimologia,referencia_oral,nao,0,verificado,média,RC-792-fogo-que-se-apaga.md,"- **Grafia preferida:** Fogo que se Apaga (Fogo de Prometeu Hoje) - **Variações STT capturadas:** ""fogo"", ""fogo que não se observa mais"", ""fogo que se apagou"", ""acender o fogo"" - *"
Fonte,Deidade,RC-047,variacao,etimologia,conceitual,sim,0,verificado,alta,RC-047-deidade-pai-mae-amantissimo-brahman.md,- **Grafia preferida:** Deidade - **Variações:** Pai-Mãe Amantíssimo; Ser Supremo; Brahman; Deus Incognoscível; Fonte
Fonte,Deus (quando referido ao Incognoscível),RC-052,variacao,etimologia,referencia_oral,sim,0,verificado,alta,RC-052-deus-deus-incognoscivel.md,"- **Grafia preferida:** Deus (quando referido ao Incognoscível); Deus Incognoscível - **Variações:** Deidade Suprema; Fonte; Princípio Maior; Deus Bíblico (= Javé, não confundir)"
Fonte Primordial Formadora do Todo,Matriz Modeladora,RC-210,variacao,etimologia,conceitual,nao,0,verificado,alta,RC-210-matriz-modeladora-matriz-de-cocriacao.md,- **Grafia preferida:** Matriz Modeladora - **Variações:** Matriz Modeladora Eterna; Fonte Primordial Formadora do Todo; padrão estruturante espiritual
formas Adhyagya,Adhyagya,RC-311,variacao,etimologia,conceitual,nao,0,verificado,alta,RC-311-adhyagya-formas-espirituais-adhy.md,- **Grafia preferida:** Adhyagya - **Variações:** formas Adhyagya; espíritos Adhy (formas espirituais); distingue-se de Adhyagia (RC-012): condição × formas (P5c) - **Origem:** com
fornos geradores de vida,Fornos Replicadores,RC-771,variacao,etimologia,conceitual,nao,0,em análise,baixa,RC-771-fornos-replicadores.md,"- Grafia preferida: Fornos Replicadores. Variações: fornos geradores de vida; Centrais de Realidades; laboratórios dimensionais. - STT: ""forno de Alamaior"" = Awaymaion (RC-499) — r"
força de atração,Força de Atração Sexual (anterior à polaridade),RC-433,variacao,etimologia,referencia_oral,nao,0,verificado,alta,RC-433-forca-de-atracao-sexual-anterior-a-polaridade.md,- **Grafia preferida:** Força de Atração Sexual (anterior à polaridade) - **Variações:** força de atração; força sexual original; a força que antecede macho/fêmea
força sexual original,Força de Atração Sexual (anterior à polaridade),RC-433,variacao,etimologia,referencia_oral,nao,0,verificado,alta,RC-433-forca-de-atracao-sexual-anterior-a-polaridade.md,- **Grafia preferida:** Força de Atração Sexual (anterior à polaridade) - **Variações:** força de atração; força sexual original; a força que antecede macho/fêmea
forçadas,As Memórias de Javé,RC-421,variacao,etimologia,conceitual,nao,0,verificado,alta,RC-421-as-memorias-de-jave-cronicas.md,- **Grafia preferida:** As Memórias de Javé - **Variações:** Memórias de Javé; crônicas de Javé; as três partes de crônicas (espontâneas / nem tanto / forçadas)
freio moral,Imperativo Categórico da Moral,RC-328,variacao,etimologia,conceitual,nao,0,verificado,alta,RC-328-imperativo-categorico-da-moral.md,- **Grafia preferida:** Imperativo Categórico da Moral - **Variações:** imperativo categórico da espiritualização; freio moral; o imperativo da racionalidade humana
Fria,Pacto Aesir-Vanir como Origem Nórdica da Ideia de Pandora,RC-816,variacao,etimologia,referencia_oral,nao,0,verificado,média,RC-816-pacto-aesir-vanir-origem-pandora.md,"- **Grafia preferida:** Pacto Aesir-Vanir como Origem Nórdica da Ideia de Pandora - **Variações STT capturadas:** ""Aesir"", ""Vanir"", ""Fria"", ""Kvasir"", ""tigela"", ""saliva"" - **Idioma "
fé × razão,A Fé de Jesus e a Razão de Nietzsche,RC-371,variacao,etimologia,referencia_oral,nao,0,verificado,alta,RC-371-a-fe-de-jesus-e-a-razao-de-nietzsche.md,- **Grafia preferida:** A Fé de Jesus e a Razão de Nietzsche - **Variações:** fé × razão; o choque fé-razão; a fé de Jesus e a crítica de Nietzsche
fêmea,Força de Atração Sexual (anterior à polaridade),RC-433,variacao,etimologia,referencia_oral,nao,0,verificado,alta,RC-433-forca-de-atracao-sexual-anterior-a-polaridade.md,- **Grafia preferida:** Força de Atração Sexual (anterior à polaridade) - **Variações:** força de atração; força sexual original; a força que antecede macho/fêmea
Gautama,Budismo como Exceção (Sem Deus),RC-803,variacao,etimologia,referencia_oral,nao,0,verificado,média,RC-803-budismo-como-excecao.md,"- **Grafia preferida:** Budismo como Exceção (Sem Deus) - **Variações STT capturadas:** ""budismo"", ""Buda"", ""Gautama"", ""Grande Galan"" (= Buda Gautama) - **Idioma de origem:** Sânscr"
genos,Eon de Khaos,RC-294,variacao,etimologia,conceitual,nao,0,verificado,alta,RC-294-eon-de-khaos-universo-de-caos.md,- **Grafia preferida:** Eon de Khaos - **Variações:** Universo de Caos; Eon de Khaos (grafia grega); genos/eons (moradas) - **Idioma de origem:** grego (αιών = era/mundo; khaos = c
genética do amor,Genética da Confiança,RC-243,variacao,etimologia,conceitual,nao,0,provisório,média,RC-243-genetica-da-confianca.md,- **Grafia preferida:** Genética da Confiança - **Variações:** efeito confiança; configuração genética da confiança; genética do amor
germe da poluição,Espiritismo com Germe da Poluição Católica/Protestante,RC-805,variacao,etimologia,referencia_oral,nao,0,verificado,média,RC-805-espiritismo-com-germe-da-poluicao-catolica.md,"- **Grafia preferida:** Espiritismo com Germe da Poluição Católica/Protestante - **Variações STT capturadas:** ""espiritismo"", ""germe da poluição"", ""soldados espíritas"", ""ex-católic"
gestão da 'bagagem espiritual,Gestão Psíquica e Memórias Complexas,RC-554,variacao,etimologia,referencia_oral,nao,0,verificado,alta,RC-554-gestao-psiquica-e-memorias-complexas.md,"- **Grafia preferida:** Gestão Psíquica e Memórias Complexas - **Variações:** ""Gestão Psíquica"" (capa/curta); expressões afins: ""limpeza das memórias"", ""gestão da 'bagagem espiritu"
"Gestão Psíquica"" (capa",Gestão Psíquica e Memórias Complexas,RC-554,variacao,etimologia,referencia_oral,nao,0,verificado,alta,RC-554-gestao-psiquica-e-memorias-complexas.md,"- **Grafia preferida:** Gestão Psíquica e Memórias Complexas - **Variações:** ""Gestão Psíquica"" (capa/curta); expressões afins: ""limpeza das memórias"", ""gestão da 'bagagem espiritu"
gestão universal,Gestão Cósmica,RC-225,variacao,etimologia,conceitual,nao,0,verificado,alta,RC-225-gestao-cosmica.md,- **Grafia preferida:** Gestão Cósmica - **Variações:** gestão universal; divisão da gestão; administração cósmica; divisão do Comando
gradualismo cósmico,Sentido Gradualístico das Leis da Evolução Cósmica,RC-404,variacao,etimologia,referencia_oral,nao,0,provisório,média,RC-404-sentido-gradualistico-das-leis-da-evolucao-cosmica.md,- **Grafia preferida:** Sentido Gradualístico das Leis da Evolução Cósmica - **Variações:** Sentido Gradualístico; leis da evolução cósmica; gradualismo cósmico
"grafia oral da palestra P2024-02-25 registrada como ""Rockman",Sophia,RC-009,variacao,etimologia,conceitual,nao,0,verificado,alta,RC-009-sophia-cristo-cosmico.md,"- **Grafia preferida:** Sophia - **Variações:** Cristo Cósmico; Suserano Cósmico; ""Jesus em seu corpo glorioso""; Sofia; **Hochmah** (epíteto hebraico = Sabedoria, ver RC-565; grafi"
"Grande Galan"" (= Buda Gautama",Budismo como Exceção (Sem Deus),RC-803,variacao,etimologia,referencia_oral,nao,0,verificado,média,RC-803-budismo-como-excecao.md,"- **Grafia preferida:** Budismo como Exceção (Sem Deus) - **Variações STT capturadas:** ""budismo"", ""Buda"", ""Gautama"", ""Grande Galan"" (= Buda Gautama) - **Idioma de origem:** Sânscr"
Grupo Atlan (IEEA,Grupo Atlan,RC-388,variacao,etimologia,conceitual,nao,0,verificado,alta,RC-388-grupo-atlan.md,- **Grafia preferida:** Grupo Atlan - **Variações:** Atlan (grupo de estudos); Casa de Lucas (nome anterior); Grupo Atlan (IEEA)
grupos de entroncamento (1–4,Entroncamentos Genéticos Intersiderais,RC-323,variacao,etimologia,conceitual,nao,0,verificado,alta,RC-323-entroncamentos-geneticos-intersiderais.md,- **Grafia preferida:** Entroncamentos Genéticos Intersiderais - **Variações:** entroncamentos genéticos; cruzamentos intersiderais; grupos de entroncamento (1–4)
"Grão-mestre"" (grafia alternante com ""Grão-Mestre"" no próprio livro",Grão-mestre (Sábios de Tau Ceti),RC-452,variacao,etimologia,referencia_oral,nao,0,provisório,média,RC-452-grao-mestre-sabios-de-tau-ceti.md,"- **Grafia preferida:** Grão-mestre (Sábios de Tau Ceti) - **Variações:** ""Grão-mestre"" (grafia alternante com ""Grão-Mestre"" no próprio livro); ""o 'Primeiro Mestre' entre eles"" - *"
guardião universal (apresentação,Zont En Drel 29,RC-147,variacao,etimologia,conceitual,nao,0,em análise,baixa,RC-147-zont-en-drel-29.md,"- **Grafia preferida:** Zont En Drel 29 - **Variações:** Zont En Drel; ""o guardião do Éden""; guardião universal (apresentação) - **Obs.:** em B015, refere-se aos irmãos como ""endre"
gunas criadoras,Gunas,RC-151,variacao,etimologia,conceitual,nao,0,verificado,alta,RC-151-gunas-criadoras-sattva-rajas-tamas.md,"- **Grafia preferida:** Gunas - **Variações:** as três Gunas; energias Rajas, Sattva e Tamas; gunas criadoras - **Origem:** sânscrito (guṇa = qualidade/atributo)"
gêmeo,Criação Bipartida,RC-312,variacao,etimologia,conceitual,nao,0,em análise,baixa,RC-312-criacao-bipartida.md,"- **Grafia preferida:** Criação Bipartida - **Variações capturadas:** ""dois universos paralelos"", ""dois universos interpostos"", ""universo vizinho/gêmeo"" - **Idioma de origem:** Por"
gênios (mitologia árabe,Seres dos Portais,RC-241,variacao,etimologia,conceitual,nao,0,verificado,alta,RC-241-seres-dos-portais.md,"- **Grafia preferida:** Seres dos Portais - **Variações:** ""deuses da mitologia grega""; demos mitológicos; gênios (mitologia árabe)"
"Havaingã"" (P2021-05-15",Awaylengan (consagrada por RC-771/ART-2025-08-01),RC-837,variacao,etimologia,referencia_oral,nao,0,verificado,média,RC-837-forno-de-awaylengan-forno-de-shiva.md,"- **Grafia preferida (canônica):** Awaylengan (consagrada por RC-771/ART-2025-08-01). - **Grau oral fundador (P2019-08-25):** ""**Awai Lengan**"" / ""Ailingan"" / ""Lingan"" / ""Hawai Lin"
"Hefesto"" (nota mitológica",Hefesto,RC-307,variacao,etimologia,conceitual,nao,0,verificado,alta,RC-307-hefesto.md,"- **Grafia preferida:** Hefesto - **Variações:** ""Hefesto"" (nota mitológica); deus do fogo e das habilidades técnicas (no mito clássico retomado na p. 13) - **Obs.:** no mito cláss"
Henet (Egípcia-Ogdoade,Elm,RC-454,variacao,etimologia,conceitual,nao,0,em análise,baixa,RC-454-elm-moros---ser-lm-de-temperion.md,- **Grafia preferida:** Elm - **⚠️ GRAFIA OFICIAL DO EPÍTETO/VARIAÇÃO FONÉTICA (o ser de 4 cabeças): MORREN SO** — consagrada pela Devolutiva O-4 da P2022-09-24 (antes o STT captur
Hermes Trismegistus (Latim,Hermes Trismegisto,RC-463,variacao,etimologia,conceitual,nao,0,verificado,alta,RC-463-hermes-trismegisto-ningishzidda-thoth-quetzalcoatl.md,"- **Grafia preferida:** Hermes Trismegisto - **Variações:** Hermes Trismegistus (Latim); Mercúrio Trismegisto - **Equivalências (B060):** Ningishzidda (Anunnaki, filho de Enki); Te"
heroína controversa,Pandora como Heroína Controversa,RC-780,variacao,etimologia,conceitual,nao,0,verificado,média,RC-780-pandora-como-heroina-controversa.md,"- **Grafia preferida:** Pandora como Heroína Controversa - **Variações STT capturadas:** ""heroína"", ""heroína controversa"", ""Pandora destravou mas extrapolou"" - **Idioma de origem:*"
Hinos Homéricos,Zeus,RC-145,variacao,etimologia,conceitual,nao,0,verificado,alta,RC-145-zeus.md,"- **Grafia preferida:** Zeus - **Variações:** ""deus do Olimpo""; ""chefe dos deuses"" (nota — Hesíodo, ""Teogonia""; ""Hinos Homéricos"") - **Obs.:** na nota mitológica da ed. 2022 do B08"
históricas,Tempérion,RC-472,variacao,etimologia,conceitual,nao,0,verificado,alta,RC-472-temperion-archeon-de-ereon-setor-dos-seres-lm.md,"- Grafia preferida: Tempérion. Variações históricas/STT: Tempérium, Tempério. Não é variação de Perpérion. - **Fonte de decisão:** curadoria estrutural C-01 a C-07, 2026-08-14."
homem com mulher da espécie sábia,Eva como 3ª Tentativa de Fêmea para Adão (Homem + Mulher da Espécie Sá,RC-814,variacao,etimologia,referencia_oral,nao,0,verificado,alta,RC-814-eva-como-terceira-tentativa.md,"- **Grafia preferida:** Eva como 3ª Tentativa de Fêmea para Adão (Homem + Mulher da Espécie Sábia) - **Variações STT capturadas:** ""Eva"", ""alternativa homo"", ""homem com mulher da e"
Homo sapiens,Seres Terrenos,RC-099,variacao,etimologia,conceitual,nao,0,verificado,alta,RC-099-seres-terrenos.md,"- Grafia preferida: Seres Terrenos - Variações: Homo sapiens; humano; humanidade terrestre - Uso na Base: 1.6 Figuras humanas (espécie, não indivíduo)"
homoafetividade (título,Homoafetividade,RC-434,variacao,etimologia,conceitual,nao,0,verificado,alta,RC-434-homoafetividade-resquicio-da-forca-original.md,- **Grafia preferida:** Homoafetividade - **Variações:** homoafetividade (título); atração entre iguais; identidade de gênero (tema adjacente)
"Hostes bélicas"" (B058",Hostes de Sophia,RC-453,variacao,etimologia,conceitual,nao,0,verificado,alta,RC-453-hostes-de-sophia.md,"- **Grafia preferida:** Hostes de Sophia - **Variações:** ""as suas Hostes"" (B057/B058); ""Hostes de Comando"" (B058, p. 67); ""Hostes bélicas"" (B058, p. 74); ""Assessores""/""Administrad"
"Hostes de Comando"" (B058",Hostes de Sophia,RC-453,variacao,etimologia,conceitual,nao,0,verificado,alta,RC-453-hostes-de-sophia.md,"- **Grafia preferida:** Hostes de Sophia - **Variações:** ""as suas Hostes"" (B057/B058); ""Hostes de Comando"" (B058, p. 67); ""Hostes bélicas"" (B058, p. 74); ""Assessores""/""Administrad"
humanidade terrestre,Seres Terrenos,RC-099,variacao,etimologia,conceitual,nao,0,verificado,alta,RC-099-seres-terrenos.md,"- Grafia preferida: Seres Terrenos - Variações: Homo sapiens; humano; humanidade terrestre - Uso na Base: 1.6 Figuras humanas (espécie, não indivíduo)"
humanização de Javé,A Humanização do Criador,RC-245,variacao,etimologia,conceitual,nao,0,verificado,alta,RC-245-a-humanizacao-do-criador.md,- **Grafia preferida:** A Humanização do Criador - **Variações:** processo de humanização do Criador; humanização de Javé
humanização de Pandora,Opção Inusitada de Pandora,RC-285,variacao,etimologia,conceitual,nao,0,verificado,alta,RC-285-opcao-inusitada-de-pandora-humanizacao.md,"- **Grafia preferida:** Opção Inusitada de Pandora - **Variações:** opção mental de Hefesto; humanização de Pandora; transferência de fase demo → homo; ""primeira mulher humana raci"
humanos terracos,Prole sem Face (Humanos Modificáveis sem Face Definida),RC-819,variacao,etimologia,referencia_oral,nao,0,verificado,média,RC-819-prole-sem-face.md,"- **Grafia preferida:** Prole sem Face (Humanos Modificáveis sem Face Definida) - **Variações STT capturadas:** ""prole sem face"", ""progênie sem face"", ""humanos terracos"" - **Idioma"
identidade anterior de Brahma,Prabrajna,RC-152,variacao,etimologia,conceitual,nao,0,verificado,alta,RC-152-prabrajna.md,"- **Grafia preferida:** Prabrajna - **Variações:** Prajapati (tradição védica); identidade anterior de Brahma/Javé; ""Prabrajna"" também grafado como ""Prabrajná"" - **Origem:** sânscr"
identidade anterior de Brahma,Adhyshprabrajna,RC-310,variacao,etimologia,conceitual,nao,0,verificado,alta,RC-310-adhyshprabrajna-adhy-que-caiu.md,- **Grafia preferida:** Adhyshprabrajna - **Variações:** Adhy-Prabrajna; Prabrajna (forma curta); identidade anterior de Brahma/Javé/Alá - **Origem:** sânscrito/composto RC (Adhy +
identidade de gênero,Pulsação dos Elétrons Como Afetividade Humana,RC-832,variacao,etimologia,referencia_oral,nao,0,verificado,média,RC-832-pulsacao-dos-eletrons-como-afetividade.md,"- **Grafia preferida:** Pulsação dos Elétrons Como Afetividade Humana - **Variações STT capturadas:** ""pulsação dos elétrons"", ""comportamento biológico"", ""afetividade"", ""identidade"
identidade de gênero (tema adjacente,Homoafetividade,RC-434,variacao,etimologia,conceitual,nao,0,verificado,alta,RC-434-homoafetividade-resquicio-da-forca-original.md,- **Grafia preferida:** Homoafetividade - **Variações:** homoafetividade (título); atração entre iguais; identidade de gênero (tema adjacente)
identidade prévia: Prabrajna,Arquiteto Universal,RC-207,variacao,etimologia,conceitual,nao,0,verificado,alta,RC-207-arquiteto-universal.md,"- **Grafia preferida:** Arquiteto Universal - **Variações:** arquiteto universal (função); divindade menor co-criadora; ""Arquiteto por Excelência""; identidade prévia: Prabrajna/Pra"
identificado a Javé,Brahma,RC-037,variacao,etimologia,conceitual,nao,0,verificado,alta,RC-037-brahma-brajna.md,"- **Grafia preferida:** Brahma - **Variações:** Brajna (condição Adhyatman, antes da queda); identificado a Javé, Caos, Pan Ku, Alá, Atom"
identificado a Javé e Brahma,Kether,RC-261,variacao,etimologia,conceitual,nao,0,verificado,alta,RC-261-kether-jave-na-cabala.md,- **Grafia preferida:** Kether - **Variações:** Kether/Javé; a Coroa (primeira sefirá); identificado a Javé e Brahma - **Idioma de origem:** hebraico (כתר = coroa)
Ih dos elétrons,Rebelião dos Elétrons (Além da Entropia),RC-826,variacao,etimologia,referencia_oral,nao,0,verificado,média,RC-826-rebeliao-dos-eletrons.md,"- **Grafia preferida:** Rebelião dos Elétrons (Além da Entropia) - **Variações STT capturadas:** ""rebelião dos elétrons"", ""rebelião dos antielétrons"", ""tribunal da Inquisição dos e"
ilha cósmica (mundos rebelados,Quarentena Sideral / Cósmica,RC-342,variacao,etimologia,conceitual,nao,0,em análise,baixa,RC-342-quarentena-sideral-cosmica.md,- **Grafia preferida:** Quarentena Sideral / Cósmica - **Variações:** quarentena sideral; quarentena cósmica; isolamento da Terra; ilha cósmica (mundos rebelados) - **Obs.:** termo
ilhas de geetropia,Era do Colapso do Caos Organizado,RC-827,variacao,etimologia,referencia_oral,nao,0,verificado,média,RC-827-era-do-colapso-do-caos-organizado.md,"- **Grafia preferida:** Era do Colapso do Caos Organizado - **Variações STT capturadas:** ""era do colapso"", ""era do conhecimento"", ""colapso do caos organizado"", ""ilhas de negentrop"
ilhas de negentropia,Era do Colapso do Caos Organizado,RC-827,variacao,etimologia,referencia_oral,nao,0,verificado,média,RC-827-era-do-colapso-do-caos-organizado.md,"- **Grafia preferida:** Era do Colapso do Caos Organizado - **Variações STT capturadas:** ""era do colapso"", ""era do conhecimento"", ""colapso do caos organizado"", ""ilhas de negentrop"
imperativo categórico da espiritualização,Imperativo Categórico da Moral,RC-328,variacao,etimologia,conceitual,nao,0,verificado,alta,RC-328-imperativo-categorico-da-moral.md,- **Grafia preferida:** Imperativo Categórico da Moral - **Variações:** imperativo categórico da espiritualização; freio moral; o imperativo da racionalidade humana
implosão do Corpo Mental,Tzimtzum,RC-008,variacao,etimologia,conceitual,nao,0,verificado,alta,RC-008-tzimtzum.md,"- **Grafia preferida:** Tzimtzum - **Variações:** Tsimtsum; contração de Deus; exílio de Deus dentro da própria Criação; ""implosão do Corpo Mental"" - **Idioma de origem:** hebraico"
império das circunstâncias,Circuito do CHA,RC-549,variacao,etimologia,conceitual,nao,0,verificado,alta,RC-549-circuito-do-cha-circunstancias+heranca+atitude.md,"- **Grafia preferida:** Circuito do CHA - **Variações:** ""circuito do CHA""; ""império das circunstâncias"" - **Expansão da sigla:** Circunstâncias da vida; Herança espiritual (hábito"
inconsciente dos elétrons,Memória dos Elétrons e Arcanos,RC-829,variacao,etimologia,referencia_oral,nao,0,verificado,média,RC-829-memoria-dos-eletrons-e-arcanos.md,"- **Grafia preferida:** Memória dos Elétrons e Arcanos - **Variações STT capturadas:** ""memória dos elétrons"", ""arcanos"", ""inconsciente dos elétrons"", ""memória dos antielétrons"", """
indiferença amorosa,Vechame Existencial (Sangue de Barata = Amor sem Submissão),RC-823,variacao,etimologia,referencia_oral,nao,0,verificado,média,RC-823-vechame-existencial.md,"- **Grafia preferida:** Vechame Existencial (Sangue de Barata = Amor sem Submissão) - **Variações STT capturadas:** ""vechame"", ""vechame existencial"", ""sangue de barata"", ""indiferen"
infecção,Código Genético como Marca da Herança Demoníaca,RC-825,variacao,etimologia,referencia_oral,nao,0,verificado,média,RC-825-codigo-genetico-como-marca-heranca-demoniaca.md,"- **Grafia preferida:** Código Genético como Marca da Herança Demoníaca - **Variações STT capturadas:** ""código genético"", ""sequências genéticas"", ""DNA"", ""infecção"", ""marcas"", ""ele"
inflexão cósmica,Momento Zero de Pandora,RC-779,variacao,etimologia,conceitual,nao,0,verificado,média,RC-779-momento-zero-de-pandora.md,"- **Grafia preferida:** Momento Zero de Pandora - **Variações STT capturadas:** ""ponto zero"", ""inflexão cósmica"", ""destrave"" - **Idioma de origem:** Português + ""momento zero"" como"
insegurança,Pulsação dos Elétrons Como Afetividade Humana,RC-832,variacao,etimologia,referencia_oral,nao,0,verificado,média,RC-832-pulsacao-dos-eletrons-como-afetividade.md,"- **Grafia preferida:** Pulsação dos Elétrons Como Afetividade Humana - **Variações STT capturadas:** ""pulsação dos elétrons"", ""comportamento biológico"", ""afetividade"", ""identidade"
instrumentos de dominação,Estratégia dos Avatares,RC-797,variacao,etimologia,conceitual,nao,0,verificado,média,RC-797-estrategia-dos-avatares.md,"- **Grafia preferida:** Estratégia dos Avatares - **Variações STT capturadas:** ""avatares"", ""agentes de dominação"", ""instrumentos de dominação"" - **Idioma de origem:** Sânscrito (अ"
interconectividade não-localizada (física quântica,Simbiose Quântica,RC-195,variacao,etimologia,conceitual,nao,0,provisório,média,RC-195-simbiose-quantica.md,- **Grafia preferida:** Simbiose Quântica - **Variações:** simbiose cósmica; interconectividade não-localizada (física quântica)
Irra,Sequência Formativa da Racionalidade Humana,RC-785,variacao,etimologia,referencia_oral,nao,0,em análise,baixa,RC-785-sequencia-formativa-da-racionalidade-humana.md,"- **Grafia preferida:** Sequência Formativa da Racionalidade Humana - **Variações STT capturadas:** ""Pandora, Lilif, Irra, Eva, Noreia"", ""cadeia de mulheres que produziram a racion"
ismos,Ismos como Limitação Genômica,RC-891,variacao,etimologia,conceitual,nao,0,verificado,média,RC-891-ismos-limitacao-genomica.md,- **Grafia preferida:** Ismos como Limitação Genômica - **Variações:** ismos; preferências limitantes; vícios genômicos - **Idioma de origem:** Português
isolamento da Terra,Quarentena Sideral / Cósmica,RC-342,variacao,etimologia,conceitual,nao,0,em análise,baixa,RC-342-quarentena-sideral-cosmica.md,- **Grafia preferida:** Quarentena Sideral / Cósmica - **Variações:** quarentena sideral; quarentena cósmica; isolamento da Terra; ilha cósmica (mundos rebelados) - **Obs.:** termo
isolamento do orbe terrestre,Isolamento Cósmico,RC-070,variacao,etimologia,conceitual,nao,0,em análise,baixa,RC-070-isolamento-cosmico.md,- **Grafia preferida:** Isolamento Cósmico - **Variações:** isolamento do orbe terrestre; exílio cósmico
Japés,Era da Solidão de Javé (500 Milhões de Anos),RC-808,variacao,etimologia,referencia_oral,nao,0,verificado,alta,RC-808-era-da-solidao-de-jave.md,"- **Grafia preferida:** Era da Solidão de Javé (500 Milhões de Anos) - **Variações STT capturadas:** ""era da solidão"", ""Japés"", ""Javé solidão"" - **Idioma de origem:** Português"
Jardim do Éden (tradicional,Éden do Criador,RC-242,variacao,etimologia,conceitual,nao,0,verificado,alta,RC-242-eden-do-criador-eden-como-laboratorio.md,"- **Grafia preferida:** Éden do Criador - **Variações:** Éden terrestre; Jardim do Éden (tradicional); ""Éden como laboratório""; núcleos edênicos"
Javé (RC-284,Jeová,RC-346,variacao,etimologia,conceitual,nao,0,verificado,alta,RC-346-jeova-grafia-da-trilogia.md,"- **Grafia preferida:** Jeová - **Variações:** Jeová = Javé (obras posteriores); Jeová = Caos/Brahma/Javé (RC-284) - **Idioma de origem:** hebraico (YHWH), forma portuguesa ""Jeová"""
Javé abelha rainha,Sistema Arcaico Mental (Javé Como Abelha Rainha),RC-828,variacao,etimologia,referencia_oral,nao,0,verificado,alta,RC-828-sistema-arcaico-mental-jave-abelha-rainha.md,"- **Grafia preferida:** Sistema Arcaico Mental (Javé Como Abelha Rainha) - **Variações STT capturadas:** ""sistema arcaico"", ""sistema arcaico mental"", ""Javé abelha rainha"", ""clones "
Javé sem expressões Adhyajna,Javé sem avatares,RC-426,variacao,etimologia,conceitual,nao,0,verificado,alta,RC-426-jave-sem-avatares-nao-tenho-isto.md,"- **Grafia preferida:** Javé sem avatares - **Variações:** ""Não tenho isto!"" (declaração); Javé sem expressões Adhyajna; singularidade de Javé"
Javé solidão,Era da Solidão de Javé (500 Milhões de Anos),RC-808,variacao,etimologia,referencia_oral,nao,0,verificado,alta,RC-808-era-da-solidao-de-jave.md,"- **Grafia preferida:** Era da Solidão de Javé (500 Milhões de Anos) - **Variações STT capturadas:** ""era da solidão"", ""Japés"", ""Javé solidão"" - **Idioma de origem:** Português"
Javé é o caos,Javé como Caos Personificado,RC-782,variacao,etimologia,conceitual,nao,0,verificado,média,RC-782-jave-como-caos-personificado.md,"- **Grafia preferida:** Javé como Caos Personificado - **Variações STT capturadas:** ""caos"", ""Javé é o caos"", ""caos personificado"" - **Idioma de origem:** Grego antigo (Χάος ""chaos"
jejum,Greve de Fome Genética (Suicídio como Quebra do Código Demoníaco),RC-824,variacao,etimologia,referencia_oral,nao,0,verificado,média,RC-824-greve-de-fome-genetica.md,"- **Grafia preferida:** Greve de Fome Genética (Suicídio como Quebra do Código Demoníaco) - **Variações STT capturadas:** ""greve de fome"", ""sata garra"", ""lona"", ""jejum"" - **Idioma "
Jeová = Caos,Jeová,RC-346,variacao,etimologia,conceitual,nao,0,verificado,alta,RC-346-jeova-grafia-da-trilogia.md,"- **Grafia preferida:** Jeová - **Variações:** Jeová = Javé (obras posteriores); Jeová = Caos/Brahma/Javé (RC-284) - **Idioma de origem:** hebraico (YHWH), forma portuguesa ""Jeová"""
Jeová = Javé (obras posteriores,Jeová,RC-346,variacao,etimologia,conceitual,nao,0,verificado,alta,RC-346-jeova-grafia-da-trilogia.md,"- **Grafia preferida:** Jeová - **Variações:** Jeová = Javé (obras posteriores); Jeová = Caos/Brahma/Javé (RC-284) - **Idioma de origem:** hebraico (YHWH), forma portuguesa ""Jeová"""
Jesus e o Druida da Montanha,Os 20 Anos de Jesus entre os Celtas,RC-373,variacao,etimologia,referencia_oral,nao,0,verificado,alta,RC-373-os-20-anos-de-jesus-entre-os-celtas.md,- **Grafia preferida:** Os 20 Anos de Jesus entre os Celtas - **Variações:** Jesus e o Druida da Montanha; aos vinte anos entre os celtas; os anos perdidos de Jesus
Jesus em seu corpo glorioso,Sophia,RC-009,variacao,etimologia,conceitual,nao,0,verificado,alta,RC-009-sophia-cristo-cosmico.md,"- **Grafia preferida:** Sophia - **Variações:** Cristo Cósmico; Suserano Cósmico; ""Jesus em seu corpo glorioso""; Sofia; **Hochmah** (epíteto hebraico = Sabedoria, ver RC-565; grafi"
Jesus resolveu não matar,Jesus como Último Avatar (Não Mata),RC-800,variacao,etimologia,referencia_oral,nao,0,em análise,baixa,RC-800-jesus-como-ultimo-avatar.md,"- **Grafia preferida:** Jesus como Último Avatar (Não Mata) - **Variações STT capturadas:** ""último avatar"", ""Jesus resolveu não matar"", ""luta íntima do bem e do mal"" - **Idioma de"
jogo dos elétrons,Dança dos Elétrons,RC-379,variacao,etimologia,conceitual,nao,0,verificado,alta,RC-379-danca-dos-eletrons.md,- **Grafia preferida:** Dança dos Elétrons - **Variações:** jogo dos elétrons; dança dos elétrons (metáfora); transições orbitais (termo científico)
Judas Iscariotes (= Yel Am,O Fator Judas,RC-365,variacao,etimologia,conceitual,nao,0,verificado,alta,RC-365-o-fator-judas.md,"- **Grafia preferida:** O Fator Judas - **Variações:** Fator Judas; o papel de Judas; Judas Iscariotes (= Yel Am/Yel Liam, RC-138)"
Krysamon (assinatura do próprio material,"Kris Amon (grafia do curador, 06/09/2026)",RC-934,variacao,etimologia,referencia_oral,nao,0,provisório,média,RC-934-kris-amon.md,"- **Grafia preferida:** Kris Amon (grafia do curador, 06/09/2026) - **Variações / grafias alternativas:** Krysamon (assinatura do próprio material, «Krysamon NEAD») — grafias de ch"
Krysamon NEAD») — grafias de chat,"Kris Amon (grafia do curador, 06/09/2026)",RC-934,variacao,etimologia,referencia_oral,nao,0,provisório,média,RC-934-kris-amon.md,"- **Grafia preferida:** Kris Amon (grafia do curador, 06/09/2026) - **Variações / grafias alternativas:** Krysamon (assinatura do próprio material, «Krysamon NEAD») — grafias de ch"
Kvasir,Pacto Aesir-Vanir como Origem Nórdica da Ideia de Pandora,RC-816,variacao,etimologia,referencia_oral,nao,0,verificado,média,RC-816-pacto-aesir-vanir-origem-pandora.md,"- **Grafia preferida:** Pacto Aesir-Vanir como Origem Nórdica da Ideia de Pandora - **Variações STT capturadas:** ""Aesir"", ""Vanir"", ""Fria"", ""Kvasir"", ""tigela"", ""saliva"" - **Idioma "
Laboratorial,Espiritualidade Laboratorial,RC-061,variacao,etimologia,conceitual,nao,0,em análise,baixa,RC-061-espiritualidade-laboratorial.md,- Grafia preferida: Espiritualidade Laboratorial - Variações: Laboratorial; nível laboratorial - Corpo associado: corpo manásico - Subdivisões: cinco Archeons de Ereon (RC-596)
laboratório cósmico,Biblioteca Genômica Humana,RC-889,variacao,etimologia,conceitual,nao,0,verificado,média,RC-889-biblioteca-genomica-humana.md,- **Grafia preferida:** Biblioteca Genômica Humana - **Variações:** laboratório genômico; laboratório cósmico; pirataria genômica - **Idioma de origem:** Português
laboratório genômico,Biblioteca Genômica Humana,RC-889,variacao,etimologia,conceitual,nao,0,verificado,média,RC-889-biblioteca-genomica-humana.md,- **Grafia preferida:** Biblioteca Genômica Humana - **Variações:** laboratório genômico; laboratório cósmico; pirataria genômica - **Idioma de origem:** Português
laboratórios dimensionais,Fornos Replicadores,RC-771,variacao,etimologia,conceitual,nao,0,em análise,baixa,RC-771-fornos-replicadores.md,"- Grafia preferida: Fornos Replicadores. Variações: fornos geradores de vida; Centrais de Realidades; laboratórios dimensionais. - STT: ""forno de Alamaior"" = Awaymaion (RC-499) — r"
lacre genético,Padrão de Consciência Genético por Espécie,RC-807,variacao,etimologia,referencia_oral,nao,0,verificado,média,RC-807-padrao-de-consciencia-genetico-por-especie.md,"- **Grafia preferida:** Padrão de Consciência Genético por Espécie - **Variações STT capturadas:** ""padrão de consciência"", ""programação genética"", ""lacre genético"" - **Idioma de o"
"lacre mental"" (B057",Deslacre (rompimento dos lacres psíquicos),RC-448,variacao,etimologia,referencia_oral,nao,0,provisório,média,RC-448-deslacre-rompimento-dos-lacres-psiquicos.md,"- **Grafia preferida:** Deslacre (rompimento dos lacres psíquicos) - **Variações:** ""deslacre"" (B058); ""lacres mentais"" / ""lacre mental"" (B057); ""bloqueio mental"" ""rompido"" (B058, "
lacres mentais,Deslacre (rompimento dos lacres psíquicos),RC-448,variacao,etimologia,referencia_oral,nao,0,provisório,média,RC-448-deslacre-rompimento-dos-lacres-psiquicos.md,"- **Grafia preferida:** Deslacre (rompimento dos lacres psíquicos) - **Variações:** ""deslacre"" (B058); ""lacres mentais"" / ""lacre mental"" (B057); ""bloqueio mental"" ""rompido"" (B058, "
lamentação dos deuses,Lamúria dos Deuses (Diagnóstico de Prometeu),RC-791,variacao,etimologia,referencia_oral,nao,0,verificado,média,RC-791-lamuria-dos-deuses.md,"- **Grafia preferida:** Lamúria dos Deuses (Diagnóstico de Prometeu) - **Variações STT capturadas:** ""lamúria"", ""lamúria dos deuses"", ""lamentação dos deuses"" - **Idioma de origem:*"
lamúria dos deuses,Lamúria dos Deuses (Diagnóstico de Prometeu),RC-791,variacao,etimologia,referencia_oral,nao,0,verificado,média,RC-791-lamuria-dos-deuses.md,"- **Grafia preferida:** Lamúria dos Deuses (Diagnóstico de Prometeu) - **Variações STT capturadas:** ""lamúria"", ""lamúria dos deuses"", ""lamentação dos deuses"" - **Idioma de origem:*"
lavagem cerebral imposta,Lavagem Cerebral,RC-335,variacao,etimologia,conceitual,nao,0,verificado,alta,RC-335-lavagem-cerebral-condicionamento.md,"- **Grafia preferida:** Lavagem Cerebral - **Variações:** condicionamento; lavagem cerebral imposta; adestramento; ""descondicione-se"" (imperativo de Ellam)"
leis da evolução cósmica,Sentido Gradualístico das Leis da Evolução Cósmica,RC-404,variacao,etimologia,referencia_oral,nao,0,provisório,média,RC-404-sentido-gradualistico-das-leis-da-evolucao-cosmica.md,- **Grafia preferida:** Sentido Gradualístico das Leis da Evolução Cósmica - **Variações:** Sentido Gradualístico; leis da evolução cósmica; gradualismo cósmico
liberdade de pensamento,Liberdade Mental,RC-253,variacao,etimologia,conceitual,nao,0,verificado,alta,RC-253-liberdade-mental-premissa-do-quarto-logos.md,- **Grafia preferida:** Liberdade Mental - **Variações:** liberdade de pensamento; crivo lógico da razão; livre-arbítrio (aproximação)
Lil transformou-se em deusa,Culto a Lilith (Transformação em Deusa Lil Babilônica),RC-813,variacao,etimologia,referencia_oral,nao,0,verificado,média,RC-813-culto-a-lilith-babilonia.md,"- **Grafia preferida:** Culto a Lilith (Transformação em Deusa Lil Babilônica) - **Variações STT capturadas:** ""Lil"", ""Lil transformou-se em deusa"", ""Babilônia"", ""mesa"" (= Babel?) "
Lili,Lilith como Rakshasa (Espécie Não-Humana),RC-794,variacao,etimologia,referencia_oral,nao,0,verificado,média,RC-794-lilith-como-rakshasa.md,"- **Grafia preferida:** Lilith como Rakshasa (Espécie Não-Humana) - **Variações STT capturadas:** ""Rxassa"", ""Rchaça"", ""Rxaças"", ""rachaças"", ""Lilif"", ""Lili"" - **Idioma de origem:** "
Lilif,Sequência Formativa da Racionalidade Humana,RC-785,variacao,etimologia,referencia_oral,nao,0,em análise,baixa,RC-785-sequencia-formativa-da-racionalidade-humana.md,"- **Grafia preferida:** Sequência Formativa da Racionalidade Humana - **Variações STT capturadas:** ""Pandora, Lilif, Irra, Eva, Noreia"", ""cadeia de mulheres que produziram a racion"
Lilif,Lilith como Rakshasa (Espécie Não-Humana),RC-794,variacao,etimologia,referencia_oral,nao,0,verificado,média,RC-794-lilith-como-rakshasa.md,"- **Grafia preferida:** Lilith como Rakshasa (Espécie Não-Humana) - **Variações STT capturadas:** ""Rxassa"", ""Rchaça"", ""Rxaças"", ""rachaças"", ""Lilif"", ""Lili"" - **Idioma de origem:** "
linhagem dos descendentes da Trimurti,Adhytia,RC-308,variacao,etimologia,conceitual,nao,0,verificado,alta,RC-308-adhytia-nivel-hierarquico.md,- **Grafia preferida:** Adhytia - **Variações:** Adityas (mitologia hindu — verificar relação); linhagem dos descendentes da Trimurti - **Obs.:** distinguir de Adhy (gênero espirit
livre-arbítrio (aproximação,Liberdade Mental,RC-253,variacao,etimologia,conceitual,nao,0,verificado,alta,RC-253-liberdade-mental-premissa-do-quarto-logos.md,- **Grafia preferida:** Liberdade Mental - **Variações:** liberdade de pensamento; crivo lógico da razão; livre-arbítrio (aproximação)
lokas envolvidas,Os 270 Mundos,RC-265,variacao,etimologia,conceitual,nao,0,verificado,alta,RC-265-os-270-mundos-profecia-do-zohar.md,"- **Grafia preferida:** Os 270 Mundos - **Variações:** 270 mundos da Criação; ""moradas""/lokas envolvidas; público-alvo do Zohar"
lona,Greve de Fome Genética (Suicídio como Quebra do Código Demoníaco),RC-824,variacao,etimologia,referencia_oral,nao,0,verificado,média,RC-824-greve-de-fome-genetica.md,"- **Grafia preferida:** Greve de Fome Genética (Suicídio como Quebra do Código Demoníaco) - **Variações STT capturadas:** ""greve de fome"", ""sata garra"", ""lona"", ""jejum"" - **Idioma "
loop mental vivo,Egrégora de Lilith / Noreia (Loop Mental Vivo),RC-787,variacao,etimologia,referencia_oral,nao,0,verificado,média,RC-787-egregora-de-lilith-noreia.md,"- **Grafia preferida:** Egrégora de Lilith / Noreia (Loop Mental Vivo) - **Variações STT capturadas:** ""loops mentais"", ""cópias de consciências"", ""egrégora viva"", ""loop mental vivo"
luta íntima do bem e do mal,Jesus como Último Avatar (Não Mata),RC-800,variacao,etimologia,referencia_oral,nao,0,em análise,baixa,RC-800-jesus-como-ultimo-avatar.md,"- **Grafia preferida:** Jesus como Último Avatar (Não Mata) - **Variações STT capturadas:** ""último avatar"", ""Jesus resolveu não matar"", ""luta íntima do bem e do mal"" - **Idioma de"
Lúcifer com humanos,13 Livros de Lúcifer com Humanos (Necessários Antes do Fim),RC-833,variacao,etimologia,referencia_oral,nao,0,em análise,baixa,RC-833-13-livros-de-lucifer-com-humanos.md,"- **Grafia preferida:** 13 Livros de Lúcifer com Humanos (Necessários Antes do Fim) - **Variações STT capturadas:** ""13 livros"", ""9 livros"", ""Lúcifer com humanos"", ""rebelião de Lúc"
Maat (Egípcia,Elm,RC-454,variacao,etimologia,conceitual,nao,0,em análise,baixa,RC-454-elm-moros---ser-lm-de-temperion.md,- **Grafia preferida:** Elm - **⚠️ GRAFIA OFICIAL DO EPÍTETO/VARIAÇÃO FONÉTICA (o ser de 4 cabeças): MORREN SO** — consagrada pela Devolutiva O-4 da P2022-09-24 (antes o STT captur
Madalena,Maria Madalena,RC-943,variacao,etimologia,conceitual,nao,0,verificado,média,RC-943-maria-madalena.md,- **Grafia preferida:** Maria Madalena - **Variações / grafias alternativas:** Madalena - **Idioma de origem:** — (pessoa; «Madalena» = de Magdala)
Magant,Mahatma Magant como Libertador da Alimentação Demoníaca,RC-822,variacao,etimologia,referencia_oral,nao,0,em análise,baixa,RC-822-mahatma-magant-libertador.md,"- **Grafia preferida:** Mahatma Magant como Libertador da Alimentação Demoníaca - **Variações STT capturadas:** ""Mahatma Magant"", ""Magant"", ""Mahatma"" - **Idioma de origem:** Sânscr"
Mahatma,Mahatma Magant como Libertador da Alimentação Demoníaca,RC-822,variacao,etimologia,referencia_oral,nao,0,em análise,baixa,RC-822-mahatma-magant-libertador.md,"- **Grafia preferida:** Mahatma Magant como Libertador da Alimentação Demoníaca - **Variações STT capturadas:** ""Mahatma Magant"", ""Magant"", ""Mahatma"" - **Idioma de origem:** Sânscr"
mal como ignorância,O Mal,RC-223,variacao,etimologia,conceitual,nao,0,verificado,alta,RC-223-o-mal-subproduto-da-ignorancia-espiritual.md,- **Grafia preferida:** O Mal: Subproduto da Ignorância Espiritual - **Variações:** mal como ignorância; subproduto da ignorância espiritual
marcas,Código Genético como Marca da Herança Demoníaca,RC-825,variacao,etimologia,referencia_oral,nao,0,verificado,média,RC-825-codigo-genetico-como-marca-heranca-demoniaca.md,"- **Grafia preferida:** Código Genético como Marca da Herança Demoníaca - **Variações STT capturadas:** ""código genético"", ""sequências genéticas"", ""DNA"", ""infecção"", ""marcas"", ""ele"
Matriz Modeladora Eterna,Matriz Modeladora,RC-210,variacao,etimologia,conceitual,nao,0,verificado,alta,RC-210-matriz-modeladora-matriz-de-cocriacao.md,- **Grafia preferida:** Matriz Modeladora - **Variações:** Matriz Modeladora Eterna; Fonte Primordial Formadora do Todo; padrão estruturante espiritual
matriz original,Realidade Maior / Paraíso Original,RC-204,variacao,etimologia,referencia_oral,nao,0,em análise,baixa,RC-204-realidade-maior-paraiso-original.md,"- **Grafia preferida:** Realidade Maior / Paraíso Original. - **Variações:** nível paradisíaco; Paraíso; matriz original. - **Termo externo local:** Ilha Estacionária do Paraíso, d"
matéria e antimatéria,Fissão em Dois Universos (Matéria + Antimatéria),RC-811,variacao,etimologia,referencia_oral,nao,0,verificado,média,RC-811-fissao-em-dois-universos.md,"- **Grafia preferida:** Fissão em Dois Universos (Matéria + Antimatéria) - **Variações STT capturadas:** ""universo paralelo"", ""matéria e antimatéria"", ""fissão"" - **Idioma de origem"
Mavatna (forma usada no corpus,ADHYMAVATANA,RC-408,variacao,etimologia,conceitual,nao,0,verificado,alta,RC-408-adhymavatana-nome-completo-de-mavatna-vishnu.md,- **Grafia preferida:** ADHYMAVATANA - **Variações:** Adhy-Mavatana; Mavatna (forma usada no corpus); Vishnu (expressão Adhydaiva) - **Origem:** composto RC (Adhy + Mavatna)
mediocrizada,"Patriarcado desde Pandora (Origem no Feminino, Dominação pelo Masculin",RC-818,variacao,etimologia,referencia_oral,nao,0,verificado,média,RC-818-patriarcado-desde-pandora.md,"- **Grafia preferida:** Patriarcado desde Pandora (Origem no Feminino, Dominação pelo Masculino) - **Variações STT capturadas:** ""patriarcalismo"", ""patriarcado"", ""ferrando feminino"
medo de ter relação sexual,Pulsação dos Elétrons Como Afetividade Humana,RC-832,variacao,etimologia,referencia_oral,nao,0,verificado,média,RC-832-pulsacao-dos-eletrons-como-afetividade.md,"- **Grafia preferida:** Pulsação dos Elétrons Como Afetividade Humana - **Variações STT capturadas:** ""pulsação dos elétrons"", ""comportamento biológico"", ""afetividade"", ""identidade"
"membros chamados ""endrelnianos"" (B015",En Drel,RC-055,variacao,etimologia,conceitual,nao,0,verificado,alta,RC-055-en-drel.md,"- **Grafia preferida:** En Drel - **Variações:** Família En Drel; membros chamados ""endrelnianos"" (B015); Zont En Drel (pré-nome dos despertos)"
memória do elétron,Memória Quântica dos Elétrons,RC-161,variacao,etimologia,conceitual,nao,0,verificado,alta,RC-161-memoria-quantica-dos-eletrons.md,"- **Grafia preferida:** Memória Quântica dos Elétrons - **Variações:** memória do elétron; elétron como ""agente básico da vida universal""; ponte quântica"
memória dos antielétrons,Memória dos Elétrons e Arcanos,RC-829,variacao,etimologia,referencia_oral,nao,0,verificado,média,RC-829-memoria-dos-eletrons-e-arcanos.md,"- **Grafia preferida:** Memória dos Elétrons e Arcanos - **Variações STT capturadas:** ""memória dos elétrons"", ""arcanos"", ""inconsciente dos elétrons"", ""memória dos antielétrons"", """
Memórias de Javé,As Memórias de Javé,RC-421,variacao,etimologia,conceitual,nao,0,verificado,alta,RC-421-as-memorias-de-jave-cronicas.md,- **Grafia preferida:** As Memórias de Javé - **Variações:** Memórias de Javé; crônicas de Javé; as três partes de crônicas (espontâneas / nem tanto / forçadas)
"Mentalma I–VII"" (nomes dos volumes",Série Mentalma (5 livros + curso),RC-555,variacao,etimologia,referencia_oral,nao,0,verificado,alta,RC-555-serie-mentalma-5-livros-curso.md,"- **Grafia preferida:** Série Mentalma (5 livros + curso) - **Variações:** ""Mentalma I–VII"" (nomes dos volumes); ""A Yoga do Cotidiano"" (epíteto do método); ""sete módulos do Mentalm"
"Mentalma"" (nome do método e da série",Mentalma,RC-166,variacao,etimologia,conceitual,nao,0,verificado,alta,RC-166-mentalma.md,"- **Grafia preferida:** Mentalma - **Variações:** ""Mentalma"" (nome do método e da série); o usuário refere-se à série também como ""METALMA"" - **Obs.:** o livro I define como ""a min"
Mente Universal,Mente Universal (Emergente),RC-163,variacao,etimologia,conceitual,nao,0,verificado,alta,RC-163-mente-universal-emergente.md,- Grafia preferida: Mente Universal (Emergente) - Variações: Mente Universal; Biocosmos; Mente-una - Par declarado pela fonte: RC-879 (variação)
Mente-una,Mente Universal (Emergente),RC-163,variacao,etimologia,conceitual,nao,0,verificado,alta,RC-163-mente-universal-emergente.md,- Grafia preferida: Mente Universal (Emergente) - Variações: Mente Universal; Biocosmos; Mente-una - Par declarado pela fonte: RC-879 (variação)
Mercúrio Trismegisto,Hermes Trismegisto,RC-463,variacao,etimologia,conceitual,nao,0,verificado,alta,RC-463-hermes-trismegisto-ningishzidda-thoth-quetzalcoatl.md,"- **Grafia preferida:** Hermes Trismegisto - **Variações:** Hermes Trismegistus (Latim); Mercúrio Trismegisto - **Equivalências (B060):** Ningishzidda (Anunnaki, filho de Enki); Te"
mergulho,Mergulho (designação ellâmica da queda),RC-528,variacao,etimologia,referencia_oral,sim,0,em análise,baixa,RC-528-mergulho.md,- Grafia preferida: Mergulho (designação ellâmica da queda) - Variações: mergulho; a descida - Uso oposto: «queda» (a leitura tradicional)
"mesa"" (= Babel?",Culto a Lilith (Transformação em Deusa Lil Babilônica),RC-813,variacao,etimologia,referencia_oral,nao,0,verificado,média,RC-813-culto-a-lilith-babilonia.md,"- **Grafia preferida:** Culto a Lilith (Transformação em Deusa Lil Babilônica) - **Variações STT capturadas:** ""Lil"", ""Lil transformou-se em deusa"", ""Babilônia"", ""mesa"" (= Babel?) "
ministério amoroso da Deidade,Democracia do Amor da Deidade,RC-333,variacao,etimologia,referencia_oral,nao,0,verificado,alta,RC-333-democracia-do-amor-da-deidade.md,- **Grafia preferida:** Democracia do Amor da Deidade - **Variações:** democracia do amor; ministério amoroso da Deidade; amor incondicional da Deidade
missão de um deus,Telos,RC-292,variacao,etimologia,conceitual,nao,0,verificado,alta,RC-292-telos-de-um-deus.md,"- **Grafia preferida:** Telos - **Variações:** telos de um deus; finalidade/missão de um deus; propósito existencial - **Idioma de origem:** grego (τέλος = fim, propósito, finalida"
"modelo colmeia"" (aspas na obra",Modelo Colmeia,RC-176,variacao,etimologia,conceitual,nao,0,verificado,alta,RC-176-modelo-colmeia-sistema-controle-colmeia.md,"- **Grafia preferida:** Modelo Colmeia - **Variações:** sistema colmeia; controle colmeia; ""modelo colmeia"" (aspas na obra)"
molécula de DNA como representação química do psiquismo de Javé,DNA como Projeção Holográfica do Psiquismo do Criador,RC-217,variacao,etimologia,referencia_oral,nao,0,verificado,alta,RC-217-dna-como-projecao-holografica-do-psiquismo-do-criador.md,- **Grafia preferida:** DNA como Projeção Holográfica do Psiquismo do Criador - **Variações:** DNA = projeção holográfica; molécula de DNA como representação química do psiquismo d
monitoramento genético cósmico,Big Data Cósmico,RC-194,variacao,etimologia,conceitual,nao,0,verificado,alta,RC-194-big-data-cosmico.md,"- **Grafia preferida:** Big Data Cósmico - **Variações:** ""big data"" do Criador; supercontrole informacional; monitoramento genético cósmico"
monstro ciberenergético,Morlens,RC-772,variacao,etimologia,conceitual,nao,0,verificado,média,RC-772-morlens-programador-genetico-atomico-do-projeto-talm.md,"- Grafia preferida: Morlens. Variações: ""monstro ciberenergético""."
"morada"" de Brahma",Prisioneiros da Brahmaloka,RC-260,variacao,etimologia,conceitual,nao,0,verificado,alta,RC-260-prisioneiros-da-brahmaloka.md,"- **Grafia preferida:** Prisioneiros da Brahmaloka - **Variações:** presos no universo antimaterial; ""morada"" de Brahma; prisioneiros da criação"
moradas,Os 270 Mundos,RC-265,variacao,etimologia,conceitual,nao,0,verificado,alta,RC-265-os-270-mundos-profecia-do-zohar.md,"- **Grafia preferida:** Os 270 Mundos - **Variações:** 270 mundos da Criação; ""moradas""/lokas envolvidas; público-alvo do Zohar"
Moren So,Mohen So (Avatar Keshava de Vishnu),RC-081,variacao,etimologia,referencia_oral,nao,0,verificado,alta,RC-081-mohen-so-avatar-keshava-de-vishnu.md,"- **Preferida:** Mohen So. - **Erros/variações STT:** Morren So, Morrençor, Moren So. - **Correspondências:** Phanes, Protogonos, Vasuki, Kalki."
Moros (Grega,Elm,RC-454,variacao,etimologia,conceitual,nao,0,em análise,baixa,RC-454-elm-moros---ser-lm-de-temperion.md,- **Grafia preferida:** Elm - **⚠️ GRAFIA OFICIAL DO EPÍTETO/VARIAÇÃO FONÉTICA (o ser de 4 cabeças): MORREN SO** — consagrada pela Devolutiva O-4 da P2022-09-24 (antes o STT captur
Morrençor,Mohen So (Avatar Keshava de Vishnu),RC-081,variacao,etimologia,referencia_oral,nao,0,verificado,alta,RC-081-mohen-so-avatar-keshava-de-vishnu.md,"- **Preferida:** Mohen So. - **Erros/variações STT:** Morren So, Morrençor, Moren So. - **Correspondências:** Phanes, Protogonos, Vasuki, Kalki."
"mundo chamado 'Dan'"" (B057",Dan,RC-046,variacao,etimologia,conceitual,nao,0,verificado,alta,RC-046-dan.md,"- **Grafia preferida:** Dan - **Variações:** ""mundo chamado 'Dan'"" (B057) - **Obs.:** não confundir com **Danu** (mitologia celta) nem com outros ""Dan"" da malha — aqui é o mundo ca"
mônada espiritual,Mônada,RC-149,variacao,etimologia,conceitual,nao,0,verificado,alta,RC-149-monada-monada-espiritual.md,- **Grafia preferida:** Mônada - **Variações:** mônada espiritual; alma; espírito; consciência espiritual particularizada; protoconsciência particularizada - **Origem:** do grego *
Nan,"Ananque (estudou as necessidades dos códigos podres, com Moros; base d",RC-777,variacao,etimologia,referencia_oral,nao,0,verificado,média,RC-777-ananque-estudou-as-necessidades-dos-codigos-podres.md,"- **Grafia oficial: ANANQUE** (consagrada pela Devolutiva O-4 da P2021-07-24 — a deusa grega da necessidade/inevitabilidade, mãe das Moiras na tradição órfica). - Variações STT cap"
narrativa cruel,Pecado Original como Narrativa Cruel,RC-893,variacao,etimologia,referencia_oral,nao,0,verificado,média,RC-893-pecado-original-narrativa-cruel.md,- **Grafia preferida:** Pecado Original como Narrativa Cruel - **Variações:** queda do paraíso; expulsão do paraíso; narrativa cruel - **Idioma de origem:** Português
nem tanto,As Memórias de Javé,RC-421,variacao,etimologia,conceitual,nao,0,verificado,alta,RC-421-as-memorias-de-jave-cronicas.md,- **Grafia preferida:** As Memórias de Javé - **Variações:** Memórias de Javé; crônicas de Javé; as três partes de crônicas (espontâneas / nem tanto / forçadas)
nenhuma registrada no censo,Cognição,RC-935,variacao,etimologia,conceitual,nao,0,provisório,média,RC-935-cognicao.md,- **Grafia preferida:** Cognição - **Variações / grafias alternativas:** (nenhuma registrada no censo) - **Idioma de origem:** latim (cognitio)
nenhuma registrada no censo,Choque de realidade,RC-936,variacao,etimologia,conceitual,nao,0,provisório,média,RC-936-choque-de-realidade.md,- **Grafia preferida:** Choque de realidade - **Variações / grafias alternativas:** (nenhuma registrada no censo) - **Idioma de origem:** português (registro do grupo)
nenhuma registrada no censo,Mônada,RC-937,variacao,etimologia,conceitual,nao,0,verificado,média,RC-937-monada.md,- **Grafia preferida:** Mônada - **Variações / grafias alternativas:** (nenhuma registrada no censo) - **Idioma de origem:** grego/latim (monas)
nenhuma registrada no censo,Livre-arbítrio,RC-938,variacao,etimologia,conceitual,nao,0,provisório,média,RC-938-livre-arbitrio.md,- **Grafia preferida:** Livre-arbítrio - **Variações / grafias alternativas:** (nenhuma registrada no censo) - **Idioma de origem:** português/latim
nenhuma registrada no censo,Samkhya,RC-939,variacao,etimologia,conceitual,nao,0,provisório,média,RC-939-samkhya.md,- **Grafia preferida:** Samkhya - **Variações / grafias alternativas:** (nenhuma registrada no censo) - **Idioma de origem:** sânscrito
nenhuma registrada no censo,Samsara,RC-940,variacao,etimologia,conceitual,nao,0,provisório,média,RC-940-samsara.md,- **Grafia preferida:** Samsara - **Variações / grafias alternativas:** (nenhuma registrada no censo) - **Idioma de origem:** sânscrito
nenhuma registrada no censo,Hipocampo,RC-941,variacao,etimologia,conceitual,nao,0,provisório,média,RC-941-hipocampo.md,- **Grafia preferida:** Hipocampo - **Variações / grafias alternativas:** (nenhuma registrada no censo) - **Idioma de origem:** anatomia latina (CORNu Ammonis)
nenhuma registrada no censo,João Batista,RC-944,variacao,etimologia,conceitual,nao,0,verificado,média,RC-944-joao-batista.md,- **Grafia preferida:** João Batista - **Variações / grafias alternativas:** (nenhuma registrada no censo) - **Idioma de origem:** — (pessoa; «Batista» = o que batiza)
Nietzsche como agente,Nietzsche como 'Amigo da Intenção de Jesus',RC-369,variacao,etimologia,referencia_oral,nao,0,verificado,alta,RC-369-nietzsche-como-amigo-da-intencao-de-jesus.md,"- **Grafia preferida:** Nietzsche como 'Amigo da Intenção de Jesus' - **Variações:** a parceria Jesus-Nietzsche; Nietzsche como agente; ""a mais estranha das parcerias"""
Noreia,Sequência Formativa da Racionalidade Humana,RC-785,variacao,etimologia,referencia_oral,nao,0,em análise,baixa,RC-785-sequencia-formativa-da-racionalidade-humana.md,"- **Grafia preferida:** Sequência Formativa da Racionalidade Humana - **Variações STT capturadas:** ""Pandora, Lilif, Irra, Eva, Noreia"", ""cadeia de mulheres que produziram a racion"
nossa protetorado,Sophia como Protetorado da Humanidade,RC-784,variacao,etimologia,referencia_oral,nao,0,verificado,média,RC-784-sophia-como-protetorado-da-humanidade.md,"- **Grafia preferida:** Sophia como Protetorado da Humanidade - **Variações STT capturadas:** ""protetorado"", ""nossa protetorado"", ""Sofia declara humanidade como protetorado"" - **Id"
nova era do conhecimento e da espiritualização,Era do Conhecimento e da Espiritualização,RC-536,variacao,etimologia,referencia_oral,nao,0,verificado,alta,RC-536-era-do-conhecimento-e-da-espiritualizacao.md,"- **Grafia preferida:** Era do Conhecimento e da Espiritualização - **Variações:** ""nova era do conhecimento e da espiritualização""; ""novo tempo"" (título da obra) - **Obs.:** o tít"
nova humanidade,Novo Homo sapiens (evolução que terá de vir),RC-544,variacao,etimologia,referencia_oral,nao,0,verificado,alta,RC-544-novo-homo-sapiens.md,"- **Grafia preferida:** Novo Homo sapiens (evolução que terá de vir) - **Variações capturadas:** ""novo tipo de ser humano"", ""novo ser humano"", ""raça humana turbinada"", ""nova humani"
novo ser humano,Novo Homo sapiens (evolução que terá de vir),RC-544,variacao,etimologia,referencia_oral,nao,0,verificado,alta,RC-544-novo-homo-sapiens.md,"- **Grafia preferida:** Novo Homo sapiens (evolução que terá de vir) - **Variações capturadas:** ""novo tipo de ser humano"", ""novo ser humano"", ""raça humana turbinada"", ""nova humani"
"novo tempo"" (título da obra",Era do Conhecimento e da Espiritualização,RC-536,variacao,etimologia,referencia_oral,nao,0,verificado,alta,RC-536-era-do-conhecimento-e-da-espiritualizacao.md,"- **Grafia preferida:** Era do Conhecimento e da Espiritualização - **Variações:** ""nova era do conhecimento e da espiritualização""; ""novo tempo"" (título da obra) - **Obs.:** o tít"
novo tipo de ser humano,Novo Homo sapiens (evolução que terá de vir),RC-544,variacao,etimologia,referencia_oral,nao,0,verificado,alta,RC-544-novo-homo-sapiens.md,"- **Grafia preferida:** Novo Homo sapiens (evolução que terá de vir) - **Variações capturadas:** ""novo tipo de ser humano"", ""novo ser humano"", ""raça humana turbinada"", ""nova humani"
Nyx,Nyx como Mãe de Origem de Pandora,RC-795,variacao,etimologia,referencia_oral,nao,0,em análise,baixa,RC-795-nyx-como-mae-de-origem-de-pandora.md,"- **Grafia preferida:** Nyx como Mãe de Origem de Pandora - **Variações STT capturadas:** ""Nix"", ""Nyx"", ""NYX"", ""descendência de Nix"" - **Idioma de origem:** Grego antigo (Νύξ ""Nyx"""
não confundir,Deus (quando referido ao Incognoscível),RC-052,variacao,etimologia,referencia_oral,nao,0,verificado,alta,RC-052-deus-deus-incognoscivel.md,"- **Grafia preferida:** Deus (quando referido ao Incognoscível); Deus Incognoscível - **Variações:** Deidade Suprema; Fonte; Princípio Maior; Deus Bíblico (= Javé, não confundir)"
"Não tenho isto!"" (declaração",Javé sem avatares,RC-426,variacao,etimologia,conceitual,nao,0,verificado,alta,RC-426-jave-sem-avatares-nao-tenho-isto.md,"- **Grafia preferida:** Javé sem avatares - **Variações:** ""Não tenho isto!"" (declaração); Javé sem expressões Adhyajna; singularidade de Javé"
níveis dimensionais da Cabala,Planos de Existência da Cabala,RC-264,variacao,etimologia,referencia_oral,nao,0,verificado,alta,RC-264-planos-de-existencia-da-cabala-atziluth-briah-yetzirah-assiah.md,- **Grafia preferida:** Planos de Existência da Cabala - **Variações:** quatro universos-mundos; níveis dimensionais da Cabala; Atziluth/Briah/Yetzirah/Assiah (grafias variam: Atzi
níveis do colapso da Matriz Quântica (1º,Colapso da Matriz Quântica,RC-415,variacao,etimologia,conceitual,nao,0,em análise,baixa,RC-415-colapso-da-matriz-quantica-3-niveis.md,- **Grafia preferida:** Colapso da Matriz Quântica - **Variações:** colapso quântico; níveis do colapso da Matriz Quântica (1º/2º/3º)
nível laboratorial,Espiritualidade Laboratorial,RC-061,variacao,etimologia,conceitual,nao,0,em análise,baixa,RC-061-espiritualidade-laboratorial.md,- Grafia preferida: Espiritualidade Laboratorial - Variações: Laboratorial; nível laboratorial - Corpo associado: corpo manásico - Subdivisões: cinco Archeons de Ereon (RC-596)
nível paradisíaco,Realidade Maior / Paraíso Original,RC-204,variacao,etimologia,referencia_oral,nao,0,em análise,baixa,RC-204-realidade-maior-paraiso-original.md,"- **Grafia preferida:** Realidade Maior / Paraíso Original. - **Variações:** nível paradisíaco; Paraíso; matriz original. - **Termo externo local:** Ilha Estacionária do Paraíso, d"
núcleos edênicos,Éden do Criador,RC-242,variacao,etimologia,conceitual,nao,0,verificado,alta,RC-242-eden-do-criador-eden-como-laboratorio.md,"- **Grafia preferida:** Éden do Criador - **Variações:** Éden terrestre; Jardim do Éden (tradicional); ""Éden como laboratório""; núcleos edênicos"
"o ""Drama do Fechamento dos Portais",Drama do Fechamento dos Portais,RC-295,variacao,etimologia,referencia_oral,nao,0,em análise,baixa,RC-295-drama-do-fechamento-dos-portais.md,"- **Grafia preferida:** Drama do Fechamento dos Portais - **Variações:** fechamento dos portais; fim dos portais naturais; o ""Drama do Fechamento dos Portais"""
o 'Primeiro Mestre' entre eles,Grão-mestre (Sábios de Tau Ceti),RC-452,variacao,etimologia,referencia_oral,nao,0,provisório,média,RC-452-grao-mestre-sabios-de-tau-ceti.md,"- **Grafia preferida:** Grão-mestre (Sábios de Tau Ceti) - **Variações:** ""Grão-mestre"" (grafia alternante com ""Grão-Mestre"" no próprio livro); ""o 'Primeiro Mestre' entre eles"" - *"
o casal Deucalião,Descendência de Pirra,RC-298,variacao,etimologia,conceitual,nao,0,verificado,alta,RC-298-descendencia-de-pirra-pirra-e-deucaliao.md,- **Grafia preferida:** Descendência de Pirra - **Variações:** Pirra e Deucalião; a linhagem de Pirra; o casal Deucalião/Pirra
o CFD vivendo em nós,A Vida do CFD de Javé no Ser Humano,RC-382,variacao,etimologia,referencia_oral,nao,0,verificado,alta,RC-382-a-vida-do-cfd-de-jave-no-ser-humano.md,"- **Grafia preferida:** A Vida do CFD de Javé no Ser Humano - **Variações:** o CFD vivendo em nós; ""a vida nos vive""; o código de vida do Criador no humano"
o choque fé-razão,A Fé de Jesus e a Razão de Nietzsche,RC-371,variacao,etimologia,referencia_oral,nao,0,verificado,alta,RC-371-a-fe-de-jesus-e-a-razao-de-nietzsche.md,- **Grafia preferida:** A Fé de Jesus e a Razão de Nietzsche - **Variações:** fé × razão; o choque fé-razão; a fé de Jesus e a crítica de Nietzsche
o corpus não as pronunciou ainda,"Kris Amon (grafia do curador, 06/09/2026)",RC-934,variacao,etimologia,referencia_oral,nao,0,provisório,média,RC-934-kris-amon.md,"- **Grafia preferida:** Kris Amon (grafia do curador, 06/09/2026) - **Variações / grafias alternativas:** Krysamon (assinatura do próprio material, «Krysamon NEAD») — grafias de ch"
o crepúsculo dos deuses (nórdico,Ragnarok em Marte,RC-395,variacao,etimologia,conceitual,nao,0,verificado,alta,RC-395-ragnarok-em-marte.md,- **Grafia preferida:** Ragnarok em Marte - **Variações:** Ragnarök; o crepúsculo dos deuses (nórdico); explosão que acabou com a atmosfera de Marte
o código de vida do Criador no humano,A Vida do CFD de Javé no Ser Humano,RC-382,variacao,etimologia,referencia_oral,nao,0,verificado,alta,RC-382-a-vida-do-cfd-de-jave-no-ser-humano.md,"- **Grafia preferida:** A Vida do CFD de Javé no Ser Humano - **Variações:** o CFD vivendo em nós; ""a vida nos vive""; o código de vida do Criador no humano"
o diálogo com Javé,Cartas a Javé,RC-416,variacao,etimologia,conceitual,nao,0,verificado,alta,RC-416-cartas-a-jave-obra-e-dialogo.md,- **Grafia preferida:** Cartas a Javé - **Variações:** as cartas ao Criador; o diálogo com Javé; cartas e respostas
o elo perdido,Fator Extraterrestre,RC-355,variacao,etimologia,conceitual,nao,0,verificado,alta,RC-355-fator-extraterrestre-o-elo-perdido.md,- **Grafia preferida:** Fator Extraterrestre - **Variações:** o elo perdido; componente extraterrena; fator ET (jargão)
o encontro com Moisés e Elias,O Enigma da Transfiguração,RC-366,variacao,etimologia,conceitual,nao,0,verificado,alta,RC-366-o-enigma-da-transfiguracao.md,- **Grafia preferida:** O Enigma da Transfiguração - **Variações:** Transfiguração de Jesus; alteração vibratória; o encontro com Moisés e Elias
o espiritismo e o Quarto Logos,Espiritismo como Expressão do Quarto Logos,RC-257,variacao,etimologia,referencia_oral,nao,0,verificado,alta,RC-257-espiritismo-como-expressao-do-quarto-logos.md,"- **Grafia preferida:** Espiritismo como Expressão do Quarto Logos - **Variações:** espiritismo = expressão do Quarto Logos; o espiritismo e o Quarto Logos; ""espírito de Kardec"" (r"
o favor divino invertido,Favor Divino,RC-332,variacao,etimologia,conceitual,nao,0,verificado,alta,RC-332-favor-divino-conceito-invertido.md,"- **Grafia preferida:** Favor Divino - **Variações:** o favor divino invertido; favor dos humanos ao Criador; ""o favor divino"" (provocação) - **Obs.:** o termo RC-063 (Favor Divino"
"o favor divino"" (provocação",Favor Divino,RC-332,variacao,etimologia,conceitual,nao,0,verificado,alta,RC-332-favor-divino-conceito-invertido.md,"- **Grafia preferida:** Favor Divino - **Variações:** o favor divino invertido; favor dos humanos ao Criador; ""o favor divino"" (provocação) - **Obs.:** o termo RC-063 (Favor Divino"
o guardião do Éden,Zont En Drel 29,RC-147,variacao,etimologia,conceitual,nao,0,em análise,baixa,RC-147-zont-en-drel-29.md,"- **Grafia preferida:** Zont En Drel 29 - **Variações:** Zont En Drel; ""o guardião do Éden""; guardião universal (apresentação) - **Obs.:** em B015, refere-se aos irmãos como ""endre"
o imperativo da racionalidade humana,Imperativo Categórico da Moral,RC-328,variacao,etimologia,conceitual,nao,0,verificado,alta,RC-328-imperativo-categorico-da-moral.md,- **Grafia preferida:** Imperativo Categórico da Moral - **Variações:** imperativo categórico da espiritualização; freio moral; o imperativo da racionalidade humana
o jogo de samsara (no cap. 15,Xadrez Cósmico,RC-150,variacao,etimologia,conceitual,nao,0,verificado,alta,RC-150-xadrez-cosmico.md,"- **Grafia preferida:** Xadrez Cósmico - **Variações:** o ""Jogo""; o jogo de samsara (no cap. 15, referência ao renascimento)"
o papel de Judas,O Fator Judas,RC-365,variacao,etimologia,conceitual,nao,0,verificado,alta,RC-365-o-fator-judas.md,"- **Grafia preferida:** O Fator Judas - **Variações:** Fator Judas; o papel de Judas; Judas Iscariotes (= Yel Am/Yel Liam, RC-138)"
o Paraíso,Espiritualidade Superior,RC-059,variacao,etimologia,conceitual,nao,0,em análise,baixa,RC-059-espiritualidade-superior.md,"- Grafia preferida: Espiritualidade Superior - Variações: o Todo; o Paraíso; Pleroma (correspondência aproximada, [REVISAR → CHANCELA 10/09/2026 · F040-L5: APROXIMAÇÃO DECLARADA E "
o Projeto Humano,Linhagem dos Escolhidos,RC-424,variacao,etimologia,conceitual,nao,0,em análise,baixa,RC-424-linhagem-dos-escolhidos-adao-enoch-abraao-jaco.md,- **Grafia preferida:** Linhagem dos Escolhidos - **Variações:** o Projeto Humano; a linhagem preparada desde Adão; os escolhidos de Javé
o Todo,Espiritualidade Superior,RC-059,variacao,etimologia,conceitual,nao,0,em análise,baixa,RC-059-espiritualidade-superior.md,"- Grafia preferida: Espiritualidade Superior - Variações: o Todo; o Paraíso; Pleroma (correspondência aproximada, [REVISAR → CHANCELA 10/09/2026 · F040-L5: APROXIMAÇÃO DECLARADA E "
O Ungido,Messias,RC-942,variacao,etimologia,conceitual,nao,0,em análise,baixa,RC-942-messias.md,- **Grafia preferida:** Messias - **Variações / grafias alternativas:** O Ungido; Cristo (ekv. grego «Christos») - **Idioma de origem:** hebraico «mashiach» → grego «christós» (ung
"o usuário refere-se à série também como ""METALMA",Mentalma,RC-166,variacao,etimologia,conceitual,nao,0,verificado,alta,RC-166-mentalma.md,"- **Grafia preferida:** Mentalma - **Variações:** ""Mentalma"" (nome do método e da série); o usuário refere-se à série também como ""METALMA"" - **Obs.:** o livro I define como ""a min"
Obra indevida,Criação Indevida,RC-167,variacao,etimologia,conceitual,nao,0,em análise,baixa,RC-167-criacao-indevida-obra-indevida.md,"- **Grafia preferida:** Criação Indevida - **Variações:** Obra indevida; Criação ""problemática""; Criação ""imperfeita""; Criação ""inusitada"" (título do cap. 2 de B024)"
obra primária,Pashvnaj,RC-455,variacao,etimologia,conceitual,nao,0,verificado,alta,RC-455-pashvnaj-especie-de-43-seres-do-genero-adhy.md,"- Grafia preferida: Pashvnaj. Variações de STT: vinage, fa vinagem, pasivagem. Grafia ainda deve ser conferida em áudio/obra primária. - **Fonte de decisão:** curadoria estrutural "
observador interno,Eu Observador,RC-890,variacao,etimologia,conceitual,nao,0,verificado,média,RC-890-eu-observador.md,- **Grafia preferida:** Eu Observador - **Variações:** alguém observador; observador interno - **Idioma de origem:** Português
Og-mi,Ra-Atom / Og-mi,RC-331,variacao,etimologia,conceitual,nao,0,em análise,baixa,RC-331-ra-atom.md,- Grafia preferida: Ra-Atom / Og-mi - Variações: Ra-Atom; Og-mi - Série onomástica: Javé · Brahma · Caos · Ialdabaoth · Alá
Olm,Quarto Logos,RC-092,variacao,etimologia,conceitual,nao,0,verificado,alta,RC-092-quarto-logos-olm-codificador-de-zian.md,- **Grafia preferida:** Quarto Logos - **Variações:** Olm; Codificador de Zian (Zion); Quarto Logus (grafia do título do livro de Ellam)
"Olm (ou Codificador de Zian)"" (B031",Olm,RC-252,variacao,etimologia,conceitual,nao,0,verificado,alta,RC-252-olm-codificador-de-zion-zian.md,"- **Grafia preferida:** Olm - **Variações:** Codificador de Zion; Codificador de Zian; Quarto Logos (RC-092); ""Olm (ou Codificador de Zian)"" (B031)"
onocentauros,Quinaras / Centauros (seres reais),RC-790,variacao,etimologia,referencia_oral,nao,0,verificado,média,RC-790-quinaras-centauros-seres-reais.md,"- **Grafia preferida:** Quinaras / Centauros (seres reais) - **Variações STT capturadas:** ""Quináas"", ""Quinaras"", ""centauros"", ""onocentauros"", ""centauros esclarecidos"", ""centauros "
opção mental de Hefesto,Opção Inusitada de Pandora,RC-285,variacao,etimologia,conceitual,nao,0,verificado,alta,RC-285-opcao-inusitada-de-pandora-humanizacao.md,"- **Grafia preferida:** Opção Inusitada de Pandora - **Variações:** opção mental de Hefesto; humanização de Pandora; transferência de fase demo → homo; ""primeira mulher humana raci"
Orbum,Projeto Orbum,RC-535,variacao,etimologia,conceitual,nao,0,verificado,alta,RC-535-projeto-orbum-cidadania-planetaria.md,- **Grafia preferida:** Projeto Orbum - **Variações:** Orbum; Cidadania Planetária (movimento); Declaração dos Princípios da Cidadania Planetária (manifesto) - **Obs.:** não confun
organizações siderais,Confederações de Mundos,RC-357,variacao,etimologia,conceitual,nao,0,verificado,alta,RC-357-confederacoes-de-mundos.md,- **Grafia preferida:** Confederações de Mundos - **Variações:** confederações de civilizações; organizações siderais; confederação galática
Orlog (Nórdica,Elm,RC-454,variacao,etimologia,conceitual,nao,0,em análise,baixa,RC-454-elm-moros---ser-lm-de-temperion.md,- **Grafia preferida:** Elm - **⚠️ GRAFIA OFICIAL DO EPÍTETO/VARIAÇÃO FONÉTICA (o ser de 4 cabeças): MORREN SO** — consagrada pela Devolutiva O-4 da P2022-09-24 (antes o STT captur
os 3As,Disciplina dos 3As,RC-552,variacao,etimologia,conceitual,nao,0,verificado,alta,RC-552-disciplina-dos-3as-respiracao-mente-alinhamento.md,"- **Grafia preferida:** Disciplina dos 3As - **Variações:** ""os 3As""; ""Aprofundar a respiração; Acalmar a mente; Alinhar-se consigo mesmo"" - **Obs.:** não confundir com outras sigl"
os anos perdidos de Jesus,Os 20 Anos de Jesus entre os Celtas,RC-373,variacao,etimologia,referencia_oral,nao,0,verificado,alta,RC-373-os-20-anos-de-jesus-entre-os-celtas.md,- **Grafia preferida:** Os 20 Anos de Jesus entre os Celtas - **Variações:** Jesus e o Druida da Montanha; aos vinte anos entre os celtas; os anos perdidos de Jesus
os escolhidos de Javé,Linhagem dos Escolhidos,RC-424,variacao,etimologia,conceitual,nao,0,em análise,baixa,RC-424-linhagem-dos-escolhidos-adao-enoch-abraao-jaco.md,- **Grafia preferida:** Linhagem dos Escolhidos - **Variações:** o Projeto Humano; a linhagem preparada desde Adão; os escolhidos de Javé
os Mion,Família Mion,RC-443,variacao,etimologia,conceitual,nao,0,verificado,alta,RC-443-familia-mion.md,"- **Grafia preferida:** Família Mion - **Variações:** ""família Mion""; ""estirpe Mion""; ""os Mion"" - **Obs.:** o nome dos integrantes carrega o sufixo ""Mion"" (Len Mion, Gron Mion), as"
os tempos são chegados,Cápsula do Tempo de Sophia,RC-274,variacao,etimologia,referencia_oral,nao,0,verificado,alta,RC-274-capsula-do-tempo-de-sophia-joao.md,"- **Grafia preferida:** Cápsula do Tempo de Sophia - **Variações:** a ""cápsula do tempo"" (João/Apocalipse); promessas do retorno; ""os tempos são chegados"""
"os três ""deuses"" do dharma",Senhores do Dharma,RC-320,variacao,etimologia,conceitual,nao,0,verificado,alta,RC-320-senhores-do-dharma-senhores-da-lila-trimurti.md,"- **Grafia preferida:** Senhores do Dharma - **Variações:** Senhores da Lila; Senhores da Trimurti; os três ""deuses"" do dharma - **Idioma de origem:** sânscrito (dharma) + portuguê"
p. 15,Primeiro Pesquisador (cargo capelino),RC-447,variacao,etimologia,conceitual,nao,0,provisório,média,RC-447-primeiro-pesquisador-cargo-capelino.md,"- **Grafia preferida:** Primeiro Pesquisador (cargo capelino) - **Variações:** ""um dos primeiros pesquisadores da família Yel"" (B057, p. 15); ""primeiro pesquisador da família Yel"" "
p. 26,Primeiro Pesquisador (cargo capelino),RC-447,variacao,etimologia,conceitual,nao,0,provisório,média,RC-447-primeiro-pesquisador-cargo-capelino.md,"- **Grafia preferida:** Primeiro Pesquisador (cargo capelino) - **Variações:** ""um dos primeiros pesquisadores da família Yel"" (B057, p. 15); ""primeiro pesquisador da família Yel"" "
p. 43,Deslacre (rompimento dos lacres psíquicos),RC-448,variacao,etimologia,referencia_oral,nao,0,provisório,média,RC-448-deslacre-rompimento-dos-lacres-psiquicos.md,"- **Grafia preferida:** Deslacre (rompimento dos lacres psíquicos) - **Variações:** ""deslacre"" (B058); ""lacres mentais"" / ""lacre mental"" (B057); ""bloqueio mental"" ""rompido"" (B058, "
p. 67,Hostes de Sophia,RC-453,variacao,etimologia,conceitual,nao,0,verificado,alta,RC-453-hostes-de-sophia.md,"- **Grafia preferida:** Hostes de Sophia - **Variações:** ""as suas Hostes"" (B057/B058); ""Hostes de Comando"" (B058, p. 67); ""Hostes bélicas"" (B058, p. 74); ""Assessores""/""Administrad"
p. 74,Hostes de Sophia,RC-453,variacao,etimologia,conceitual,nao,0,verificado,alta,RC-453-hostes-de-sophia.md,"- **Grafia preferida:** Hostes de Sophia - **Variações:** ""as suas Hostes"" (B057/B058); ""Hostes de Comando"" (B058, p. 67); ""Hostes bélicas"" (B058, p. 74); ""Assessores""/""Administrad"
pactos desastrosos,Pactos de Javé (Brama / Vishnu / Shiva),RC-781,variacao,etimologia,referencia_oral,nao,0,verificado,média,RC-781-pactos-de-jave.md,"- **Grafia preferida:** Pactos de Javé (Brama / Vishnu / Shiva) - **Variações STT capturadas:** ""pacto entre Javé, Vishnu e Shiva"", ""aliança entre os três"", ""pactos desastrosos"" - "
padrão estruturante espiritual,Matriz Modeladora,RC-210,variacao,etimologia,conceitual,nao,0,verificado,alta,RC-210-matriz-modeladora-matriz-de-cocriacao.md,- **Grafia preferida:** Matriz Modeladora - **Variações:** Matriz Modeladora Eterna; Fonte Primordial Formadora do Todo; padrão estruturante espiritual
padrão genético humano,Especiação Humana — Levas Genéticas,RC-783,variacao,etimologia,referencia_oral,nao,0,verificado,média,RC-783-especiacao-humana-levas-geneticas.md,"- **Grafia preferida:** Especiação Humana — Levas Genéticas - **Variações STT capturadas:** ""levas genéticas"", ""1, 2, 3 levas"", ""padrão genético humano"" - **Idioma de origem:** Por"
Pai-Mãe Amantíssimo,Deidade,RC-047,variacao,etimologia,conceitual,nao,0,verificado,alta,RC-047-deidade-pai-mae-amantissimo-brahman.md,- **Grafia preferida:** Deidade - **Variações:** Pai-Mãe Amantíssimo; Ser Supremo; Brahman; Deus Incognoscível; Fonte
Pan Ku,Brahma,RC-037,variacao,etimologia,conceitual,nao,0,verificado,alta,RC-037-brahma-brajna.md,"- **Grafia preferida:** Brahma - **Variações:** Brajna (condição Adhyatman, antes da queda); identificado a Javé, Caos, Pan Ku, Alá, Atom"
Pandora corta os vínculos,Pandora como Oposição à Estratégia dos Avatares,RC-799,variacao,etimologia,referencia_oral,nao,0,verificado,média,RC-799-pandora-como-oposicao-a-estrategia-dos-avatares.md,"- **Grafia preferida:** Pandora como Oposição à Estratégia dos Avatares - **Variações STT capturadas:** ""Pandora bate duro"", ""Pandora se opõe"", ""Pandora corta os vínculos"" - **Idio"
Pandora destravou mas extrapolou,Pandora como Heroína Controversa,RC-780,variacao,etimologia,conceitual,nao,0,verificado,média,RC-780-pandora-como-heroina-controversa.md,"- **Grafia preferida:** Pandora como Heroína Controversa - **Variações STT capturadas:** ""heroína"", ""heroína controversa"", ""Pandora destravou mas extrapolou"" - **Idioma de origem:*"
Pandora se opõe,Pandora como Oposição à Estratégia dos Avatares,RC-799,variacao,etimologia,referencia_oral,nao,0,verificado,média,RC-799-pandora-como-oposicao-a-estrategia-dos-avatares.md,"- **Grafia preferida:** Pandora como Oposição à Estratégia dos Avatares - **Variações STT capturadas:** ""Pandora bate duro"", ""Pandora se opõe"", ""Pandora corta os vínculos"" - **Idio"
Pangu,Caos = Brahma = Javé,RC-284,variacao,etimologia,referencia_oral,nao,0,em análise,baixa,RC-284-caos-brahma-jave-correspondencia.md,"- **Grafia preferida:** Caos = Brahma = Javé - **Variações:** Caos/Brahma/Javé; Caos (Javé); Caos = Brahma = Javé (cadeia completa com Jeová, Alá, Pangu, Atom) - **Idioma de origem"
papel da serpente,Pandora como Serpente do Éden,RC-283,variacao,etimologia,referencia_oral,nao,0,verificado,alta,RC-283-pandora-como-serpente-do-eden.md,"- **Grafia preferida:** Pandora como Serpente do Éden - **Variações:** a serpente do Éden = Pandora; papel da serpente; a ""serpente"" da tradição bíblica"
pasivagem. Grafia ainda deve ser conferida em áudio,Pashvnaj,RC-455,variacao,etimologia,conceitual,nao,0,verificado,alta,RC-455-pashvnaj-especie-de-43-seres-do-genero-adhy.md,"- Grafia preferida: Pashvnaj. Variações de STT: vinage, fa vinagem, pasivagem. Grafia ainda deve ser conferida em áudio/obra primária. - **Fonte de decisão:** curadoria estrutural "
patriarcado,"Patriarcado desde Pandora (Origem no Feminino, Dominação pelo Masculin",RC-818,variacao,etimologia,referencia_oral,nao,0,verificado,média,RC-818-patriarcado-desde-pandora.md,"- **Grafia preferida:** Patriarcado desde Pandora (Origem no Feminino, Dominação pelo Masculino) - **Variações STT capturadas:** ""patriarcalismo"", ""patriarcado"", ""ferrando feminino"
Pedro (apóstolo,Pedro,RC-945,variacao,etimologia,conceitual,nao,0,verificado,média,RC-945-pedro.md,- **Grafia preferida:** Pedro - **Variações / grafias alternativas:** Pedro (apóstolo) - **Idioma de origem:** — (pessoa; grego «Petros» = pedra)
Perfério,Perpérion,RC-087,variacao,etimologia,conceitual,nao,0,verificado,alta,RC-087-perperion.md,"- Grafia preferida: Perpérion. Variações de STT: Perpério, Perfério, Perpéria, Perpérian. Não confundir com Tempérion. - **Fonte de decisão:** curadoria estrutural C-01 a C-07, 202"
Perpéria,Perpérion,RC-087,variacao,etimologia,conceitual,nao,0,verificado,alta,RC-087-perperion.md,"- Grafia preferida: Perpérion. Variações de STT: Perpério, Perfério, Perpéria, Perpérian. Não confundir com Tempérion. - **Fonte de decisão:** curadoria estrutural C-01 a C-07, 202"
Perpérian. Não confundir com Tempérion,Perpérion,RC-087,variacao,etimologia,conceitual,nao,0,verificado,alta,RC-087-perperion.md,"- Grafia preferida: Perpérion. Variações de STT: Perpério, Perfério, Perpéria, Perpérian. Não confundir com Tempérion. - **Fonte de decisão:** curadoria estrutural C-01 a C-07, 202"
Phanis (Orfismo,Elm,RC-454,variacao,etimologia,conceitual,nao,0,em análise,baixa,RC-454-elm-moros---ser-lm-de-temperion.md,- **Grafia preferida:** Elm - **⚠️ GRAFIA OFICIAL DO EPÍTETO/VARIAÇÃO FONÉTICA (o ser de 4 cabeças): MORREN SO** — consagrada pela Devolutiva O-4 da P2022-09-24 (antes o STT captur
piada,Prometeu como Saca-Nica dos Olímpicos,RC-812,variacao,etimologia,referencia_oral,nao,0,em análise,baixa,RC-812-prometeu-como-saca-nica.md,"- **Grafia preferida:** Prometeu como Saca-Nica dos Olímpicos - **Variações STT capturadas:** ""sacanear"", ""piada"", ""saca-nica"", ""rinha entre os titãs"" - **Idioma de origem:** Portu"
pirataria genômica,Biblioteca Genômica Humana,RC-889,variacao,etimologia,conceitual,nao,0,verificado,média,RC-889-biblioteca-genomica-humana.md,- **Grafia preferida:** Biblioteca Genômica Humana - **Variações:** laboratório genômico; laboratório cósmico; pirataria genômica - **Idioma de origem:** Português
Pirra,Descendência de Pirra,RC-298,variacao,etimologia,conceitual,nao,0,verificado,alta,RC-298-descendencia-de-pirra-pirra-e-deucaliao.md,- **Grafia preferida:** Descendência de Pirra - **Variações:** Pirra e Deucalião; a linhagem de Pirra; o casal Deucalião/Pirra
Pirra e Deucalião,Descendência de Pirra,RC-298,variacao,etimologia,conceitual,nao,0,verificado,alta,RC-298-descendencia-de-pirra-pirra-e-deucaliao.md,- **Grafia preferida:** Descendência de Pirra - **Variações:** Pirra e Deucalião; a linhagem de Pirra; o casal Deucalião/Pirra
planeta Zion,Zian (Zion),RC-146,variacao,etimologia,conceitual,nao,0,verificado,alta,RC-146-zian-zion.md,"- **Grafia preferida:** Zian (Zion) - **Variações:** **Zion** (grafia usada em todo o B057); ""planeta Zion"" - **Obs.:** RC-092 (Quarto Logos / Olm / Codificador de Zian) e RC-252 ("
Plano Colmeia I (no CIP,Plano Colmeia,RC-179,variacao,etimologia,conceitual,nao,0,verificado,alta,RC-179-plano-colmeia-para-o-universo-biologico.md,"- **Grafia preferida:** Plano Colmeia - **Variações:** Plano Colmeia I (no CIP, referente ao Universo Biológico); recriação da ""Colmeia Trimurtina"" em moldes biológicos"
plano de maestria pessoal,Gestão Psíquica e Memórias Complexas,RC-554,variacao,etimologia,referencia_oral,nao,0,verificado,alta,RC-554-gestao-psiquica-e-memorias-complexas.md,"- **Grafia preferida:** Gestão Psíquica e Memórias Complexas - **Variações:** ""Gestão Psíquica"" (capa/curta); expressões afins: ""limpeza das memórias"", ""gestão da 'bagagem espiritu"
Pleroma (correspondência aproximada,Espiritualidade Superior,RC-059,variacao,etimologia,conceitual,nao,0,em análise,baixa,RC-059-espiritualidade-superior.md,"- Grafia preferida: Espiritualidade Superior - Variações: o Todo; o Paraíso; Pleroma (correspondência aproximada, [REVISAR → CHANCELA 10/09/2026 · F040-L5: APROXIMAÇÃO DECLARADA E "
point,Point Interdimensional,RC-896,variacao,etimologia,conceitual,nao,0,verificado,média,RC-896-point-interdimensional.md,- **Grafia preferida:** Point Interdimensional - **Variações:** point; centro de convergência; ponto de encontro - **Idioma de origem:** Inglês (point)
ponte quântica,Memória Quântica dos Elétrons,RC-161,variacao,etimologia,conceitual,nao,0,verificado,alta,RC-161-memoria-quantica-dos-eletrons.md,"- **Grafia preferida:** Memória Quântica dos Elétrons - **Variações:** memória do elétron; elétron como ""agente básico da vida universal""; ponte quântica"
ponto de encontro,Point Interdimensional,RC-896,variacao,etimologia,conceitual,nao,0,verificado,média,RC-896-point-interdimensional.md,- **Grafia preferida:** Point Interdimensional - **Variações:** point; centro de convergência; ponto de encontro - **Idioma de origem:** Inglês (point)
por extensão,Agentes da Vida Universal,RC-148,variacao,etimologia,conceitual,nao,0,verificado,alta,RC-148-agentes-da-vida-universal.md,"- **Grafia preferida:** Agentes da Vida Universal - **Variações:** agentes da vida; agentes da informação cósmica; agentes básicos da vida universal (os elétrons, por extensão) - *"
Portador da Luz,Lúcifer (canônico),RC-078,variacao,etimologia,conceitual,nao,0,verificado,alta,RC-078-lucifer-yel-luzbel.md,- **Grafia preferida:** Lúcifer (canônico); Yel Luzbel (nome biodemo) - **Variações:** Portador da Luz; Estrela da Manhã; anjo caído; diabo (concepção deturpada) - **Idioma de orig
Post truth,Pós-Verdade,RC-892,variacao,etimologia,conceitual,nao,0,verificado,média,RC-892-pos-verdade.md,- **Grafia preferida:** Pós-Verdade - **Variações:** Post truth; pós verdade; falsa verdade - **Idioma de origem:** Inglês (Post truth)
pouco refletidas,Versão Oficial como Construção dos Seguidores,RC-804,variacao,etimologia,referencia_oral,nao,0,verificado,média,RC-804-versao-oficial-como-construcao-dos-seguidores.md,"- **Grafia preferida:** Versão Oficial como Construção dos Seguidores - **Variações STT capturadas:** ""versão oficial"", ""crenças baratas, infantilizadas, pouco refletidas"" - **Idio"
pouso seguro da consciência,Código Filosófico Pessoal,RC-897,variacao,etimologia,conceitual,nao,0,verificado,média,RC-897-codigo-filosofico-pessoal.md,- **Grafia preferida:** Código Filosófico Pessoal - **Variações:** pouso seguro da consciência; princípios e propósitos pessoais - **Idioma de origem:** Português
"povo escolhido"" (traço cultural",Genética Totalitária,RC-325,variacao,etimologia,conceitual,nao,0,verificado,alta,RC-325-genetica-totalitaria.md,"- **Grafia preferida:** Genética Totalitária - **Variações:** estratégia de dominação genética; povos escolhidos; ""povo escolhido"" (traço cultural)"
povos escolhidos,Genética Totalitária,RC-325,variacao,etimologia,conceitual,nao,0,verificado,alta,RC-325-genetica-totalitaria.md,"- **Grafia preferida:** Genética Totalitária - **Variações:** estratégia de dominação genética; povos escolhidos; ""povo escolhido"" (traço cultural)"
Prabrajna (forma curta,Adhyshprabrajna,RC-310,variacao,etimologia,conceitual,nao,0,verificado,alta,RC-310-adhyshprabrajna-adhy-que-caiu.md,- **Grafia preferida:** Adhyshprabrajna - **Variações:** Adhy-Prabrajna; Prabrajna (forma curta); identidade anterior de Brahma/Javé/Alá - **Origem:** sânscrito/composto RC (Adhy +
Prabrajna (RC-152,ADHYPRABRAJNA (grafia do diagrama),RC-410,variacao,etimologia,conceitual,nao,0,verificado,alta,RC-410-adhyprabraja.md,- Grafia preferida: ADHYPRABRAJNA (grafia do diagrama) - Variações: Adhyshprabrajna (RC-310); Prabrajna (RC-152); Prajapati (tradição védica) - Condição: Adhyatman
"Prabrajna"" também grafado como ""Prabrajná",Prabrajna,RC-152,variacao,etimologia,conceitual,nao,0,verificado,alta,RC-152-prabrajna.md,"- **Grafia preferida:** Prabrajna - **Variações:** Prajapati (tradição védica); identidade anterior de Brahma/Javé; ""Prabrajna"" também grafado como ""Prabrajná"" - **Origem:** sânscr"
Prajapati (RC-152,Arquiteto Universal,RC-207,variacao,etimologia,conceitual,nao,0,verificado,alta,RC-207-arquiteto-universal.md,"- **Grafia preferida:** Arquiteto Universal - **Variações:** arquiteto universal (função); divindade menor co-criadora; ""Arquiteto por Excelência""; identidade prévia: Prabrajna/Pra"
Prajapati (tradição védica,Prabrajna,RC-152,variacao,etimologia,conceitual,nao,0,verificado,alta,RC-152-prabrajna.md,"- **Grafia preferida:** Prabrajna - **Variações:** Prajapati (tradição védica); identidade anterior de Brahma/Javé; ""Prabrajna"" também grafado como ""Prabrajná"" - **Origem:** sânscr"
Prajapati (tradição védica,ADHYPRABRAJNA (grafia do diagrama),RC-410,variacao,etimologia,conceitual,nao,0,verificado,alta,RC-410-adhyprabraja.md,- Grafia preferida: ADHYPRABRAJNA (grafia do diagrama) - Variações: Adhyshprabrajna (RC-310); Prabrajna (RC-152); Prajapati (tradição védica) - Condição: Adhyatman
preferências limitantes,Ismos como Limitação Genômica,RC-891,variacao,etimologia,conceitual,nao,0,verificado,média,RC-891-ismos-limitacao-genomica.md,- **Grafia preferida:** Ismos como Limitação Genômica - **Variações:** ismos; preferências limitantes; vícios genômicos - **Idioma de origem:** Português
presente funesto,Desvio de Rota de Pandora (Contra o Plano de Zeus),RC-806,variacao,etimologia,referencia_oral,nao,0,verificado,média,RC-806-desvio-de-rota-de-pandora.md,"- **Grafia preferida:** Desvio de Rota de Pandora (Contra o Plano de Zeus) - **Variações STT capturadas:** ""desvio de rota"", ""deslacre"", ""presente funesto"", ""presente surpresa"" - *"
presente surpresa,Desvio de Rota de Pandora (Contra o Plano de Zeus),RC-806,variacao,etimologia,referencia_oral,nao,0,verificado,média,RC-806-desvio-de-rota-de-pandora.md,"- **Grafia preferida:** Desvio de Rota de Pandora (Contra o Plano de Zeus) - **Variações STT capturadas:** ""desvio de rota"", ""deslacre"", ""presente funesto"", ""presente surpresa"" - *"
presos no universo antimaterial,Prisioneiros da Brahmaloka,RC-260,variacao,etimologia,conceitual,nao,0,verificado,alta,RC-260-prisioneiros-da-brahmaloka.md,"- **Grafia preferida:** Prisioneiros da Brahmaloka - **Variações:** presos no universo antimaterial; ""morada"" de Brahma; prisioneiros da criação"
"prima sai"" (STT fonética",Saibaba como Precursor de Jesus,RC-801,variacao,etimologia,referencia_oral,nao,0,em análise,baixa,RC-801-saibaba-como-precursor-de-jesus.md,"- **Grafia preferida:** Saibaba como Precursor de Jesus - **Variações STT capturadas:** ""Caibá"", ""Caibá"", ""Saibaba"", ""Saibá"", ""saibá"", ""prima sai"" (STT fonética) - **Linhagem encar"
primeira mulher humana racional,Opção Inusitada de Pandora,RC-285,variacao,etimologia,conceitual,nao,0,verificado,alta,RC-285-opcao-inusitada-de-pandora-humanizacao.md,"- **Grafia preferida:** Opção Inusitada de Pandora - **Variações:** opção mental de Hefesto; humanização de Pandora; transferência de fase demo → homo; ""primeira mulher humana raci"
"primeiro pesquisador da família Yel"" (B057",Primeiro Pesquisador (cargo capelino),RC-447,variacao,etimologia,conceitual,nao,0,provisório,média,RC-447-primeiro-pesquisador-cargo-capelino.md,"- **Grafia preferida:** Primeiro Pesquisador (cargo capelino) - **Variações:** ""um dos primeiros pesquisadores da família Yel"" (B057, p. 15); ""primeiro pesquisador da família Yel"" "
"Primeiro Pesquisador"" (B058",Primeiro Pesquisador (cargo capelino),RC-447,variacao,etimologia,conceitual,nao,0,provisório,média,RC-447-primeiro-pesquisador-cargo-capelino.md,"- **Grafia preferida:** Primeiro Pesquisador (cargo capelino) - **Variações:** ""um dos primeiros pesquisadores da família Yel"" (B057, p. 15); ""primeiro pesquisador da família Yel"" "
Princípio Maior,Deus (quando referido ao Incognoscível),RC-052,variacao,etimologia,referencia_oral,nao,0,verificado,alta,RC-052-deus-deus-incognoscivel.md,"- **Grafia preferida:** Deus (quando referido ao Incognoscível); Deus Incognoscível - **Variações:** Deidade Suprema; Fonte; Princípio Maior; Deus Bíblico (= Javé, não confundir)"
princípios e propósitos pessoais,Código Filosófico Pessoal,RC-897,variacao,etimologia,conceitual,nao,0,verificado,média,RC-897-codigo-filosofico-pessoal.md,- **Grafia preferida:** Código Filosófico Pessoal - **Variações:** pouso seguro da consciência; princípios e propósitos pessoais - **Idioma de origem:** Português
prisioneiros da criação,Prisioneiros da Brahmaloka,RC-260,variacao,etimologia,conceitual,nao,0,verificado,alta,RC-260-prisioneiros-da-brahmaloka.md,"- **Grafia preferida:** Prisioneiros da Brahmaloka - **Variações:** presos no universo antimaterial; ""morada"" de Brahma; prisioneiros da criação"
Processador Familiar,Processadores Familiares,RC-446,variacao,etimologia,conceitual,nao,0,verificado,alta,RC-446-processadores-familiares.md,"- **Grafia preferida:** Processadores Familiares - **Variações:** ""Processador Familiar""; ""Processador Yel""; ""Processadores Familiares de Informações"" - **Obs.:** na base, já exist"
processador humano,Qualia como Processamento Humano,RC-894,variacao,etimologia,conceitual,nao,0,verificado,média,RC-894-qualia-processamento-humano.md,"- **Grafia preferida:** Qualia como Processamento Humano - **Variações:** qualia; qualias; experiência biológica; processador humano - **Idioma de origem:** Latim (qualia = ""coisas"
Processador Yel,Processadores Familiares,RC-446,variacao,etimologia,conceitual,nao,0,verificado,alta,RC-446-processadores-familiares.md,"- **Grafia preferida:** Processadores Familiares - **Variações:** ""Processador Familiar""; ""Processador Yel""; ""Processadores Familiares de Informações"" - **Obs.:** na base, já exist"
Processadores Familiares de Informações,Processadores Familiares,RC-446,variacao,etimologia,conceitual,nao,0,verificado,alta,RC-446-processadores-familiares.md,"- **Grafia preferida:** Processadores Familiares - **Variações:** ""Processador Familiar""; ""Processador Yel""; ""Processadores Familiares de Informações"" - **Obs.:** na base, já exist"
processo de humanização do Criador,A Humanização do Criador,RC-245,variacao,etimologia,conceitual,nao,0,verificado,alta,RC-245-a-humanizacao-do-criador.md,- **Grafia preferida:** A Humanização do Criador - **Variações:** processo de humanização do Criador; humanização de Javé
programação genética,Padrão de Consciência Genético por Espécie,RC-807,variacao,etimologia,referencia_oral,nao,0,verificado,média,RC-807-padrao-de-consciencia-genetico-por-especie.md,"- **Grafia preferida:** Padrão de Consciência Genético por Espécie - **Variações STT capturadas:** ""padrão de consciência"", ""programação genética"", ""lacre genético"" - **Idioma de o"
progênie sem face,Prole sem Face (Humanos Modificáveis sem Face Definida),RC-819,variacao,etimologia,referencia_oral,nao,0,verificado,média,RC-819-prole-sem-face.md,"- **Grafia preferida:** Prole sem Face (Humanos Modificáveis sem Face Definida) - **Variações STT capturadas:** ""prole sem face"", ""progênie sem face"", ""humanos terracos"" - **Idioma"
projeto de transferência do código de vida,Projeto Talm,RC-091,variacao,etimologia,conceitual,nao,0,verificado,alta,RC-091-projeto-talm.md,- **Grafia preferida:** Projeto Talm - **Variações:** semeadura da vida biológica; projeto de transferência do código de vida
promessas do retorno,Cápsula do Tempo de Sophia,RC-274,variacao,etimologia,referencia_oral,nao,0,verificado,alta,RC-274-capsula-do-tempo-de-sophia-joao.md,"- **Grafia preferida:** Cápsula do Tempo de Sophia - **Variações:** a ""cápsula do tempo"" (João/Apocalipse); promessas do retorno; ""os tempos são chegados"""
Prometeu,Prometeu (titã),RC-301,variacao,etimologia,conceitual,nao,0,verificado,alta,RC-301-prometeu-tita.md,"- **Grafia preferida:** Prometeu (titã) - **Variações:** Prometeu - **Obs.:** na nota mitológica da ed. 2022 do B087: Prometeu = ""**antevisão**"" (""aquele que vê o futuro""); ""Segund"
propósito existencial,Telos,RC-292,variacao,etimologia,conceitual,nao,0,verificado,alta,RC-292-telos-de-um-deus.md,"- **Grafia preferida:** Telos - **Variações:** telos de um deus; finalidade/missão de um deus; propósito existencial - **Idioma de origem:** grego (τέλος = fim, propósito, finalida"
protoconsciência particularizada,Mônada,RC-149,variacao,etimologia,conceitual,nao,0,verificado,alta,RC-149-monada-monada-espiritual.md,- **Grafia preferida:** Mônada - **Variações:** mônada espiritual; alma; espírito; consciência espiritual particularizada; protoconsciência particularizada - **Origem:** do grego *
pósitrons,Memória dos Elétrons e Arcanos,RC-829,variacao,etimologia,referencia_oral,nao,0,verificado,média,RC-829-memoria-dos-eletrons-e-arcanos.md,"- **Grafia preferida:** Memória dos Elétrons e Arcanos - **Variações STT capturadas:** ""memória dos elétrons"", ""arcanos"", ""inconsciente dos elétrons"", ""memória dos antielétrons"", """
público-alvo do Zohar,Os 270 Mundos,RC-265,variacao,etimologia,conceitual,nao,0,verificado,alta,RC-265-os-270-mundos-profecia-do-zohar.md,"- **Grafia preferida:** Os 270 Mundos - **Variações:** 270 mundos da Criação; ""moradas""/lokas envolvidas; público-alvo do Zohar"
qualia,Qualia como Processamento Humano,RC-894,variacao,etimologia,conceitual,nao,0,verificado,média,RC-894-qualia-processamento-humano.md,"- **Grafia preferida:** Qualia como Processamento Humano - **Variações:** qualia; qualias; experiência biológica; processador humano - **Idioma de origem:** Latim (qualia = ""coisas"
qualias,Qualia como Processamento Humano,RC-894,variacao,etimologia,conceitual,nao,0,verificado,média,RC-894-qualia-processamento-humano.md,"- **Grafia preferida:** Qualia como Processamento Humano - **Variações:** qualia; qualias; experiência biológica; processador humano - **Idioma de origem:** Latim (qualia = ""coisas"
quarentena cósmica,Quarentena Sideral / Cósmica,RC-342,variacao,etimologia,conceitual,nao,0,em análise,baixa,RC-342-quarentena-sideral-cosmica.md,- **Grafia preferida:** Quarentena Sideral / Cósmica - **Variações:** quarentena sideral; quarentena cósmica; isolamento da Terra; ilha cósmica (mundos rebelados) - **Obs.:** termo
quarentena sideral,Quarentena Sideral / Cósmica,RC-342,variacao,etimologia,conceitual,nao,0,em análise,baixa,RC-342-quarentena-sideral-cosmica.md,- **Grafia preferida:** Quarentena Sideral / Cósmica - **Variações:** quarentena sideral; quarentena cósmica; isolamento da Terra; ilha cósmica (mundos rebelados) - **Obs.:** termo
Quarto Logos (RC-092,Olm,RC-252,variacao,etimologia,conceitual,nao,0,verificado,alta,RC-252-olm-codificador-de-zion-zian.md,"- **Grafia preferida:** Olm - **Variações:** Codificador de Zion; Codificador de Zian; Quarto Logos (RC-092); ""Olm (ou Codificador de Zian)"" (B031)"
Quarto Logus (grafia do título do livro de Ellam,Quarto Logos,RC-092,variacao,etimologia,conceitual,nao,0,verificado,alta,RC-092-quarto-logos-olm-codificador-de-zian.md,- **Grafia preferida:** Quarto Logos - **Variações:** Olm; Codificador de Zian (Zion); Quarto Logus (grafia do título do livro de Ellam)
quatro universos-mundos,Planos de Existência da Cabala,RC-264,variacao,etimologia,referencia_oral,nao,0,verificado,alta,RC-264-planos-de-existencia-da-cabala-atziluth-briah-yetzirah-assiah.md,- **Grafia preferida:** Planos de Existência da Cabala - **Variações:** quatro universos-mundos; níveis dimensionais da Cabala; Atziluth/Briah/Yetzirah/Assiah (grafias variam: Atzi
Queda de Lúcifer,Rebelião de Lúcifer,RC-002,variacao,etimologia,conceitual,nao,0,verificado,alta,RC-002-rebeliao-de-lucifer.md,"- **Grafia preferida:** Rebelião de Lúcifer - **Variações:** Queda de Lúcifer; Rebelião dos Anjos (denominação tradicional) - **Obs.:** na narrativa RC, a rebelião é de biodemos (Y"
queda do paraíso,Pecado Original como Narrativa Cruel,RC-893,variacao,etimologia,referencia_oral,nao,0,verificado,média,RC-893-pecado-original-narrativa-cruel.md,- **Grafia preferida:** Pecado Original como Narrativa Cruel - **Variações:** queda do paraíso; expulsão do paraíso; narrativa cruel - **Idioma de origem:** Português
Quinaras,Quinaras / Centauros (seres reais),RC-790,variacao,etimologia,referencia_oral,nao,0,verificado,média,RC-790-quinaras-centauros-seres-reais.md,"- **Grafia preferida:** Quinaras / Centauros (seres reais) - **Variações STT capturadas:** ""Quináas"", ""Quinaras"", ""centauros"", ""onocentauros"", ""centauros esclarecidos"", ""centauros "
Ra-Atom,Ra-Atom / Og-mi,RC-331,variacao,etimologia,conceitual,nao,0,em análise,baixa,RC-331-ra-atom.md,- Grafia preferida: Ra-Atom / Og-mi - Variações: Ra-Atom; Og-mi - Série onomástica: Javé · Brahma · Caos · Ialdabaoth · Alá
rachaças,Lilith como Rakshasa (Espécie Não-Humana),RC-794,variacao,etimologia,referencia_oral,nao,0,verificado,média,RC-794-lilith-como-rakshasa.md,"- **Grafia preferida:** Lilith como Rakshasa (Espécie Não-Humana) - **Variações STT capturadas:** ""Rxassa"", ""Rchaça"", ""Rxaças"", ""rachaças"", ""Lilif"", ""Lili"" - **Idioma de origem:** "
racionalidade destruída,Racionalidade Humana Trucidada,RC-786,variacao,etimologia,conceitual,nao,0,verificado,média,RC-786-racionalidade-humana-trucidada.md,"- **Grafia preferida:** Racionalidade Humana Trucidada - **Variações STT capturadas:** ""racionalidade humana foi trucidada"", ""racionalidade destruída"", ""racionalidade pisada"" - **I"
racionalidade pisada,Racionalidade Humana Trucidada,RC-786,variacao,etimologia,conceitual,nao,0,verificado,média,RC-786-racionalidade-humana-trucidada.md,"- **Grafia preferida:** Racionalidade Humana Trucidada - **Variações STT capturadas:** ""racionalidade humana foi trucidada"", ""racionalidade destruída"", ""racionalidade pisada"" - **I"
Ragnarök,Ragnarok em Marte,RC-395,variacao,etimologia,conceitual,nao,0,verificado,alta,RC-395-ragnarok-em-marte.md,- **Grafia preferida:** Ragnarok em Marte - **Variações:** Ragnarök; o crepúsculo dos deuses (nórdico); explosão que acabou com a atmosfera de Marte
raça humana turbinada,Novo Homo sapiens (evolução que terá de vir),RC-544,variacao,etimologia,referencia_oral,nao,0,verificado,alta,RC-544-novo-homo-sapiens.md,"- **Grafia preferida:** Novo Homo sapiens (evolução que terá de vir) - **Variações capturadas:** ""novo tipo de ser humano"", ""novo ser humano"", ""raça humana turbinada"", ""nova humani"
RC (sigla usada neste projeto,Revelação Cósmica,RC-094,variacao,etimologia,conceitual,nao,0,verificado,alta,RC-094-revelacao-cosmica-conceito.md,- **Grafia preferida:** Revelação Cósmica - **Variações:** Revelações Cósmicas; RC (sigla usada neste projeto)
RC-138,O Fator Judas,RC-365,variacao,etimologia,conceitual,nao,0,verificado,alta,RC-365-o-fator-judas.md,"- **Grafia preferida:** O Fator Judas - **Variações:** Fator Judas; o papel de Judas; Judas Iscariotes (= Yel Am/Yel Liam, RC-138)"
Rchaça,Lilith como Rakshasa (Espécie Não-Humana),RC-794,variacao,etimologia,referencia_oral,nao,0,verificado,média,RC-794-lilith-como-rakshasa.md,"- **Grafia preferida:** Lilith como Rakshasa (Espécie Não-Humana) - **Variações STT capturadas:** ""Rxassa"", ""Rchaça"", ""Rxaças"", ""rachaças"", ""Lilif"", ""Lili"" - **Idioma de origem:** "
rebelião de Lúcifer,13 Livros de Lúcifer com Humanos (Necessários Antes do Fim),RC-833,variacao,etimologia,referencia_oral,nao,0,em análise,baixa,RC-833-13-livros-de-lucifer-com-humanos.md,"- **Grafia preferida:** 13 Livros de Lúcifer com Humanos (Necessários Antes do Fim) - **Variações STT capturadas:** ""13 livros"", ""9 livros"", ""Lúcifer com humanos"", ""rebelião de Lúc"
"Rebelião de Lúcifer"" (RC-002",Revolta Capelina,RC-450,variacao,etimologia,conceitual,nao,0,provisório,média,RC-450-revolta-capelina.md,"- **Grafia preferida:** Revolta Capelina - **Variações:** ""Revolta de Capela""; ""Rebelião dos Anjos Decaídos"" (designação terrena); ""Rebelião de Lúcifer"" (RC-002) - **Obs.:** na nar"
Rebelião dos Anjos (denominação tradicional,Rebelião de Lúcifer,RC-002,variacao,etimologia,conceitual,nao,0,verificado,alta,RC-002-rebeliao-de-lucifer.md,"- **Grafia preferida:** Rebelião de Lúcifer - **Variações:** Queda de Lúcifer; Rebelião dos Anjos (denominação tradicional) - **Obs.:** na narrativa RC, a rebelião é de biodemos (Y"
"Rebelião dos Anjos Decaídos"" (designação terrena",Revolta Capelina,RC-450,variacao,etimologia,conceitual,nao,0,provisório,média,RC-450-revolta-capelina.md,"- **Grafia preferida:** Revolta Capelina - **Variações:** ""Revolta de Capela""; ""Rebelião dos Anjos Decaídos"" (designação terrena); ""Rebelião de Lúcifer"" (RC-002) - **Obs.:** na nar"
rebelião dos antielétrons,Rebelião dos Elétrons (Além da Entropia),RC-826,variacao,etimologia,referencia_oral,nao,0,verificado,média,RC-826-rebeliao-dos-eletrons.md,"- **Grafia preferida:** Rebelião dos Elétrons (Além da Entropia) - **Variações STT capturadas:** ""rebelião dos elétrons"", ""rebelião dos antielétrons"", ""tribunal da Inquisição dos e"
rebelião inconsciente no âmbito dos elétrons,A Rebelião dos Elétrons,RC-378,variacao,etimologia,conceitual,nao,0,verificado,alta,RC-378-a-rebeliao-dos-eletrons.md,"- **Grafia preferida:** A Rebelião dos Elétrons - **Variações:** rebelião inconsciente no âmbito dos elétrons; rebelião íntima dos elétrons; a ""rebelião"" (aspas na obra)"
rebelião íntima dos elétrons,A Rebelião dos Elétrons,RC-378,variacao,etimologia,conceitual,nao,0,verificado,alta,RC-378-a-rebeliao-dos-eletrons.md,"- **Grafia preferida:** A Rebelião dos Elétrons - **Variações:** rebelião inconsciente no âmbito dos elétrons; rebelião íntima dos elétrons; a ""rebelião"" (aspas na obra)"
"recriação da ""Colmeia Trimurtina"" em moldes biológicos",Plano Colmeia,RC-179,variacao,etimologia,conceitual,nao,0,verificado,alta,RC-179-plano-colmeia-para-o-universo-biologico.md,"- **Grafia preferida:** Plano Colmeia - **Variações:** Plano Colmeia I (no CIP, referente ao Universo Biológico); recriação da ""Colmeia Trimurtina"" em moldes biológicos"
rede mental coletiva,Mente Coletiva / Redes Psíquicas Coletivas,RC-188,variacao,etimologia,referencia_oral,nao,0,verificado,alta,RC-188-mente-coletiva-redes-psiquicas-coletivas.md,- **Grafia preferida:** Mente Coletiva / Redes Psíquicas Coletivas. - **Variações:** redes operativas; rede mental coletiva; circuitos fechados de informação.
redes operativas,Mente Coletiva / Redes Psíquicas Coletivas,RC-188,variacao,etimologia,referencia_oral,nao,0,verificado,alta,RC-188-mente-coletiva-redes-psiquicas-coletivas.md,- **Grafia preferida:** Mente Coletiva / Redes Psíquicas Coletivas. - **Variações:** redes operativas; rede mental coletiva; circuitos fechados de informação.
referente ao Universo Biológico,Plano Colmeia,RC-179,variacao,etimologia,conceitual,nao,0,verificado,alta,RC-179-plano-colmeia-para-o-universo-biologico.md,"- **Grafia preferida:** Plano Colmeia - **Variações:** Plano Colmeia I (no CIP, referente ao Universo Biológico); recriação da ""Colmeia Trimurtina"" em moldes biológicos"
referência ao renascimento,Xadrez Cósmico,RC-150,variacao,etimologia,conceitual,nao,0,verificado,alta,RC-150-xadrez-cosmico.md,"- **Grafia preferida:** Xadrez Cósmico - **Variações:** o ""Jogo""; o jogo de samsara (no cap. 15, referência ao renascimento)"
refém da própria obra,Criador refém das próprias criaturas,RC-196,variacao,etimologia,referencia_oral,nao,0,verificado,alta,RC-196-criador-refem-das-proprias-criaturas.md,- Grafia preferida: Criador refém das próprias criaturas - Variações: criador refém; refém da própria obra - Condição conexa: Demência do Criador (RC-526)
regime de submissão de Javé,Teocracia da Doença de uma Divindade,RC-334,variacao,etimologia,referencia_oral,nao,0,verificado,alta,RC-334-teocracia-da-doenca-de-uma-divindade.md,- **Grafia preferida:** Teocracia da Doença de uma Divindade - **Variações:** teocracia da doença; ditadura doentia do Criador; regime de submissão de Javé
registro da BIBLIO,Primeiro Pesquisador (cargo capelino),RC-447,variacao,etimologia,conceitual,nao,0,provisório,média,RC-447-primeiro-pesquisador-cargo-capelino.md,"- **Grafia preferida:** Primeiro Pesquisador (cargo capelino) - **Variações:** ""um dos primeiros pesquisadores da família Yel"" (B057, p. 15); ""primeiro pesquisador da família Yel"" "
Reid,Soca/Reis/Rit como Receptor Universal,RC-821,variacao,etimologia,conceitual,nao,0,verificado,média,RC-821-soca-receptor-universal-trimurti.md,"- **Grafia preferida:** Soca/Reis/Rit como Receptor Universal - **Variações STT capturadas:** ""Socar"", ""Soca"", ""Reis"", ""Reid"", ""Rit"", ""Reit"" - **Idioma de origem:** Português (com "
Reit,Soca/Reis/Rit como Receptor Universal,RC-821,variacao,etimologia,conceitual,nao,0,verificado,média,RC-821-soca-receptor-universal-trimurti.md,"- **Grafia preferida:** Soca/Reis/Rit como Receptor Universal - **Variações STT capturadas:** ""Socar"", ""Soca"", ""Reis"", ""Reid"", ""Rit"", ""Reit"" - **Idioma de origem:** Português (com "
"relacionado a ""Arquitetos Universais",Consórcio de Mundos,RC-538,variacao,etimologia,conceitual,nao,0,verificado,alta,RC-538-consorcio-de-mundos-arquitetos-universais.md,"- **Grafia preferida:** Consórcio de Mundos - **Variações:** ""Consórcio de Mundos"" (B019, sinopse); relacionado a ""Arquitetos Universais"" - **Obs.:** no B019 a expressão aparece na"
religiões impositivas,Judaísmo como Destruidor do Mito de Pandora/Lilith,RC-796,variacao,etimologia,referencia_oral,nao,0,verificado,média,RC-796-judaismo-como-destruidor-do-mito.md,"- **Grafia preferida:** Judaísmo como Destruidor do Mito de Pandora/Lilith - **Variações STT capturadas:** ""judaísmo"", ""escolas religiosas impositivas"", ""religiões impositivas"" - *"
reparo espiritual,Abduções e Reparo Espiritual,RC-359,variacao,etimologia,conceitual,nao,0,verificado,alta,RC-359-abducoes-e-reparo-espiritual.md,- **Grafia preferida:** Abduções e Reparo Espiritual - **Variações:** abduções; sequestros extraterrestres; reparo espiritual
Resposta de Javé - Parte 1 e Parte 2,Resposta de Javé,RC-417,variacao,etimologia,conceitual,nao,0,verificado,alta,RC-417-resposta-de-jave-em-1a-pessoa.md,"- **Grafia preferida:** Resposta de Javé - **Variações:** a resposta do Criador; Resposta de Javé - Parte 1 e Parte 2; ""sou eu que vivo em vocês"" (frase-chave)"
retorno ao circuito cósmico,Reintegração Cósmica,RC-003,variacao,etimologia,conceitual,nao,0,verificado,alta,RC-003-reintegracao-cosmica.md,"- **Grafia preferida:** Reintegração Cósmica - **Variações:** (verificar uso de ""reabilitação"", ""retorno ao circuito cósmico"", ""cidadania planetária"")"
Revolta de Capela,Revolta Capelina,RC-450,variacao,etimologia,conceitual,nao,0,provisório,média,RC-450-revolta-capelina.md,"- **Grafia preferida:** Revolta Capelina - **Variações:** ""Revolta de Capela""; ""Rebelião dos Anjos Decaídos"" (designação terrena); ""Rebelião de Lúcifer"" (RC-002) - **Obs.:** na nar"
Revolta de Pandora,Revolução Inacabada de Prometeu e Pandora,RC-788,variacao,etimologia,referencia_oral,nao,0,verificado,média,RC-788-revolucao-inacabada-de-prometeu-e-pandora.md,"- **Grafia preferida:** Revolução Inacabada de Prometeu e Pandora - **Variações STT capturadas:** ""revolução inacabada"", ""revolta de Prometeu"", ""Revolta de Pandora"" - **Idioma de o"
revolta de Prometeu,Revolução Inacabada de Prometeu e Pandora,RC-788,variacao,etimologia,referencia_oral,nao,0,verificado,média,RC-788-revolucao-inacabada-de-prometeu-e-pandora.md,"- **Grafia preferida:** Revolução Inacabada de Prometeu e Pandora - **Variações STT capturadas:** ""revolução inacabada"", ""revolta de Prometeu"", ""Revolta de Pandora"" - **Idioma de o"
rinha entre os titãs,Prometeu como Saca-Nica dos Olímpicos,RC-812,variacao,etimologia,referencia_oral,nao,0,em análise,baixa,RC-812-prometeu-como-saca-nica.md,"- **Grafia preferida:** Prometeu como Saca-Nica dos Olímpicos - **Variações STT capturadas:** ""sacanear"", ""piada"", ""saca-nica"", ""rinha entre os titãs"" - **Idioma de origem:** Portu"
Rit,Soca/Reis/Rit como Receptor Universal,RC-821,variacao,etimologia,conceitual,nao,0,verificado,média,RC-821-soca-receptor-universal-trimurti.md,"- **Grafia preferida:** Soca/Reis/Rit como Receptor Universal - **Variações STT capturadas:** ""Socar"", ""Soca"", ""Reis"", ""Reid"", ""Rit"", ""Reit"" - **Idioma de origem:** Português (com "
"Rochman"" por erro de STT",Sophia,RC-009,variacao,etimologia,conceitual,nao,0,verificado,alta,RC-009-sophia-cristo-cosmico.md,"- **Grafia preferida:** Sophia - **Variações:** Cristo Cósmico; Suserano Cósmico; ""Jesus em seu corpo glorioso""; Sofia; **Hochmah** (epíteto hebraico = Sabedoria, ver RC-565; grafi"
Rxaças,Lilith como Rakshasa (Espécie Não-Humana),RC-794,variacao,etimologia,referencia_oral,nao,0,verificado,média,RC-794-lilith-como-rakshasa.md,"- **Grafia preferida:** Lilith como Rakshasa (Espécie Não-Humana) - **Variações STT capturadas:** ""Rxassa"", ""Rchaça"", ""Rxaças"", ""rachaças"", ""Lilif"", ""Lili"" - **Idioma de origem:** "
saca-nica,Prometeu como Saca-Nica dos Olímpicos,RC-812,variacao,etimologia,referencia_oral,nao,0,em análise,baixa,RC-812-prometeu-como-saca-nica.md,"- **Grafia preferida:** Prometeu como Saca-Nica dos Olímpicos - **Variações STT capturadas:** ""sacanear"", ""piada"", ""saca-nica"", ""rinha entre os titãs"" - **Idioma de origem:** Portu"
Saibaba,Saibaba como Precursor de Jesus,RC-801,variacao,etimologia,referencia_oral,nao,0,em análise,baixa,RC-801-saibaba-como-precursor-de-jesus.md,"- **Grafia preferida:** Saibaba como Precursor de Jesus - **Variações STT capturadas:** ""Caibá"", ""Caibá"", ""Saibaba"", ""Saibá"", ""saibá"", ""prima sai"" (STT fonética) - **Linhagem encar"
saliva,Pacto Aesir-Vanir como Origem Nórdica da Ideia de Pandora,RC-816,variacao,etimologia,referencia_oral,nao,0,verificado,média,RC-816-pacto-aesir-vanir-origem-pandora.md,"- **Grafia preferida:** Pacto Aesir-Vanir como Origem Nórdica da Ideia de Pandora - **Variações STT capturadas:** ""Aesir"", ""Vanir"", ""Fria"", ""Kvasir"", ""tigela"", ""saliva"" - **Idioma "
sangue de barata,Vechame Existencial (Sangue de Barata = Amor sem Submissão),RC-823,variacao,etimologia,referencia_oral,nao,0,verificado,média,RC-823-vechame-existencial.md,"- **Grafia preferida:** Vechame Existencial (Sangue de Barata = Amor sem Submissão) - **Variações STT capturadas:** ""vechame"", ""vechame existencial"", ""sangue de barata"", ""indiferen"
Santíssima Trindade (nome tradicional,A Falsa Trindade,RC-273,variacao,etimologia,conceitual,nao,0,verificado,alta,RC-273-a-falsa-trindade-concilio-de-niceia.md,"- **Grafia preferida:** A Falsa Trindade - **Variações:** Santíssima Trindade (nome tradicional); Concílio de Niceia (325); ""Falsa Trindade"" (termo de Ellam)"
Sapienza (italiano,Sophia,RC-009,variacao,etimologia,conceitual,nao,0,verificado,alta,RC-009-sophia-cristo-cosmico.md,"- **Grafia preferida:** Sophia - **Variações:** Cristo Cósmico; Suserano Cósmico; ""Jesus em seu corpo glorioso""; Sofia; **Hochmah** (epíteto hebraico = Sabedoria, ver RC-565; grafi"
sata garra,Greve de Fome Genética (Suicídio como Quebra do Código Demoníaco),RC-824,variacao,etimologia,referencia_oral,nao,0,verificado,média,RC-824-greve-de-fome-genetica.md,"- **Grafia preferida:** Greve de Fome Genética (Suicídio como Quebra do Código Demoníaco) - **Variações STT capturadas:** ""greve de fome"", ""sata garra"", ""lona"", ""jejum"" - **Idioma "
Sattva e Tamas,Gunas,RC-151,variacao,etimologia,conceitual,nao,0,verificado,alta,RC-151-gunas-criadoras-sattva-rajas-tamas.md,"- **Grafia preferida:** Gunas - **Variações:** as três Gunas; energias Rajas, Sattva e Tamas; gunas criadoras - **Origem:** sânscrito (guṇa = qualidade/atributo)"
Savna (forma usada no corpus,ADHYSAVNA,RC-409,variacao,etimologia,conceitual,nao,0,verificado,alta,RC-409-adhysavna-nome-completo-de-savna-shiva.md,- **Grafia preferida:** ADHYSAVNA - **Variações:** Adhy-Savna; Savna (forma usada no corpus); Shiva (expressão Adhydaiva) - **Origem:** composto RC (Adhy + Savna)
Sefiroth,Sefirot / Árvore da Vida,RC-263,variacao,etimologia,referencia_oral,nao,0,verificado,alta,RC-263-sefirot-arvore-da-vida.md,- **Grafia preferida:** Sefirot / Árvore da Vida - **Variações:** Sefiroth; Árvore da Vida; dez Emanações da Divindade; Doutrina das Emanações das Sefiroth - **Idioma de origem:** 
"sem código próprio): ""Vontade Maior",Vontade de Progredir,RC-550,variacao,etimologia,conceitual,nao,0,verificado,alta,RC-550-vontade-de-progredir-chave-dos-arquivos-mentais.md,"- **Grafia preferida:** Vontade de Progredir - **Variações:** ""chave da soberania espiritual""; expressões afins (vocabulário da obra, sem código próprio): ""Vontade Maior"", ""Vontade"
sem normalização,"Kris Amon (grafia do curador, 06/09/2026)",RC-934,variacao,etimologia,referencia_oral,nao,0,provisório,média,RC-934-kris-amon.md,"- **Grafia preferida:** Kris Amon (grafia do curador, 06/09/2026) - **Variações / grafias alternativas:** Krysamon (assinatura do próprio material, «Krysamon NEAD») — grafias de ch"
semeadura da vida biológica,Projeto Talm,RC-091,variacao,etimologia,conceitual,nao,0,verificado,alta,RC-091-projeto-talm.md,- **Grafia preferida:** Projeto Talm - **Variações:** semeadura da vida biológica; projeto de transferência do código de vida
Senhor Javé,Javé,RC-001,variacao,etimologia,conceitual,nao,0,verificado,alta,RC-001-jave.md,- **Grafia preferida:** Javé - **Variações:** Senhor Javé; Jeová; Yahweh; YHWH; Deus Bíblico; Brahma (no sistema RC); Criador - **Idioma de origem:** Hebraico (tetragrama YHWH)
Senhores da Lila,Senhores do Dharma,RC-320,variacao,etimologia,conceitual,nao,0,verificado,alta,RC-320-senhores-do-dharma-senhores-da-lila-trimurti.md,"- **Grafia preferida:** Senhores do Dharma - **Variações:** Senhores da Lila; Senhores da Trimurti; os três ""deuses"" do dharma - **Idioma de origem:** sânscrito (dharma) + portuguê"
Senhores da Trimurti,Senhores do Dharma,RC-320,variacao,etimologia,conceitual,nao,0,verificado,alta,RC-320-senhores-do-dharma-senhores-da-lila-trimurti.md,"- **Grafia preferida:** Senhores do Dharma - **Variações:** Senhores da Lila; Senhores da Trimurti; os três ""deuses"" do dharma - **Idioma de origem:** sânscrito (dharma) + portuguê"
Sentido Gradualístico,Sentido Gradualístico das Leis da Evolução Cósmica,RC-404,variacao,etimologia,referencia_oral,nao,0,provisório,média,RC-404-sentido-gradualistico-das-leis-da-evolucao-cosmica.md,- **Grafia preferida:** Sentido Gradualístico das Leis da Evolução Cósmica - **Variações:** Sentido Gradualístico; leis da evolução cósmica; gradualismo cósmico
sequestros extraterrestres,Abduções e Reparo Espiritual,RC-359,variacao,etimologia,conceitual,nao,0,verificado,alta,RC-359-abducoes-e-reparo-espiritual.md,- **Grafia preferida:** Abduções e Reparo Espiritual - **Variações:** abduções; sequestros extraterrestres; reparo espiritual
sequências genéticas,Alimentação por Perfume dos Humanos (Demos se Alimentam de DNA),RC-820,variacao,etimologia,referencia_oral,nao,0,verificado,média,RC-820-alimentacao-por-perfume-dos-humanos.md,"- **Grafia preferida:** Alimentação por Perfume dos Humanos (Demos se Alimentam de DNA) - **Variações STT capturadas:** ""perfume"", ""sequências genéticas"", ""elementos sutis"", ""alime"
sequências genéticas,Código Genético como Marca da Herança Demoníaca,RC-825,variacao,etimologia,referencia_oral,nao,0,verificado,média,RC-825-codigo-genetico-como-marca-heranca-demoniaca.md,"- **Grafia preferida:** Código Genético como Marca da Herança Demoníaca - **Variações STT capturadas:** ""código genético"", ""sequências genéticas"", ""DNA"", ""infecção"", ""marcas"", ""ele"
Ser Supremo,Deidade,RC-047,variacao,etimologia,conceitual,nao,0,verificado,alta,RC-047-deidade-pai-mae-amantissimo-brahman.md,- **Grafia preferida:** Deidade - **Variações:** Pai-Mãe Amantíssimo; Ser Supremo; Brahman; Deus Incognoscível; Fonte
"Ser-Criador fracassado"" (citação da crônica",Ser-Criador fracassado,RC-422,variacao,etimologia,conceitual,nao,0,verificado,alta,RC-422-ser-criador-fracassado-autoconfissao-de-jave.md,"- **Grafia preferida:** Ser-Criador fracassado - **Variações:** Criador fracassado; arquiteto atormentado; Deus doente; ""Ser-Criador fracassado"" (citação da crônica)"
seres demos,Demos,RC-049,variacao,etimologia,conceitual,nao,0,verificado,alta,RC-049-demos.md,"- **Grafia preferida:** Demos - **Variações:** demônios; daemon; ""seres demos""; deuses mitológicos - **Idioma de origem:** grego daimon → latim daemon; no RC, ""demo"" = ""demente"""
seres Sirianos (anfíbios inteligentes) — verificar equivalência exata,Ostronomos,RC-232,variacao,etimologia,conceitual,nao,0,verificado,alta,RC-232-ostronomos.md,- **Grafia preferida:** Ostronomos - **Variações:** Família de Ostronomos; seres Sirianos (anfíbios inteligentes) — verificar equivalência exata
sete módulos do Mentalma,Série Mentalma (5 livros + curso),RC-555,variacao,etimologia,referencia_oral,nao,0,verificado,alta,RC-555-serie-mentalma-5-livros-curso.md,"- **Grafia preferida:** Série Mentalma (5 livros + curso) - **Variações:** ""Mentalma I–VII"" (nomes dos volumes); ""A Yoga do Cotidiano"" (epíteto do método); ""sete módulos do Mentalm"
Shiva,Shiva como Primeiro Demo,RC-810,variacao,etimologia,conceitual,nao,0,verificado,média,RC-810-shiva-como-primeiro-demo.md,"- **Grafia preferida:** Shiva como Primeiro Demo - **Variações STT capturadas:** ""Chiva"", ""Chimo"", ""Chiv"", ""Shiva"", ""Chiva o primeiro demo"" - **Idioma de origem:** Sânscrito (शिव """
Shiva (expressão Adhydaiva,ADHYSAVNA,RC-409,variacao,etimologia,conceitual,nao,0,verificado,alta,RC-409-adhysavna-nome-completo-de-savna-shiva.md,- **Grafia preferida:** ADHYSAVNA - **Variações:** Adhy-Savna; Savna (forma usada no corpus); Shiva (expressão Adhydaiva) - **Origem:** composto RC (Adhy + Savna)
simbiose cósmica,Simbiose Quântica,RC-195,variacao,etimologia,conceitual,nao,0,provisório,média,RC-195-simbiose-quantica.md,- **Grafia preferida:** Simbiose Quântica - **Variações:** simbiose cósmica; interconectividade não-localizada (física quântica)
singularidade de Javé,Javé sem avatares,RC-426,variacao,etimologia,conceitual,nao,0,verificado,alta,RC-426-jave-sem-avatares-nao-tenho-isto.md,"- **Grafia preferida:** Javé sem avatares - **Variações:** ""Não tenho isto!"" (declaração); Javé sem expressões Adhyajna; singularidade de Javé"
sinopse,Consórcio de Mundos,RC-538,variacao,etimologia,conceitual,nao,0,verificado,alta,RC-538-consorcio-de-mundos-arquitetos-universais.md,"- **Grafia preferida:** Consórcio de Mundos - **Variações:** ""Consórcio de Mundos"" (B019, sinopse); relacionado a ""Arquitetos Universais"" - **Obs.:** no B019 a expressão aparece na"
Sinédrio» como grafia fixa,Pôncio Pilatos / Caifás / Sinédrio (verbete agrupado),RC-946,variacao,etimologia,referencia_oral,nao,0,verificado,média,RC-946-poncio-pilatos-caifas-sinedrio.md,- **Grafia preferida:** Pôncio Pilatos / Caifás / Sinédrio (verbete agrupado) - **Variações / grafias alternativas:** (STT «Anais» = Anás; «Sinédrio» como grafia fixa) - **Idioma d
sistema arcaico mental,Sistema Arcaico Mental (Javé Como Abelha Rainha),RC-828,variacao,etimologia,referencia_oral,nao,0,verificado,alta,RC-828-sistema-arcaico-mental-jave-abelha-rainha.md,"- **Grafia preferida:** Sistema Arcaico Mental (Javé Como Abelha Rainha) - **Variações STT capturadas:** ""sistema arcaico"", ""sistema arcaico mental"", ""Javé abelha rainha"", ""clones "
sistema colmeia,Modelo Colmeia,RC-176,variacao,etimologia,conceitual,nao,0,verificado,alta,RC-176-modelo-colmeia-sistema-controle-colmeia.md,"- **Grafia preferida:** Modelo Colmeia - **Variações:** sistema colmeia; controle colmeia; ""modelo colmeia"" (aspas na obra)"
"sistema de Capela"" (B057",Capela (Sistema),RC-039,variacao,etimologia,conceitual,nao,0,verificado,alta,RC-039-capela-sistema.md,"- **Grafia preferida:** Capela (Sistema) - **Variações:** ""sistema solar de Capela""; ""sistema de Capela"" (B057); Alfa Aurigae (nota p. 10) - **Obs.:** no universo RC, ""Capela"" desi"
sistema de castas,Castas Trimurtianas,RC-321,variacao,etimologia,conceitual,nao,0,verificado,alta,RC-321-castas-trimurtianas.md,- **Grafia preferida:** Castas Trimurtianas - **Variações:** sistema de castas; castas arianas/hindus; varna (sânscrito); brâmanes/xátrias/vaixás/sudras
sistema solar de Capela,Capela (Sistema),RC-039,variacao,etimologia,conceitual,nao,0,verificado,alta,RC-039-capela-sistema.md,"- **Grafia preferida:** Capela (Sistema) - **Variações:** ""sistema solar de Capela""; ""sistema de Capela"" (B057); Alfa Aurigae (nota p. 10) - **Obs.:** no universo RC, ""Capela"" desi"
Soca,Soca/Reis/Rit como Receptor Universal,RC-821,variacao,etimologia,conceitual,nao,0,verificado,média,RC-821-soca-receptor-universal-trimurti.md,"- **Grafia preferida:** Soca/Reis/Rit como Receptor Universal - **Variações STT capturadas:** ""Socar"", ""Soca"", ""Reis"", ""Reid"", ""Rit"", ""Reit"" - **Idioma de origem:** Português (com "
Sofia declara humanidade como protetorado,Sophia como Protetorado da Humanidade,RC-784,variacao,etimologia,referencia_oral,nao,0,verificado,média,RC-784-sophia-como-protetorado-da-humanidade.md,"- **Grafia preferida:** Sophia como Protetorado da Humanidade - **Variações STT capturadas:** ""protetorado"", ""nossa protetorado"", ""Sofia declara humanidade como protetorado"" - **Id"
soldados espíritas,Espiritismo com Germe da Poluição Católica/Protestante,RC-805,variacao,etimologia,referencia_oral,nao,0,verificado,média,RC-805-espiritismo-com-germe-da-poluicao-catolica.md,"- **Grafia preferida:** Espiritismo com Germe da Poluição Católica/Protestante - **Variações STT capturadas:** ""espiritismo"", ""germe da poluição"", ""soldados espíritas"", ""ex-católic"
Sophia biodemo,Sophia Como Biodemo da Ordem e Caos,RC-831,variacao,etimologia,referencia_oral,nao,0,verificado,média,RC-831-sophia-como-biodemo-da-ordem-e-caos.md,"- **Grafia preferida:** Sophia Como Biodemo da Ordem e Caos - **Variações STT capturadas:** ""Sophia"", ""Sophia biodemo"", ""comandante Sophia"", ""Sophia ordem e caos"" - **Idioma de ori"
Sophia ordem e caos,Sophia Como Biodemo da Ordem e Caos,RC-831,variacao,etimologia,referencia_oral,nao,0,verificado,média,RC-831-sophia-como-biodemo-da-ordem-e-caos.md,"- **Grafia preferida:** Sophia Como Biodemo da Ordem e Caos - **Variações STT capturadas:** ""Sophia"", ""Sophia biodemo"", ""comandante Sophia"", ""Sophia ordem e caos"" - **Idioma de ori"
"sou eu que vivo em vocês"" (frase-chave",Resposta de Javé,RC-417,variacao,etimologia,conceitual,nao,0,verificado,alta,RC-417-resposta-de-jave-em-1a-pessoa.md,"- **Grafia preferida:** Resposta de Javé - **Variações:** a resposta do Criador; Resposta de Javé - Parte 1 e Parte 2; ""sou eu que vivo em vocês"" (frase-chave)"
STT «Anais» = Anás,Pôncio Pilatos / Caifás / Sinédrio (verbete agrupado),RC-946,variacao,etimologia,referencia_oral,nao,0,verificado,média,RC-946-poncio-pilatos-caifas-sinedrio.md,- **Grafia preferida:** Pôncio Pilatos / Caifás / Sinédrio (verbete agrupado) - **Variações / grafias alternativas:** (STT «Anais» = Anás; «Sinédrio» como grafia fixa) - **Idioma d
STT: Anterium,Antérion,RC-597,variacao,etimologia,conceitual,nao,0,verificado,média,RC-597-anterion.md,"- Grafia canônica fixada pelo curador: Antérion. Variações STT: Anterium, Antério, Antteré, ané. - **Fonte de decisão:** Quadro 9 aprovado pelo curador."
STT: Tempérium,Tempérion,RC-472,variacao,etimologia,conceitual,nao,0,verificado,alta,RC-472-temperion-archeon-de-ereon-setor-dos-seres-lm.md,"- Grafia preferida: Tempérion. Variações históricas/STT: Tempérium, Tempério. Não é variação de Perpérion. - **Fonte de decisão:** curadoria estrutural C-01 a C-07, 2026-08-14."
subproduto da ignorância espiritual,O Mal,RC-223,variacao,etimologia,conceitual,nao,0,verificado,alta,RC-223-o-mal-subproduto-da-ignorancia-espiritual.md,- **Grafia preferida:** O Mal: Subproduto da Ignorância Espiritual - **Variações:** mal como ignorância; subproduto da ignorância espiritual
sudras,Castas Trimurtianas,RC-321,variacao,etimologia,conceitual,nao,0,verificado,alta,RC-321-castas-trimurtianas.md,- **Grafia preferida:** Castas Trimurtianas - **Variações:** sistema de castas; castas arianas/hindus; varna (sânscrito); brâmanes/xátrias/vaixás/sudras
Sudz (Eslava,Elm,RC-454,variacao,etimologia,conceitual,nao,0,em análise,baixa,RC-454-elm-moros---ser-lm-de-temperion.md,- **Grafia preferida:** Elm - **⚠️ GRAFIA OFICIAL DO EPÍTETO/VARIAÇÃO FONÉTICA (o ser de 4 cabeças): MORREN SO** — consagrada pela Devolutiva O-4 da P2022-09-24 (antes o STT captur
supercontrole informacional,Big Data Cósmico,RC-194,variacao,etimologia,conceitual,nao,0,verificado,alta,RC-194-big-data-cosmico.md,"- **Grafia preferida:** Big Data Cósmico - **Variações:** ""big data"" do Criador; supercontrole informacional; monitoramento genético cósmico"
Suserano Cósmico,Sophia,RC-009,variacao,etimologia,conceitual,nao,0,verificado,alta,RC-009-sophia-cristo-cosmico.md,"- **Grafia preferida:** Sophia - **Variações:** Cristo Cósmico; Suserano Cósmico; ""Jesus em seu corpo glorioso""; Sofia; **Hochmah** (epíteto hebraico = Sabedoria, ver RC-565; grafi"
Tau Ceti,Tau Ceti (Sistema),RC-103,variacao,etimologia,conceitual,nao,0,verificado,alta,RC-103-tau-ceti-sistema.md,"- **Grafia preferida:** Tau Ceti (Sistema) - **Variações:** ""Tau Ceti""; constelação de Cetus (nota) - **Obs.:** a nota astronômica vem da ed. 2022 (adaptador) — **quarentena instit"
telos de um deus,Telos,RC-292,variacao,etimologia,conceitual,nao,0,verificado,alta,RC-292-telos-de-um-deus.md,"- **Grafia preferida:** Telos - **Variações:** telos de um deus; finalidade/missão de um deus; propósito existencial - **Idioma de origem:** grego (τέλος = fim, propósito, finalida"
Temis,Temis (Têmis) como Mãe-de-Pandora (Co-clonadora),RC-815,variacao,etimologia,referencia_oral,nao,0,verificado,média,RC-815-temis-como-mae-de-pandora.md,"- **Grafia preferida:** Temis (Têmis) como Mãe-de-Pandora (Co-clonadora) - **Variações STT capturadas:** ""Temes"", ""tênis"", ""Temis"" - **Idioma de origem:** Grego (Θέμις Thémis = ""le"
Tempério. Não é variação de Perpérion,Tempérion,RC-472,variacao,etimologia,conceitual,nao,0,verificado,alta,RC-472-temperion-archeon-de-ereon-setor-dos-seres-lm.md,"- Grafia preferida: Tempérion. Variações históricas/STT: Tempérium, Tempério. Não é variação de Perpérion. - **Fonte de decisão:** curadoria estrutural C-01 a C-07, 2026-08-14."
teocracia da doença,Teocracia da Doença de uma Divindade,RC-334,variacao,etimologia,referencia_oral,nao,0,verificado,alta,RC-334-teocracia-da-doenca-de-uma-divindade.md,- **Grafia preferida:** Teocracia da Doença de uma Divindade - **Variações:** teocracia da doença; ditadura doentia do Criador; regime de submissão de Javé
Teogonia,Zeus,RC-145,variacao,etimologia,conceitual,nao,0,verificado,alta,RC-145-zeus.md,"- **Grafia preferida:** Zeus - **Variações:** ""deus do Olimpo""; ""chefe dos deuses"" (nota — Hesíodo, ""Teogonia""; ""Hinos Homéricos"") - **Obs.:** na nota mitológica da ed. 2022 do B08"
tigela,Pacto Aesir-Vanir como Origem Nórdica da Ideia de Pandora,RC-816,variacao,etimologia,referencia_oral,nao,0,verificado,média,RC-816-pacto-aesir-vanir-origem-pandora.md,"- **Grafia preferida:** Pacto Aesir-Vanir como Origem Nórdica da Ideia de Pandora - **Variações STT capturadas:** ""Aesir"", ""Vanir"", ""Fria"", ""Kvasir"", ""tigela"", ""saliva"" - **Idioma "
timi,Timé,RC-293,variacao,etimologia,conceitual,nao,0,verificado,alta,RC-293-time-de-um-deus.md,"- **Grafia preferida:** Timé - **Variações:** timi; honra/domínio de um deus; equivalente sânscrito: varna - **Idioma de origem:** grego (τιμή = honra, valor, prerrogativa)"
tormentas magnéticas,Fenômenos Denunciadores do Fim,RC-314,variacao,etimologia,conceitual,nao,0,verificado,alta,RC-314-fenomenos-denunciadores-do-fim.md,- **Grafia preferida:** Fenômenos Denunciadores do Fim - **Variações:** fenômenos do fim; tormentas magnéticas; fenômenos denunciadores (título de capítulo em B035 e B022)
tragado,Pandemia de Buraco Branco que Traga (Javé Tragado pela Criação),RC-809,variacao,etimologia,referencia_oral,nao,0,verificado,média,RC-809-pandemia-buraco-branco-que-traga.md,"- **Grafia preferida:** Pandemia de Buraco Branco que Traga (Javé Tragado pela Criação) - **Variações STT capturadas:** ""buraco branco"", ""buraco negro"", ""tragado"", ""criação tragou"""
transferência de fase demo → homo,Opção Inusitada de Pandora,RC-285,variacao,etimologia,conceitual,nao,0,verificado,alta,RC-285-opcao-inusitada-de-pandora-humanizacao.md,"- **Grafia preferida:** Opção Inusitada de Pandora - **Variações:** opção mental de Hefesto; humanização de Pandora; transferência de fase demo → homo; ""primeira mulher humana raci"
Transfiguração de Jesus,O Enigma da Transfiguração,RC-366,variacao,etimologia,conceitual,nao,0,verificado,alta,RC-366-o-enigma-da-transfiguracao.md,- **Grafia preferida:** O Enigma da Transfiguração - **Variações:** Transfiguração de Jesus; alteração vibratória; o encontro com Moisés e Elias
transições orbitais (termo científico,Dança dos Elétrons,RC-379,variacao,etimologia,conceitual,nao,0,verificado,alta,RC-379-danca-dos-eletrons.md,- **Grafia preferida:** Dança dos Elétrons - **Variações:** jogo dos elétrons; dança dos elétrons (metáfora); transições orbitais (termo científico)
tribunal da Inquisição dos elétrons,Rebelião dos Elétrons (Além da Entropia),RC-826,variacao,etimologia,referencia_oral,nao,0,verificado,média,RC-826-rebeliao-dos-eletrons.md,"- **Grafia preferida:** Rebelião dos Elétrons (Além da Entropia) - **Variações STT capturadas:** ""rebelião dos elétrons"", ""rebelião dos antielétrons"", ""tribunal da Inquisição dos e"
Tsimtsum,Tzimtzum,RC-008,variacao,etimologia,conceitual,nao,0,verificado,alta,RC-008-tzimtzum.md,"- **Grafia preferida:** Tzimtzum - **Variações:** Tsimtsum; contração de Deus; exílio de Deus dentro da própria Criação; ""implosão do Corpo Mental"" - **Idioma de origem:** hebraico"
tênis,Temis (Têmis) como Mãe-de-Pandora (Co-clonadora),RC-815,variacao,etimologia,referencia_oral,nao,0,verificado,média,RC-815-temis-como-mae-de-pandora.md,"- **Grafia preferida:** Temis (Têmis) como Mãe-de-Pandora (Co-clonadora) - **Variações STT capturadas:** ""Temes"", ""tênis"", ""Temis"" - **Idioma de origem:** Grego (Θέμις Thémis = ""le"
"um dos primeiros pesquisadores da família Yel"" (B057",Primeiro Pesquisador (cargo capelino),RC-447,variacao,etimologia,conceitual,nao,0,provisório,média,RC-447-primeiro-pesquisador-cargo-capelino.md,"- **Grafia preferida:** Primeiro Pesquisador (cargo capelino) - **Variações:** ""um dos primeiros pesquisadores da família Yel"" (B057, p. 15); ""primeiro pesquisador da família Yel"" "
universo biológico,Universo Material,RC-107,variacao,etimologia,conceitual,nao,0,verificado,alta,RC-107-universo-material-bhuloka.md,- **Grafia preferida:** Universo Material - **Variações:** Bhuloka (sânscrito); nosso universo; universo biológico
Universo de Caos,Eon de Khaos,RC-294,variacao,etimologia,conceitual,nao,0,verificado,alta,RC-294-eon-de-khaos-universo-de-caos.md,- **Grafia preferida:** Eon de Khaos - **Variações:** Universo de Caos; Eon de Khaos (grafia grega); genos/eons (moradas) - **Idioma de origem:** grego (αιών = era/mundo; khaos = c
universo demo,Universo Antimaterial,RC-106,variacao,etimologia,conceitual,nao,0,verificado,alta,RC-106-universo-antimaterial-brahmaloka-universo-paralelo.md,- **Grafia preferida:** Universo Antimaterial - **Variações:** Universo Paralelo (sinônimo); Brahmaloka (termo sânscrito); universo demo
Universo Paralelo (sinônimo,Universo Antimaterial,RC-106,variacao,etimologia,conceitual,nao,0,verificado,alta,RC-106-universo-antimaterial-brahmaloka-universo-paralelo.md,- **Grafia preferida:** Universo Antimaterial - **Variações:** Universo Paralelo (sinônimo); Brahmaloka (termo sânscrito); universo demo
vaixás,Castas Trimurtianas,RC-321,variacao,etimologia,conceitual,nao,0,verificado,alta,RC-321-castas-trimurtianas.md,- **Grafia preferida:** Castas Trimurtianas - **Variações:** sistema de castas; castas arianas/hindus; varna (sânscrito); brâmanes/xátrias/vaixás/sudras
Val Dimon (biodemo) → Pandora (humanizada,Val Dimon,RC-118,variacao,etimologia,conceitual,nao,0,verificado,alta,RC-118-val-dimon.md,- Grafia preferida: Val Dimon - Variações: Val Dimon (biodemo) → Pandora (humanizada) - Família: Val (RC-109)
Val El,Val El / Val Ellam,RC-120,variacao,etimologia,referencia_oral,nao,0,provisório,média,RC-120-val-el.md,- Grafia preferida: Val El / Val Ellam - Variações: Val El; Val Ellam - Família: Val (RC-109) · Autor: Jan Val Ellam (RC-071)
Vanir,Pacto Aesir-Vanir como Origem Nórdica da Ideia de Pandora,RC-816,variacao,etimologia,referencia_oral,nao,0,verificado,média,RC-816-pacto-aesir-vanir-origem-pandora.md,"- **Grafia preferida:** Pacto Aesir-Vanir como Origem Nórdica da Ideia de Pandora - **Variações STT capturadas:** ""Aesir"", ""Vanir"", ""Fria"", ""Kvasir"", ""tigela"", ""saliva"" - **Idioma "
varna (sânscrito,Castas Trimurtianas,RC-321,variacao,etimologia,conceitual,nao,0,verificado,alta,RC-321-castas-trimurtianas.md,- **Grafia preferida:** Castas Trimurtianas - **Variações:** sistema de castas; castas arianas/hindus; varna (sânscrito); brâmanes/xátrias/vaixás/sudras
vechame existencial,Vechame Existencial (Sangue de Barata = Amor sem Submissão),RC-823,variacao,etimologia,referencia_oral,nao,0,verificado,média,RC-823-vechame-existencial.md,"- **Grafia preferida:** Vechame Existencial (Sangue de Barata = Amor sem Submissão) - **Variações STT capturadas:** ""vechame"", ""vechame existencial"", ""sangue de barata"", ""indiferen"
ver RC-020,Exilados de Capela,RC-007,variacao,etimologia,conceitual,nao,0,verificado,alta,RC-007-exilados-de-capela.md,"- **Grafia preferida:** Exilados de Capela - **Variações:** Anjos caídos (equivalência parcial, ver RC-020); Espíritos exilados de Capela"
ver RC-565,Sophia,RC-009,variacao,etimologia,conceitual,nao,0,verificado,alta,RC-009-sophia-cristo-cosmico.md,"- **Grafia preferida:** Sophia - **Variações:** Cristo Cósmico; Suserano Cósmico; ""Jesus em seu corpo glorioso""; Sofia; **Hochmah** (epíteto hebraico = Sabedoria, ver RC-565; grafi"
"verificar uso de ""reabilitação",Reintegração Cósmica,RC-003,variacao,etimologia,conceitual,nao,0,verificado,alta,RC-003-reintegracao-cosmica.md,"- **Grafia preferida:** Reintegração Cósmica - **Variações:** (verificar uso de ""reabilitação"", ""retorno ao circuito cósmico"", ""cidadania planetária"")"
verificação de fidelidade B031,Jan Val Ellam,RC-071,variacao,etimologia,conceitual,nao,0,verificado,alta,RC-071-jan-val-ellam-rogerio-de-almeida-freitas.md,"- **Grafia preferida:** Jan Val Ellam - **Variações fundidas neste termo** (verificação de fidelidade B031, 2026-08-26): Val · Val El · Val Ellam · Jan Val Ellam — os nomes pessoai"
Vishnu (expressão Adhydaiva,ADHYMAVATANA,RC-408,variacao,etimologia,conceitual,nao,0,verificado,alta,RC-408-adhymavatana-nome-completo-de-mavatna-vishnu.md,- **Grafia preferida:** ADHYMAVATANA - **Variações:** Adhy-Mavatana; Mavatna (forma usada no corpus); Vishnu (expressão Adhydaiva) - **Origem:** composto RC (Adhy + Mavatna)
Vishnu e Shiva,Pactos de Javé (Brama / Vishnu / Shiva),RC-781,variacao,etimologia,referencia_oral,nao,0,verificado,média,RC-781-pactos-de-jave.md,"- **Grafia preferida:** Pactos de Javé (Brama / Vishnu / Shiva) - **Variações STT capturadas:** ""pacto entre Javé, Vishnu e Shiva"", ""aliança entre os três"", ""pactos desastrosos"" - "
viva sem se perguntar,Conceito Abaiano (Fazer Sem Esperar Receber),RC-793,variacao,etimologia,referencia_oral,nao,0,verificado,média,RC-793-conceito-abaiano.md,"- **Grafia preferida:** Conceito Abaiano (Fazer Sem Esperar Receber) - **Variações STT capturadas:** ""conceito abaiano"", ""viva sem se perguntar"", ""faça sem esperar receber"" - **Idi"
vontade de ficar só,Pulsação dos Elétrons Como Afetividade Humana,RC-832,variacao,etimologia,referencia_oral,nao,0,verificado,média,RC-832-pulsacao-dos-eletrons-como-afetividade.md,"- **Grafia preferida:** Pulsação dos Elétrons Como Afetividade Humana - **Variações STT capturadas:** ""pulsação dos elétrons"", ""comportamento biológico"", ""afetividade"", ""identidade"
Vontade do Ser,Vontade de Progredir,RC-550,variacao,etimologia,conceitual,nao,0,verificado,alta,RC-550-vontade-de-progredir-chave-dos-arquivos-mentais.md,"- **Grafia preferida:** Vontade de Progredir - **Variações:** ""chave da soberania espiritual""; expressões afins (vocabulário da obra, sem código próprio): ""Vontade Maior"", ""Vontade"
vontade mental do ser,Vontade de Progredir,RC-550,variacao,etimologia,conceitual,nao,0,verificado,alta,RC-550-vontade-de-progredir-chave-dos-arquivos-mentais.md,"- **Grafia preferida:** Vontade de Progredir - **Variações:** ""chave da soberania espiritual""; expressões afins (vocabulário da obra, sem código próprio): ""Vontade Maior"", ""Vontade"
Vontade soberana pessoal,Vontade de Progredir,RC-550,variacao,etimologia,conceitual,nao,0,verificado,alta,RC-550-vontade-de-progredir-chave-dos-arquivos-mentais.md,"- **Grafia preferida:** Vontade de Progredir - **Variações:** ""chave da soberania espiritual""; expressões afins (vocabulário da obra, sem código próprio): ""Vontade Maior"", ""Vontade"
vícios genômicos,Ismos como Limitação Genômica,RC-891,variacao,etimologia,conceitual,nao,0,verificado,média,RC-891-ismos-limitacao-genomica.md,- **Grafia preferida:** Ismos como Limitação Genômica - **Variações:** ismos; preferências limitantes; vícios genômicos - **Idioma de origem:** Português
xátrias,Castas Trimurtianas,RC-321,variacao,etimologia,conceitual,nao,0,verificado,alta,RC-321-castas-trimurtianas.md,- **Grafia preferida:** Castas Trimurtianas - **Variações:** sistema de castas; castas arianas/hindus; varna (sânscrito); brâmanes/xátrias/vaixás/sudras
Yahweh,Javé,RC-001,variacao,etimologia,conceitual,nao,0,verificado,alta,RC-001-jave.md,- **Grafia preferida:** Javé - **Variações:** Senhor Javé; Jeová; Yahweh; YHWH; Deus Bíblico; Brahma (no sistema RC); Criador - **Idioma de origem:** Hebraico (tetragrama YHWH)
Yel Liam,O Fator Judas,RC-365,variacao,etimologia,conceitual,nao,0,verificado,alta,RC-365-o-fator-judas.md,"- **Grafia preferida:** O Fator Judas - **Variações:** Fator Judas; o papel de Judas; Judas Iscariotes (= Yel Am/Yel Liam, RC-138)"
Yel Luzbel,Yel Luzbel Como Aventureiro Isolado (2.000 Anos),RC-830,variacao,etimologia,referencia_oral,nao,0,verificado,média,RC-830-yel-luzbel-como-aventureiro-isolado.md,"- **Grafia preferida:** Yel Luzbel Como Aventureiro Isolado (2.000 Anos) - **Variações STT capturadas:** ""Yel Luzbel"", ""Yel Luzbel"", ""Yusbel"" (pode ser corruptela de ""Lúcifer""?) - "
Yetzirah,Planos de Existência da Cabala,RC-264,variacao,etimologia,referencia_oral,nao,0,verificado,alta,RC-264-planos-de-existencia-da-cabala-atziluth-briah-yetzirah-assiah.md,- **Grafia preferida:** Planos de Existência da Cabala - **Variações:** quatro universos-mundos; níveis dimensionais da Cabala; Atziluth/Briah/Yetzirah/Assiah (grafias variam: Atzi
Yetzirá,Planos de Existência da Cabala,RC-264,variacao,etimologia,referencia_oral,nao,0,verificado,alta,RC-264-planos-de-existencia-da-cabala-atziluth-briah-yetzirah-assiah.md,- **Grafia preferida:** Planos de Existência da Cabala - **Variações:** quatro universos-mundos; níveis dimensionais da Cabala; Atziluth/Briah/Yetzirah/Assiah (grafias variam: Atzi
YHWH,Javé,RC-001,variacao,etimologia,conceitual,nao,0,verificado,alta,RC-001-jave.md,- **Grafia preferida:** Javé - **Variações:** Senhor Javé; Jeová; Yahweh; YHWH; Deus Bíblico; Brahma (no sistema RC); Criador - **Idioma de origem:** Hebraico (tetragrama YHWH)
"Yusbel"" (pode ser corruptela de ""Lúcifer""?",Yel Luzbel Como Aventureiro Isolado (2.000 Anos),RC-830,variacao,etimologia,referencia_oral,nao,0,verificado,média,RC-830-yel-luzbel-como-aventureiro-isolado.md,"- **Grafia preferida:** Yel Luzbel Como Aventureiro Isolado (2.000 Anos) - **Variações STT capturadas:** ""Yel Luzbel"", ""Yel Luzbel"", ""Yusbel"" (pode ser corruptela de ""Lúcifer""?) - "
"Zeus e a Impensável ""Era dos Humanos",Era dos Humanos,RC-297,variacao,etimologia,conceitual,nao,0,verificado,alta,RC-297-era-dos-humanos-zeus-e-a.md,"- **Grafia preferida:** Era dos Humanos - **Variações:** Zeus e a Impensável ""Era dos Humanos""; a era em que os humanos imperam"
Zont En Drel,Zont En Drel 29,RC-147,variacao,etimologia,conceitual,nao,0,em análise,baixa,RC-147-zont-en-drel-29.md,"- **Grafia preferida:** Zont En Drel 29 - **Variações:** Zont En Drel; ""o guardião do Éden""; guardião universal (apresentação) - **Obs.:** em B015, refere-se aos irmãos como ""endre"
Zont En Drel (pré-nome dos despertos,En Drel,RC-055,variacao,etimologia,conceitual,nao,0,verificado,alta,RC-055-en-drel.md,"- **Grafia preferida:** En Drel - **Variações:** Família En Drel; membros chamados ""endrelnianos"" (B015); Zont En Drel (pré-nome dos despertos)"
Árvore da Vida,Sefirot / Árvore da Vida,RC-263,variacao,etimologia,referencia_oral,nao,0,verificado,alta,RC-263-sefirot-arvore-da-vida.md,- **Grafia preferida:** Sefirot / Árvore da Vida - **Variações:** Sefiroth; Árvore da Vida; dez Emanações da Divindade; Doutrina das Emanações das Sefiroth - **Idioma de origem:** 
Éden como laboratório,Éden do Criador,RC-242,variacao,etimologia,conceitual,nao,0,verificado,alta,RC-242-eden-do-criador-eden-como-laboratorio.md,"- **Grafia preferida:** Éden do Criador - **Variações:** Éden terrestre; Jardim do Éden (tradicional); ""Éden como laboratório""; núcleos edênicos"
Éden terrestre,Éden do Criador,RC-242,variacao,etimologia,conceitual,nao,0,verificado,alta,RC-242-eden-do-criador-eden-como-laboratorio.md,"- **Grafia preferida:** Éden do Criador - **Variações:** Éden terrestre; Jardim do Éden (tradicional); ""Éden como laboratório""; núcleos edênicos"
